age_y,std_Min_Playing,grp_prod,grp_progress,grp_chance,grp_stability,grp_defense,score_position,score_style,ability,style_confidence,npxG90,xAG90,SCA90,PrgPass90,PrgCarry90,TakeOn90,TklInt90,AttPenT90,KP90,PassPct,AerPct,MinPct,has_prev,d_ability,d_grp_prod,d_grp_progress,d_grp_chance,d_grp_stability,d_grp_defense,d_npxG90,d_xAG90,d_SCA90,d_PrgCarry90,d_PrgPass90,d_MinPct,d_std_Min_Playing,pos_DF,pos_FW,pos_MF,sty_공격형 MF,sty_공격형 풀백,sty_돌파형 윙어,sty_딥 플레이메이커,sty_박스 포처,sty_볼 운반형,sty_빌드업 수비수,sty_수비형 파괴자,sty_스토퍼,sty_연결형 공격수,sty_타겟맨,fbref_id,season,survived,fut_ability_v2
22.0,2782.0,68.3,57.0,56.7,36.9,56.5,54.5,58.3,56.4,0.61,0.12940330697340044,0.10028756290438534,2.652767792954709,4.9173256649892165,4.787922358015816,0.6470165348670022,2.9115744069015097,2.97627606038821,1.2293314162473041,75.2,33.7,81.3,0.0,,,,,,,,,,,,,,0.0,0.0,1.0,1.0,0.0,0.0,0.0,0.0,0.0,0.0,0.0,0.0,0.0,0.0,0000acda,2018,1,46.0
21.0,3105.0,49.3,40.7,21.5,49.5,48.5,44.5,43.4,44.0,0.7,0.043478260869565216,0.005797101449275362,0.4057971014492754,2.7246376811594204,2.550724637681159,0.17391304347826086,3.0144927536231885,0.5797101449275363,0.08695652173913043,77.9,66.7,90.8,0.0,,,,,,,,,,,,,,1.0,0.0,0.0,0.0,0.0,0.0,0.0,0.0,0.0,1.0,0.0,0.0,0.0,0.0,00242715,2018,1,51.5
22.0,1473.0,47.6,52.2,82.4,20.6,35.5,40.4,51.2,45.8,1.84,0.018329938900203666,0.06109979633401222,1.8940936863543787,3.1771894093686353,3.910386965376782,1.5274949083503055,2.505091649694501,0.855397148676171,0.7942973523421588,65.6,45.2,43.1,0.0,,,,,,,,,,,,,,1.0,0.0,0.0,0.0,1.0,0.0,0.0,0.0,0.0,0.0,0.0,0.0,0.0,0.0,00528660,2018,0,
21.0,1864.0,65.7,32.5,62.6,19.0,46.9,42.9,41.2,42.0,0.07,0.10622317596566525,0.1883047210300429,2.4141630901287554,2.26931330472103,2.9452789699570814,1.448497854077253,2.0761802575107295,2.0278969957081543,1.3036480686695278,69.1,32.3,60.9,0.0,,,,,,,,,,,,,,0.0,0.0,1.0,0.0,0.0,0.0,0.0,0.0,1.0,0.0,0.0,0.0,0.0,0.0,016ff750,2018,1,46.4
18.0,1263.0,34.3,21.3,23.3,29.6,71.7,32.9,49.3,41.1,0.42,0.0498812351543943,0.06413301662707839,1.2826603325415677,2.992874109263658,2.4228028503562946,0.6413301662707839,3.0641330166270784,0.6413301662707839,0.6413301662707839,70.4,55.3,41.3,0.0,,,,,,,,,,,,,,0.0,0.0,1.0,0.0,0.0,0.0,0.0,0.0,0.0,0.0,1.0,0.0,0.0,0.0,01c3aff5,2018,1,57.8
22.0,2253.0,81.6,60.5,73.7,14.3,26.0,51.9,54.9,53.4,0.41,0.23568575233022637,0.10785619174434088,2.9161118508655126,3.03595206391478,6.7110519307589875,2.5565912117177096,2.316910785619174,5.512649800266312,1.1984021304926764,72.2,17.9,65.9,0.0,,,,,,,,,,,,,,0.0,0.0,1.0,0.0,0.0,0.0,0.0,0.0,1.0,0.0,0.0,0.0,0.0,0.0,01eb744d,2018,1,61.1
22.0,2713.0,64.8,55.1,48.0,38.4,56.1,52.0,52.3,52.2,0.16,0.09288610394397345,0.109472908219683,2.123110947290822,4.312569111684482,5.075562108367121,0.9952082565425727,2.55436785845927,2.0899373387394027,0.9288610394397345,78.8,53.1,79.3,0.0,,,,,,,,,,,,,,0.0,0.0,1.0,0.0,0.0,0.0,0.0,0.0,1.0,0.0,0.0,0.0,0.0,0.0,01efac19,2018,1,55.3
23.0,3116.0,59.0,64.4,70.9,30.3,14.8,36.4,50.5,43.4,2.07,0.03465982028241335,0.05776636713735559,1.96405648267009,2.801668806161746,8.202824133504494,2.3106546854942236,2.22400513478819,1.4441591784338896,0.837612323491656,77.4,20.5,91.1,0.0,,,,,,,,,,,,,,1.0,0.0,0.0,0.0,1.0,0.0,0.0,0.0,0.0,0.0,0.0,0.0,0.0,0.0,02caf6e0,2018,1,44.2
22.0,1618.0,56.1,71.0,84.0,24.2,44.9,60.3,54.4,57.4,0.01,0.261433868974042,0.22805933250927068,2.9480840543881337,2.1137206427688504,3.7824474660074165,1.6687268232385661,0.723114956736712,8.95550061804697,1.6687268232385661,73.5,42.1,47.3,0.0,,,,,,,,,,,,,,0.0,1.0,0.0,0.0,0.0,0.0,0.0,0.0,0.0,0.0,0.0,0.0,0.0,1.0,03f946ed,2018,1,52.5
21.0,1153.0,85.8,69.1,89.7,27.1,37.0,62.5,65.4,64.0,0.48,0.1717259323503903,0.2810060711188205,4.917606244579358,2.575888985255854,12.879444926279271,4.371205550737207,1.0928013876843017,7.649609713790112,1.5611448395490026,79.7,60.0,37.7,0.0,,,,,,,,,,,,,,0.0,0.0,1.0,0.0,0.0,0.0,0.0,0.0,1.0,0.0,0.0,0.0,0.0,0.0,042e8a49,2018,1,70.30000000000001
20.0,1596.0,31.7,30.3,15.4,18.6,64.3,30.1,29.7,29.9,0.41,0.2481203007518797,0.05075187969924812,1.4661654135338344,1.1278195488721805,2.142857142857143,0.9022556390977443,1.2406015037593985,3.9473684210526314,0.39473684210526316,57.9,41.0,46.70000000000001,0.0,,,,,,,,,,,,,,0.0,1.0,0.0,0.0,0.0,1.0,0.0,0.0,0.0,0.0,0.0,0.0,0.0,0.0,04e17fd5,2018,1,43.400000000000006
20.0,3264.0,55.0,66.4,62.8,36.4,56.1,56.4,58.4,57.4,0.48,0.12132352941176472,0.10477941176470588,3.28125,4.2463235294117645,5.818014705882353,1.3786764705882353,1.9301470588235294,4.439338235294118,1.2132352941176472,81.8,43.2,95.4,0.0,,,,,,,,,,,,,,0.0,0.0,1.0,1.0,0.0,0.0,0.0,0.0,0.0,0.0,0.0,0.0,0.0,0.0,05e19d6a,2018,1,55.75
23.0,1674.0,58.1,47.8,84.6,23.4,69.8,54.7,58.8,56.8,0.81,0.026881720430107524,0.09139784946236558,1.7741935483870965,3.6559139784946235,3.8172043010752685,1.3440860215053763,4.731182795698924,0.3763440860215054,1.129032258064516,65.2,60.50000000000001,48.89999999999999,0.0,,,,,,,,,,,,,,1.0,0.0,0.0,0.0,1.0,0.0,0.0,0.0,0.0,0.0,0.0,0.0,0.0,0.0,06050480,2018,0,
23.0,1203.0,62.5,47.0,61.0,53.4,55.8,57.5,59.1,58.3,0.71,0.3067331670822942,0.14214463840399003,2.6184538653366585,1.5710723192019949,2.8428927680798,1.2718204488778055,1.795511221945137,4.788029925187033,0.8977556109725685,73.6,45.89999999999999,39.3,0.0,,,,,,,,,,,,,,0.0,1.0,0.0,0.0,0.0,0.0,0.0,1.0,0.0,0.0,0.0,0.0,0.0,0.0,061e8e23,2018,1,47.6
22.0,1747.0,23.7,15.4,26.1,25.3,42.7,24.6,24.1,24.4,0.53,0.1906124785346308,0.046365197481396676,1.8546078992558672,1.3394390383514596,0.7727532913566113,0.4636519748139668,0.9273039496279336,3.2455638236977675,0.8242701774470521,62.97538461538461,44.63384615384616,26.28952489982828,0.0,,,,,,,,,,,,,,0.0,1.0,0.0,0.0,0.0,0.0,0.0,0.0,0.0,0.0,0.0,0.0,1.0,0.0,06f33dc8,2018,0,
23.0,2991.0,29.3,45.9,28.7,55.1,52.3,42.8,44.0,43.4,0.18,0.03610832497492478,0.07522567703109327,1.7753259779338013,4.543630892678034,3.58074222668004,1.1434302908726177,3.2497492477432295,0.6018054162487462,0.8425275827482447,80.1948795180723,52.06777108433735,76.04530257438984,0.0,,,,,,,,,,,,,,0.0,0.0,1.0,0.0,0.0,0.0,1.0,0.0,0.0,0.0,0.0,0.0,0.0,0.0,070a3904,2018,1,39.7
23.0,1317.0,37.1,21.2,14.0,62.5,66.0,49.5,58.7,54.1,1.46,0.02050113895216401,0.0,0.0,2.050113895216401,1.2984054669703873,0.0,3.485193621867882,0.683371298405467,0.0,80.5,69.8,38.5,0.0,,,,,,,,,,,,,,1.0,0.0,0.0,0.0,0.0,0.0,0.0,0.0,0.0,0.0,0.0,1.0,0.0,0.0,0821331c,2018,1,59.75
19.0,1233.0,32.3,40.5,27.8,40.7,68.2,40.9,53.4,47.2,0.01,0.05839416058394161,0.06569343065693431,1.6058394160583942,3.1386861313868613,3.2846715328467155,0.8759124087591241,3.0656934306569346,1.4598540145985401,0.8029197080291971,75.0,60.60000000000001,36.1,0.0,,,,,,,,,,,,,,0.0,0.0,1.0,0.0,0.0,0.0,0.0,0.0,0.0,0.0,1.0,0.0,0.0,0.0,0959c2a2,2018,1,59.5
22.0,1488.0,26.8,23.4,14.1,52.7,40.0,30.4,38.7,34.6,0.11,0.042338709677419345,0.012096774193548387,1.2096774193548385,2.1774193548387095,2.9637096774193545,0.6653225806451613,2.721774193548387,0.6048387096774193,0.36290322580645157,83.62108433734939,38.97891566265059,24.31639784946236,0.0,,,,,,,,,,,,,,0.0,0.0,1.0,0.0,0.0,0.0,0.0,0.0,0.0,0.0,1.0,0.0,0.0,0.0,0984c5d5,2018,0,
20.0,1590.0,43.5,45.9,65.3,34.0,62.3,51.3,52.0,51.6,0.09,0.005660377358490566,0.08490566037735849,0.9622641509433961,3.5660377358490565,2.0377358490566038,0.5094339622641509,4.471698113207547,0.6792452830188679,0.45283018867924524,70.2,56.8,46.5,0.0,,,,,,,,,,,,,,1.0,0.0,0.0,0.0,1.0,0.0,0.0,0.0,0.0,0.0,0.0,0.0,0.0,0.0,099e666f,2018,1,48.7
20.0,1268.0,68.3,81.2,88.1,17.6,63.6,58.3,68.6,63.4,0.68,0.05678233438485805,0.09227129337539433,2.1293375394321767,4.968454258675079,7.807570977917981,0.638801261829653,4.116719242902208,3.194006309148265,0.9227129337539433,71.7,51.3,41.4,0.0,,,,,,,,,,,,,,1.0,0.0,0.0,0.0,1.0,0.0,0.0,0.0,0.0,0.0,0.0,0.0,0.0,0.0,0a89e877,2018,0,
20.0,919.0,47.0,59.0,44.5,29.7,55.9,48.1,50.6,49.4,1.13,0.4015233949945593,0.019586507072905334,2.5462459194776934,1.5669205658324266,4.309031556039173,2.35038084874864,2.1545157780195865,4.015233949945594,0.29379760609358,75.5,20.8,30.0,0.0,,,,,,,,,,,,,,0.0,1.0,0.0,0.0,0.0,1.0,0.0,0.0,0.0,0.0,0.0,0.0,0.0,0.0,0b4f388a,2018,1,64.1
21.0,1554.0,68.2,51.6,41.9,44.2,52.8,55.7,51.3,53.5,0.03,0.44015444015444016,0.09266409266409267,2.258687258687259,1.4478764478764479,3.06949806949807,1.1583011583011584,1.1583011583011584,4.054054054054054,0.5791505791505792,77.7,35.9,45.39999999999999,0.0,,,,,,,,,,,,,,0.0,1.0,0.0,0.0,0.0,0.0,0.0,0.0,0.0,0.0,0.0,0.0,1.0,0.0,0b90bb97,2018,1,43.55
23.0,1355.0,77.9,65.1,97.6,33.5,7.4,38.0,58.2,48.1,3.06,0.07970479704797048,0.0996309963099631,2.7232472324723247,2.856088560885609,6.442804428044281,2.988929889298893,2.4575645756457565,2.5904059040590406,1.4612546125461254,78.9,30.0,39.6,0.0,,,,,,,,,,,,,,1.0,0.0,0.0,0.0,1.0,0.0,0.0,0.0,0.0,0.0,0.0,0.0,0.0,0.0,0cd0e21b,2018,0,
23.0,2377.0,65.5,51.0,32.4,22.9,76.1,47.6,56.4,52.0,1.63,0.1779554059739167,0.07572570466975179,2.158182583087926,4.278502313840976,2.877576777450568,2.0824568784181743,4.732856541859487,2.385359697097181,0.6815313420277661,68.2,53.6,69.5,0.0,,,,,,,,,,,,,,0.0,0.0,1.0,0.0,0.0,0.0,0.0,0.0,0.0,0.0,1.0,0.0,0.0,0.0,0d10333c,2018,0,
21.0,1440.0,34.0,28.3,33.5,55.4,25.0,34.5,36.6,35.6,1.57,0.01875,0.00625,0.5,2.0,2.625,0.0625,2.125,0.5,0.25,87.7,50.0,42.1,0.0,,,,,,,,,,,,,,1.0,0.0,0.0,0.0,0.0,0.0,0.0,0.0,0.0,1.0,0.0,0.0,0.0,0.0,0eb03d5b,2018,0,
20.0,949.0,90.3,54.0,69.4,11.9,34.5,51.2,52.4,51.8,0.4,0.41728134878819817,0.20864067439409908,3.03477344573235,0.9483667017913593,8.345626975763961,1.9915700737618547,2.4657534246575343,4.267650158061117,1.2328767123287672,65.2,36.4,31.0,0.0,,,,,,,,,,,,,,0.0,0.0,1.0,0.0,0.0,0.0,0.0,0.0,1.0,0.0,0.0,0.0,0.0,0.0,0f26fd24,2018,0,
23.0,1664.0,54.2,52.5,47.7,53.1,65.1,53.8,58.8,56.3,0.15,0.21093750000000003,0.07031250000000001,2.2716346153846154,4.759615384615385,3.948317307692308,0.6490384615384616,2.8665865384615388,2.4879807692307696,0.811298076923077,81.8,45.5,54.39999999999999,0.0,,,,,,,,,,,,,,0.0,0.0,1.0,0.0,0.0,0.0,0.0,0.0,0.0,0.0,1.0,0.0,0.0,0.0,0fbecd11,2018,1,56.25
19.0,910.0,37.4,64.5,56.5,23.3,34.0,39.8,47.5,43.6,1.6,0.009890109890109891,0.039560439560439566,1.087912087912088,3.4615384615384617,5.241758241758242,1.7802197802197803,2.868131868131868,0.5934065934065934,0.7912087912087913,70.0,25.0,26.6,0.0,,,,,,,,,,,,,,1.0,0.0,0.0,0.0,1.0,0.0,0.0,0.0,0.0,0.0,0.0,0.0,0.0,0.0,10e7f486,2018,1,56.25
23.0,2516.0,46.7,59.4,49.3,73.6,56.8,60.3,61.5,60.9,0.25,0.02861685214626391,0.03577106518282989,0.6081081081081081,4.829093799682035,4.077901430842608,0.07154213036565978,2.861685214626391,0.6081081081081081,0.321939586645469,86.425,70.16428571428571,41.54276629570747,0.0,,,,,,,,,,,,,,1.0,0.0,0.0,0.0,0.0,0.0,0.0,0.0,0.0,1.0,0.0,0.0,0.0,0.0,119b9a8e,2018,1,56.349999999999994
20.0,2919.0,71.2,29.8,13.3,65.1,34.9,41.1,41.9,41.5,0.56,0.0801644398766701,0.006166495375128469,0.30832476875642345,1.7266187050359714,2.4665981500513876,0.12332990750256939,1.8499486125385407,1.2641315519013363,0.061664953751284696,89.1,65.9,85.4,0.0,,,,,,,,,,,,,,1.0,0.0,0.0,0.0,0.0,0.0,0.0,0.0,0.0,1.0,0.0,0.0,0.0,0.0,1232e1dc,2018,1,58.2
22.0,1886.0,53.7,34.2,38.4,27.6,58.5,44.6,48.8,46.7,0.52,0.32926829268292684,0.09544008483563096,2.2905620360551433,0.7158006362672322,2.1951219512195124,1.0975609756097562,0.7158006362672322,4.867444326617179,0.6680805938494168,60.89999999999999,46.5,61.6,0.0,,,,,,,,,,,,,,0.0,1.0,0.0,0.0,0.0,0.0,0.0,0.0,0.0,0.0,0.0,0.0,0.0,1.0,1238a3f9,2018,1,26.9
22.0,2074.0,82.0,65.5,86.4,27.1,38.3,60.4,62.9,61.6,0.33,0.195274831243973,0.1909353905496625,4.1658630665380905,3.3847637415621987,8.288331726133077,1.9961427193828352,2.6036644165863065,3.3847637415621987,1.8225650916104146,76.2,31.3,60.6,0.0,,,,,,,,,,,,,,0.0,0.0,1.0,0.0,0.0,0.0,0.0,0.0,1.0,0.0,0.0,0.0,0.0,0.0,130a7a3f,2018,1,58.6
21.0,1920.0,49.4,62.7,82.0,25.4,47.3,48.5,57.5,53.0,1.28,0.009375000000000001,0.0890625,1.6875,3.84375,5.109375,1.3125,5.15625,0.796875,0.796875,71.7,46.2,56.1,0.0,,,,,,,,,,,,,,1.0,0.0,0.0,0.0,1.0,0.0,0.0,0.0,0.0,0.0,0.0,0.0,0.0,0.0,13c44fc5,2018,0,
19.0,903.0,49.4,51.6,80.8,21.3,16.8,32.9,47.2,40.0,2.04,0.01993355481727575,0.08970099667774087,1.7940199335548173,3.089700996677741,4.983388704318937,1.3953488372093024,1.9933554817275747,0.6976744186046512,1.196013289036545,69.2,35.7,26.399999999999995,0.0,,,,,,,,,,,,,,1.0,0.0,0.0,0.0,1.0,0.0,0.0,0.0,0.0,0.0,0.0,0.0,0.0,0.0,149c5f5d,2018,1,48.7
23.0,1935.0,67.5,39.9,26.4,79.4,43.6,51.3,52.5,51.9,0.47,0.046511627906976744,0.027906976744186046,0.4186046511627907,1.3488372093023255,3.1627906976744184,0.046511627906976744,1.5813953488372092,0.6046511627906976,0.09302325581395349,90.1,60.6,56.6,0.0,,,,,,,,,,,,,,1.0,0.0,0.0,0.0,0.0,0.0,0.0,0.0,0.0,1.0,0.0,0.0,0.0,0.0,14b8fcdf,2018,1,56.0
19.0,1670.0,28.2,44.2,46.5,37.9,81.9,46.6,60.8,53.7,1.74,0.04311377245508982,0.09161676646706586,2.2634730538922154,4.580838323353293,3.2874251497005984,0.6467065868263473,3.718562874251497,1.5628742514970058,1.0778443113772453,78.2,53.2,54.6,0.0,,,,,,,,,,,,,,0.0,0.0,1.0,0.0,0.0,0.0,0.0,0.0,0.0,0.0,1.0,0.0,0.0,0.0,15413fa5,2018,1,42.8
20.0,1168.0,41.6,51.6,36.9,63.5,53.8,53.5,53.7,53.6,1.03,0.01541095890410959,0.0,0.9246575342465754,3.2363013698630136,5.625,0.23116438356164384,4.392123287671233,0.3852739726027397,0.07705479452054795,84.79999999999998,57.10000000000001,34.2,0.0,,,,,,,,,,,,,,1.0,0.0,0.0,0.0,0.0,0.0,0.0,0.0,0.0,1.0,0.0,0.0,0.0,0.0,15d0c248,2018,1,50.400000000000006
23.0,2319.0,33.5,75.9,90.6,31.9,44.5,54.3,62.3,58.3,0.77,0.12419146183699872,0.2949547218628719,4.230271668822769,4.928848641655886,8.15006468305304,2.6390685640362226,1.7852522639068564,2.3285899094437257,2.6390685640362226,68.9,14.300000000000002,67.8,0.0,,,,,,,,,,,,,,0.0,1.0,0.0,0.0,0.0,0.0,0.0,0.0,0.0,0.0,0.0,0.0,1.0,0.0,162efffd,2018,1,64.1
22.0,2824.0,77.9,74.1,62.6,26.6,62.2,61.1,66.4,63.8,0.12,0.23902266288951843,0.15616147308781872,2.7407932011331444,5.577195467422096,4.652974504249292,1.9440509915014166,3.2188385269121813,4.652974504249292,1.274787535410765,77.2,52.7,82.6,0.0,,,,,,,,,,,,,,0.0,0.0,1.0,1.0,0.0,0.0,0.0,0.0,0.0,0.0,0.0,0.0,0.0,0.0,16657b95,2018,1,55.7
20.0,1524.0,65.4,30.0,45.6,43.4,62.7,49.8,54.4,52.1,0.05,0.0531496062992126,0.02952755905511811,0.5905511811023622,2.0669291338582676,2.4803149606299213,0.23622047244094488,3.0708661417322833,0.5905511811023622,0.23622047244094488,74.6,72.1,44.60000000000001,0.0,,,,,,,,,,,,,,1.0,0.0,0.0,0.0,0.0,0.0,0.0,0.0,0.0,0.0,0.0,1.0,0.0,0.0,167d5018,2018,0,
22.0,1815.0,69.1,43.5,54.2,21.7,51.6,46.4,52.6,49.5,0.15,0.1487603305785124,0.13388429752066117,2.28099173553719,3.173553719008264,3.818181818181818,1.1900826446280992,3.371900826446281,3.4710743801652892,0.9917355371900826,68.6,35.5,59.3,0.0,,,,,,,,,,,,,,0.0,0.0,1.0,1.0,0.0,0.0,0.0,0.0,0.0,0.0,0.0,0.0,0.0,0.0,16daec92,2018,1,45.8
22.0,1350.0,68.1,74.1,65.2,28.8,77.7,63.0,64.6,63.8,0.04,0.04,0.04666666666666666,1.1333333333333333,4.8,5.666666666666667,0.8666666666666667,4.2,0.9333333333333333,0.3333333333333333,74.2,72.6,44.1,0.0,,,,,,,,,,,,,,1.0,0.0,0.0,0.0,0.0,0.0,0.0,0.0,0.0,0.0,0.0,1.0,0.0,0.0,17370b95,2018,0,
23.0,1595.0,47.5,58.3,58.2,8.5,56.8,48.8,53.0,50.9,1.85,0.28777429467084636,0.12413793103448277,2.7648902821316614,1.4670846394984327,4.909090909090909,2.031347962382445,1.5799373040752351,4.739811912225705,1.2413793103448276,64.01920903954802,32.211299435028245,30.10890282131661,0.0,,,,,,,,,,,,,,0.0,1.0,0.0,0.0,0.0,1.0,0.0,0.0,0.0,0.0,0.0,0.0,0.0,0.0,176674ab,2018,0,
20.0,1249.0,66.1,68.5,74.1,29.3,42.5,62.1,64.7,63.4,1.1,0.33146517213771015,0.14411529223378702,3.2425940752602083,2.161729383506805,7.349879903923139,1.2249799839871898,1.2249799839871898,5.5484387510008,1.5132105684547639,67.6,28.6,36.5,0.0,,,,,,,,,,,,,,0.0,1.0,0.0,0.0,0.0,1.0,0.0,0.0,0.0,0.0,0.0,0.0,0.0,0.0,1880614f,2018,0,
21.0,1500.0,74.8,75.4,85.8,42.9,42.3,55.1,66.5,60.8,1.27,0.066,0.132,1.7399999999999998,5.159999999999999,5.22,1.0799999999999998,3.84,2.46,1.0799999999999998,80.6,37.0,43.9,0.0,,,,,,,,,,,,,,1.0,0.0,0.0,0.0,1.0,0.0,0.0,0.0,0.0,0.0,0.0,0.0,0.0,0.0,197640fd,2018,1,57.599999999999994
22.0,1855.0,41.5,24.6,16.4,13.0,70.0,33.1,41.6,37.4,1.1,0.2522911051212938,0.08733153638814016,1.4070080862533694,1.0673854447439353,1.8921832884097036,0.8247978436657682,1.0673854447439353,4.0754716981132075,0.7277628032345014,64.4,50.2,54.2,0.0,,,,,,,,,,,,,,0.0,1.0,0.0,0.0,0.0,0.0,0.0,0.0,0.0,0.0,0.0,0.0,0.0,1.0,19ba6c6d,2018,1,49.0
23.0,1704.0,79.3,80.7,86.6,58.5,25.8,69.0,72.9,71.0,0.54,0.19542253521126762,0.23767605633802816,4.172535211267606,4.964788732394366,8.450704225352112,2.0070422535211265,2.2183098591549295,3.1161971830985915,1.6373239436619718,91.0,60.00000000000001,49.8,0.0,,,,,,,,,,,,,,0.0,0.0,1.0,0.0,0.0,0.0,0.0,0.0,1.0,0.0,0.0,0.0,0.0,0.0,1a992676,2018,1,70.7
18.0,2302.0,40.4,75.0,56.6,31.6,53.7,51.0,57.5,54.2,1.88,0.20330147697654213,0.19157254561251086,2.5412684622067765,2.6585577758470893,9.265855777584708,3.4795829713292785,1.993918331885317,5.473501303214595,1.094700260642919,75.6,21.1,75.2,0.0,,,,,,,,,,,,,,0.0,1.0,0.0,0.0,0.0,1.0,0.0,0.0,0.0,0.0,0.0,0.0,0.0,0.0,1bf33a9a,2018,1,68.7
18.0,1430.0,28.8,21.7,28.1,57.0,59.2,46.5,53.3,49.9,1.12,0.012587412587412588,0.006293706293706294,0.5034965034965034,2.13986013986014,2.958041958041958,0.2517482517482517,4.216783216783217,0.2517482517482517,0.12587412587412586,80.7,45.8,41.8,0.0,,,,,,,,,,,,,,1.0,0.0,0.0,0.0,0.0,0.0,0.0,0.0,0.0,0.0,0.0,1.0,0.0,0.0,1c7012b8,2018,1,55.9
21.0,2086.0,45.0,40.7,26.3,61.4,62.9,53.5,59.0,56.2,0.51,0.03883029721955897,0.004314477468839885,0.6040268456375839,2.890699904122723,3.2358581016299137,0.0,2.6749760306807286,0.9491850431447747,0.1725790987535954,94.90000000000002,74.0,61.0,0.0,,,,,,,,,,,,,,1.0,0.0,0.0,0.0,0.0,0.0,0.0,0.0,0.0,0.0,0.0,1.0,0.0,0.0,1cb49278,2018,1,57.8
21.0,2918.0,57.6,66.7,94.4,38.1,12.3,40.1,57.5,48.8,1.32,0.01850582590815627,0.11103495544893763,2.5908156271418776,2.8684030157642217,8.543522960932144,0.956134338588074,2.128169979437971,2.6216586703221383,1.4496230294722412,81.4,20.9,85.3,0.0,,,,,,,,,,,,,,1.0,0.0,0.0,0.0,1.0,0.0,0.0,0.0,0.0,0.0,0.0,0.0,0.0,0.0,1d1691ad,2018,0,
21.0,2654.0,70.2,56.4,78.0,34.6,38.3,55.7,63.9,59.8,0.11,0.14581763376036172,0.20007535795026377,3.1876412961567446,4.035418236623964,6.409193669932178,0.6443104747550867,1.5938206480783723,2.9163526752072344,1.9668425018839488,71.5,36.8,77.6,0.0,,,,,,,,,,,,,,0.0,0.0,1.0,1.0,0.0,0.0,0.0,0.0,0.0,0.0,0.0,0.0,0.0,0.0,1ea5f91c,2018,1,47.2
23.0,1306.0,46.9,30.4,53.1,27.3,68.1,47.8,53.2,50.5,0.27,0.03445635528330781,0.02756508422664625,0.8269525267993875,2.6186830015313936,1.998468606431853,0.3445635528330781,5.168453292496172,0.6202143950995406,0.27565084226646247,70.43698630136987,70.34931506849314,26.134609494640124,0.0,,,,,,,,,,,,,,1.0,0.0,0.0,0.0,0.0,0.0,0.0,0.0,0.0,0.0,0.0,1.0,0.0,0.0,1f9a3a04,2018,0,
23.0,1591.0,15.4,45.3,42.2,47.7,61.8,34.6,38.8,36.7,0.53,0.0961659333752357,0.07919547454431175,1.8667504714016343,1.8667504714016343,4.412319296040226,1.2445003142677562,2.206159648020113,2.7718416090509113,0.9050911376492772,74.6,31.3,46.5,0.0,,,,,,,,,,,,,,0.0,1.0,0.0,0.0,0.0,1.0,0.0,0.0,0.0,0.0,0.0,0.0,0.0,0.0,1fca9171,2018,1,44.0
21.0,2138.0,50.6,32.9,72.0,37.7,58.3,49.0,50.2,49.6,0.57,0.03367633302151544,0.06735266604303088,1.4733395696913003,2.5257249766136574,2.4836295603367633,0.4630495790458372,4.209541627689429,0.8419083255378859,0.7998129092609916,70.2,57.400000000000006,62.5,0.0,,,,,,,,,,,,,,1.0,0.0,0.0,0.0,1.0,0.0,0.0,0.0,0.0,0.0,0.0,0.0,0.0,0.0,1fe0492d,2018,1,52.7
19.0,1378.0,30.2,70.3,80.6,66.4,27.0,59.0,63.4,61.2,0.26,0.05878084179970972,0.11103047895500726,4.571843251088534,9.20899854862119,10.058055152394775,0.2612481857764877,2.0246734397677795,1.1103047895500726,2.0899854862119014,88.7,28.6,40.3,0.0,,,,,,,,,,,,,,0.0,0.0,1.0,0.0,0.0,0.0,1.0,0.0,0.0,0.0,0.0,0.0,0.0,0.0,20094685,2018,1,57.1
22.0,1532.0,43.2,67.1,46.8,22.8,75.5,49.9,54.7,52.3,1.39,0.27610966057441255,0.06462140992167102,2.643603133159269,1.468668407310705,5.757180156657964,2.5848563968668405,2.5848563968668405,5.639686684073107,1.1161879895561357,71.5,39.3,44.8,0.0,,,,,,,,,,,,,,0.0,1.0,0.0,0.0,0.0,1.0,0.0,0.0,0.0,0.0,0.0,0.0,0.0,0.0,2054d037,2018,1,35.5
23.0,3102.0,80.2,57.0,81.4,35.3,34.3,57.6,55.4,56.5,0.92,0.1885880077369439,0.25241779497098643,4.294003868471953,5.164410058027079,5.193423597678916,0.6382978723404255,2.5822050290135397,1.5667311411992262,2.988394584139265,71.8,31.300000000000004,90.7,0.0,,,,,,,,,,,,,,0.0,0.0,1.0,0.0,0.0,0.0,1.0,0.0,0.0,0.0,0.0,0.0,0.0,0.0,20e73fac,2018,1,57.0
21.0,2153.0,50.0,39.3,12.3,57.9,62.4,51.0,57.6,54.3,0.81,0.03344170924291687,0.0,0.2508128193218765,3.135160241523456,2.591732466326057,0.543427775197399,3.218764514630748,0.45982350209010686,0.0,82.8,66.3,70.4,0.0,,,,,,,,,,,,,,1.0,0.0,0.0,0.0,0.0,0.0,0.0,0.0,0.0,0.0,0.0,1.0,0.0,0.0,21166ff4,2018,1,58.2
20.0,1564.0,76.7,73.4,90.5,45.7,50.3,59.1,69.2,64.2,0.94,0.046035805626598474,0.1323529411764706,2.3593350383631715,4.143222506393863,5.236572890025576,0.690537084398977,4.891304347826087,0.8631713554987213,0.9782608695652175,78.6,37.5,45.7,0.0,,,,,,,,,,,,,,1.0,0.0,0.0,0.0,1.0,0.0,0.0,0.0,0.0,0.0,0.0,0.0,0.0,0.0,2146785a,2018,1,59.3
23.0,2193.0,62.3,55.6,81.6,25.3,51.0,49.1,57.3,53.2,0.93,0.024623803009575923,0.08207934336525308,1.8878248974008207,2.9548563611491105,5.2120383036935705,1.4363885088919288,3.816689466484268,0.4103967168262654,0.7797537619699042,79.3,67.9,64.1,0.0,,,,,,,,,,,,,,1.0,0.0,0.0,0.0,1.0,0.0,0.0,0.0,0.0,0.0,0.0,0.0,0.0,0.0,22721b88,2018,1,56.0
22.0,1251.0,28.2,50.9,59.7,13.6,77.8,42.5,44.1,43.3,0.15,0.06474820143884892,0.1726618705035971,2.5179856115107913,1.7985611510791366,4.244604316546763,2.805755395683453,2.014388489208633,3.597122302158273,0.935251798561151,66.08848920863309,46.64244604316546,22.42398081534772,0.0,,,,,,,,,,,,,,0.0,1.0,0.0,0.0,0.0,0.0,0.0,0.0,0.0,0.0,0.0,0.0,1.0,0.0,24228180,2018,0,
23.0,1484.0,14.3,29.5,21.0,71.1,69.4,39.8,58.6,49.2,0.21,0.018194070080862535,0.030323450134770894,1.69811320754717,3.699460916442049,2.3045822102425877,0.545822102425876,5.09433962264151,0.12129380053908358,0.6671159029649596,88.5,50.0,43.4,0.0,,,,,,,,,,,,,,0.0,0.0,1.0,0.0,0.0,0.0,0.0,0.0,0.0,0.0,1.0,0.0,0.0,0.0,243f4a0b,2018,1,46.6
20.0,1543.0,67.9,58.6,78.5,23.7,46.5,55.2,53.5,54.4,0.07,0.11082307193778353,0.1983149708360337,4.141283214517174,3.9662994167206738,6.416072585871678,1.2248865845755021,1.9248217757615034,1.458198314970836,2.158133506156837,77.1,56.3,45.1,0.0,,,,,,,,,,,,,,0.0,0.0,1.0,0.0,0.0,0.0,1.0,0.0,0.0,0.0,0.0,0.0,0.0,0.0,24eb7ed6,2018,1,56.7
20.0,1189.0,90.8,52.7,75.5,38.9,31.5,45.0,55.9,50.4,0.89,0.09840201850294365,0.1135407905803196,1.3624894869638353,2.8006728343145504,4.0117746005046255,0.7569386038687973,2.4978973927670314,2.4222035323801516,0.6812447434819177,83.3,39.1,34.8,0.0,,,,,,,,,,,,,,1.0,0.0,0.0,0.0,1.0,0.0,0.0,0.0,0.0,0.0,0.0,0.0,0.0,0.0,24f59bb2,2018,1,62.2
21.0,1138.0,60.6,55.8,32.8,8.4,85.4,51.3,58.3,54.8,0.62,0.3479789103690686,0.18189806678383127,1.898066783831283,1.4235500878734624,2.768014059753954,1.1862917398945518,2.0562390158172232,5.298769771528998,0.632688927943761,58.4,50.4,37.2,0.0,,,,,,,,,,,,,,0.0,1.0,0.0,0.0,0.0,0.0,0.0,0.0,0.0,0.0,0.0,0.0,0.0,1.0,258a6f4d,2018,0,
22.0,943.0,22.2,30.9,31.1,24.3,43.7,28.1,29.6,28.8,0.11,0.2195121951219512,0.07635206786850478,2.481442205726405,1.3361611876988335,2.576882290562036,0.6680805938494168,0.7635206786850477,3.9130434782608696,0.6680805938494168,73.1,31.2,27.6,0.0,,,,,,,,,,,,,,0.0,1.0,0.0,0.0,0.0,0.0,0.0,0.0,0.0,0.0,0.0,0.0,0.0,1.0,269b4638,2018,0,
22.0,1318.0,44.6,36.5,25.8,41.5,70.9,41.7,54.8,48.2,0.33,0.054628224582701064,0.10242792109256449,1.2974203338391503,3.550834597875569,2.7996965098634297,1.024279210925645,2.3216995447647952,1.2974203338391503,0.8194233687405159,78.6,60.0,43.1,0.0,,,,,,,,,,,,,,0.0,0.0,1.0,0.0,0.0,0.0,0.0,0.0,0.0,0.0,1.0,0.0,0.0,0.0,26db8853,2018,1,50.099999999999994
22.0,1721.0,35.8,57.9,81.8,32.0,29.1,41.2,52.0,46.6,0.89,0.005229517722254503,0.05229517722254503,1.934921557234166,4.079023823358512,3.974433468913422,0.47065659500290524,2.9808251016850664,0.5752469494479953,1.0459035444509006,75.8,38.9,50.29999999999999,0.0,,,,,,,,,,,,,,1.0,0.0,0.0,0.0,1.0,0.0,0.0,0.0,0.0,0.0,0.0,0.0,0.0,0.0,276cce2e,2018,0,
23.0,1199.0,73.1,43.4,37.9,26.1,39.8,52.1,56.8,54.4,0.58,0.6305254378648874,0.030025020850708923,1.95162635529608,1.201000834028357,2.477064220183486,1.1259382819015846,1.0508757297748124,5.104253544620517,0.45037531276063386,71.3436090225564,29.622556390977444,22.32577147623019,0.0,,,,,,,,,,,,,,0.0,1.0,0.0,0.0,0.0,0.0,0.0,1.0,0.0,0.0,0.0,0.0,0.0,0.0,2973d8ff,2018,0,
22.0,901.0,29.2,55.1,45.7,35.2,80.4,43.4,47.8,45.6,1.06,0.12985571587125416,0.10987791342952276,1.8978912319644838,1.6981132075471699,6.193118756936737,1.0987791342952276,1.798002219755827,3.0965593784683687,0.6992230854605993,69.3,60.0,29.4,0.0,,,,,,,,,,,,,,0.0,1.0,0.0,0.0,0.0,1.0,0.0,0.0,0.0,0.0,0.0,0.0,0.0,0.0,2979c05a,2018,1,41.1
23.0,2427.0,63.3,53.5,52.5,40.7,40.1,50.2,54.2,52.2,0.18,0.09641532756489495,0.11495673671199012,2.669962917181706,3.7453646477132265,4.412855377008653,1.6687268232385661,2.5587144622991347,2.150803461063041,1.2608158220024723,77.9,45.6,71.0,0.0,,,,,,,,,,,,,,0.0,0.0,1.0,1.0,0.0,0.0,0.0,0.0,0.0,0.0,0.0,0.0,0.0,0.0,2a0c8ba4,2018,1,59.3
20.0,2237.0,20.2,66.7,45.6,34.3,64.8,48.7,54.3,51.5,0.08,0.020116227089852484,0.06437192668752795,2.0920876173446583,5.632543585158695,5.75324094769781,2.373714796602593,4.707197139025481,0.7644166294143944,1.086276262852034,79.1,35.4,65.4,0.0,,,,,,,,,,,,,,0.0,0.0,1.0,0.0,0.0,0.0,0.0,0.0,0.0,0.0,1.0,0.0,0.0,0.0,2afc7272,2018,1,42.0
21.0,2419.0,51.3,78.1,92.5,39.0,59.9,64.5,71.2,67.8,1.11,0.21579164944191814,0.25299710624224886,4.018189334435718,2.4555601488218275,6.957420421661844,2.6787928896238116,2.1207110376188507,7.5155022736668045,2.08350558081852,79.7,41.7,70.7,0.0,,,,,,,,,,,,,,0.0,1.0,0.0,0.0,0.0,1.0,0.0,0.0,0.0,0.0,0.0,0.0,0.0,0.0,2b114be3,2018,1,62.8
20.0,2262.0,33.9,72.7,86.2,32.9,51.9,53.8,62.3,58.0,1.81,0.15517241379310345,0.20689655172413793,3.70026525198939,2.8249336870026527,11.856763925729442,3.4615384615384617,1.4721485411140585,5.092838196286472,1.9098143236074272,73.78968253968254,55.15873015873016,65.23881520778073,0.0,,,,,,,,,,,,,,0.0,1.0,0.0,0.0,0.0,1.0,0.0,0.0,0.0,0.0,0.0,0.0,0.0,0.0,2b16cb1a,2018,1,52.15
23.0,1720.0,28.3,57.4,13.8,49.5,77.8,45.8,62.0,53.9,0.55,0.041860465116279076,0.03662790697674419,1.6744186046511629,3.3488372093023258,6.279069767441861,2.0930232558139537,5.232558139534884,0.9418604651162791,0.4186046511627907,86.9,65.1,50.3,0.0,,,,,,,,,,,,,,0.0,0.0,1.0,0.0,0.0,0.0,0.0,0.0,0.0,0.0,1.0,0.0,0.0,0.0,2b471f99,2018,1,51.5
23.0,1451.0,71.6,74.8,82.1,38.8,52.0,57.2,66.3,61.8,1.05,0.1054445210199862,0.1178497587870434,2.294968986905582,5.830461750516885,5.27222605099931,0.6822880771881461,4.9000689179875945,1.922811853893866,0.9303928325292901,78.4,64.7,42.4,0.0,,,,,,,,,,,,,,1.0,0.0,0.0,0.0,1.0,0.0,0.0,0.0,0.0,0.0,0.0,0.0,0.0,0.0,2d970560,2018,1,59.95
21.0,1276.0,61.1,26.2,50.8,32.6,57.8,48.9,52.9,50.9,0.39,0.5007836990595611,0.09169278996865204,2.3981191222570533,1.0579937304075235,2.1865203761755487,0.7758620689655172,0.493730407523511,4.443573667711599,0.42319749216300945,64.5,46.1,37.3,0.0,,,,,,,,,,,,,,0.0,1.0,0.0,0.0,0.0,0.0,0.0,1.0,0.0,0.0,0.0,0.0,0.0,0.0,2e23c66b,2018,0,
23.0,1940.0,64.3,84.9,91.2,50.4,44.8,59.9,71.2,65.6,0.28,0.02319587628865979,0.19020618556701027,2.087628865979381,6.1701030927835046,7.097938144329897,0.2783505154639175,3.34020618556701,2.22680412371134,1.0670103092783505,84.5,53.79999999999999,56.7,0.0,,,,,,,,,,,,,,1.0,0.0,0.0,0.0,1.0,0.0,0.0,0.0,0.0,0.0,0.0,0.0,0.0,0.0,2e4f5f03,2018,1,63.95
23.0,3125.0,37.1,71.2,71.0,49.6,43.0,52.8,58.9,55.8,0.08,0.01152,0.04896,1.584,4.752,6.3072,0.8352,2.9088000000000003,0.6048,0.6336,86.5,50.7,91.4,0.0,,,,,,,,,,,,,,1.0,0.0,0.0,0.0,1.0,0.0,0.0,0.0,0.0,0.0,0.0,0.0,0.0,0.0,2f3452eb,2018,1,53.2
20.0,2815.0,35.2,45.7,75.7,32.5,27.6,37.6,46.6,42.1,1.05,0.003197158081705151,0.08952042628774422,1.6625222024866784,2.589698046181172,5.051509769094139,1.2788632326820604,2.685612788632327,0.44760213143872113,1.119005328596803,74.0,40.0,82.3,0.0,,,,,,,,,,,,,,1.0,0.0,0.0,0.0,1.0,0.0,0.0,0.0,0.0,0.0,0.0,0.0,0.0,0.0,2f3e911a,2018,1,40.85
21.0,1587.0,63.4,54.8,59.0,18.3,46.2,48.3,50.1,49.2,0.23,0.13043478260869565,0.12476370510396977,2.381852551984877,2.608695652173913,6.181474480151229,1.4177693761814745,3.062381852551985,3.5727788279773156,0.8506616257088847,72.8,48.7,46.4,0.0,,,,,,,,,,,,,,0.0,0.0,1.0,0.0,0.0,0.0,0.0,0.0,1.0,0.0,0.0,0.0,0.0,0.0,3010aefb,2018,1,40.2
20.0,944.0,35.3,23.5,32.3,63.2,32.5,38.5,38.7,38.6,0.4,0.0,0.009533898305084746,0.5720338983050848,1.8114406779661016,2.097457627118644,0.2860169491525424,2.955508474576271,0.2860169491525424,0.3813559322033898,83.7,14.3,27.6,0.0,,,,,,,,,,,,,,1.0,0.0,0.0,0.0,0.0,0.0,0.0,0.0,0.0,1.0,0.0,0.0,0.0,0.0,3067cbef,2018,0,
23.0,1979.0,66.5,82.3,91.3,17.0,26.1,43.6,61.9,52.8,2.26,0.03183425972713492,0.168266801414856,3.001515917129864,5.0480040424456805,5.684689236988379,1.773623041940374,3.1834259727134917,1.500757958564932,1.728145528044467,72.4,31.3,64.7,0.0,,,,,,,,,,,,,,1.0,0.0,0.0,0.0,1.0,0.0,0.0,0.0,0.0,0.0,0.0,0.0,0.0,0.0,30c220c3,2018,1,61.3
22.0,3420.0,69.7,56.5,40.3,69.8,67.0,63.1,66.2,64.6,0.07,0.08421052631578947,0.007894736842105263,0.7631578947368421,3.289473684210526,3.736842105263158,0.2631578947368421,3.3157894736842106,0.7631578947368421,0.18421052631578946,91.4,63.8,100.0,0.0,,,,,,,,,,,,,,1.0,0.0,0.0,0.0,0.0,0.0,0.0,0.0,0.0,0.0,0.0,1.0,0.0,0.0,30f5ffa9,2018,1,51.0
19.0,1002.0,68.2,45.8,63.1,20.1,38.4,46.4,46.9,46.6,0.33,0.12574850299401197,0.14371257485029942,2.604790419161677,2.784431137724551,5.209580838323354,1.9760479041916168,1.437125748502994,2.065868263473054,1.437125748502994,74.1,27.3,32.7,0.0,,,,,,,,,,,,,,0.0,0.0,1.0,0.0,0.0,0.0,0.0,0.0,1.0,0.0,0.0,0.0,0.0,0.0,31114001,2018,0,
23.0,1019.0,49.5,52.9,26.1,36.6,38.2,41.6,39.7,40.7,0.07,0.0971540726202159,0.08832188420019627,1.8547595682041216,3.8861629048086357,5.299313052011776,1.678115799803729,2.5613346418056917,1.0598626104023552,0.8832188420019627,78.74690265486724,46.9424778761062,25.89116781157998,0.0,,,,,,,,,,,,,,0.0,0.0,1.0,0.0,0.0,0.0,1.0,0.0,0.0,0.0,0.0,0.0,0.0,0.0,31223bcf,2018,0,
22.0,1011.0,35.2,22.9,39.0,52.5,67.0,40.5,41.6,41.0,0.17,0.026706231454005937,0.053412462908011875,1.3353115727002969,3.2937685459940655,2.314540059347181,0.26706231454005935,2.8486646884273,0.712166172106825,0.8011869436201781,80.4,76.9,33.0,0.0,,,,,,,,,,,,,,0.0,0.0,1.0,0.0,0.0,0.0,1.0,0.0,0.0,0.0,0.0,0.0,0.0,0.0,3189f61a,2018,0,
23.0,3029.0,34.3,18.2,29.7,35.3,64.7,33.3,47.1,40.2,0.17,0.04456916474083856,0.09210960713106635,1.7233410366457576,2.2878837900297126,2.1987454605480354,0.5645427533839551,3.5655331792670846,0.7428194123473093,0.8913832948167711,71.4,45.9,88.6,0.0,,,,,,,,,,,,,,0.0,0.0,1.0,0.0,0.0,0.0,0.0,0.0,0.0,0.0,1.0,0.0,0.0,0.0,32ebfe1e,2018,0,
22.0,2302.0,52.3,32.9,17.3,63.0,59.0,50.3,56.3,53.3,0.2,0.01954821894005213,0.02345786272806255,0.19548218940052128,2.463075586446568,1.7593397046046915,0.0,2.0330147697654213,0.7819287576020851,0.03909643788010426,85.0,64.6,75.2,0.0,,,,,,,,,,,,,,1.0,0.0,0.0,0.0,0.0,0.0,0.0,0.0,0.0,0.0,0.0,1.0,0.0,0.0,3376a776,2018,1,55.7
22.0,2998.0,65.4,40.3,42.0,24.1,47.4,49.8,53.4,51.6,0.38,0.4292861907938626,0.08705803869246165,2.371581054036024,0.8405603735823883,2.5216811207471648,1.200800533689126,1.5910607071380922,5.463642428285524,1.0507004669779854,70.0,24.1,87.70000000000002,0.0,,,,,,,,,,,,,,0.0,1.0,0.0,0.0,0.0,0.0,0.0,1.0,0.0,0.0,0.0,0.0,0.0,0.0,343c0d52,2018,1,38.7
21.0,1944.0,12.2,42.7,8.6,65.5,81.0,41.6,64.4,53.0,0.74,0.009259259259259259,0.018518518518518517,0.9259259259259258,4.12037037037037,4.768518518518518,0.5555555555555555,3.7037037037037033,0.18518518518518517,0.32407407407407407,86.0,64.9,63.5,0.0,,,,,,,,,,,,,,0.0,0.0,1.0,0.0,0.0,0.0,0.0,0.0,0.0,0.0,1.0,0.0,0.0,0.0,346d51d9,2018,1,45.0
22.0,1716.0,68.0,27.8,56.4,38.2,47.3,44.5,42.5,43.5,0.42,0.11538461538461539,0.14685314685314685,2.56993006993007,2.56993006993007,2.6223776223776225,0.4195804195804196,2.2552447552447554,1.6783216783216783,1.9405594405594406,69.7,33.7,50.20000000000001,0.0,,,,,,,,,,,,,,0.0,0.0,1.0,0.0,0.0,0.0,1.0,0.0,0.0,0.0,0.0,0.0,0.0,0.0,3515d404,2018,1,55.3
21.0,1828.0,38.9,42.2,64.5,28.6,36.7,38.7,44.3,41.5,1.25,0.004923413566739606,0.0738512035010941,1.0339168490153174,3.200218818380744,3.200218818380744,0.8862144420131292,3.2494529540481403,0.2954048140043764,0.5415754923413567,68.9,53.3,53.5,0.0,,,,,,,,,,,,,,1.0,0.0,0.0,0.0,1.0,0.0,0.0,0.0,0.0,0.0,0.0,0.0,0.0,0.0,355c883a,2018,1,38.75
23.0,3146.0,45.6,67.2,39.1,43.2,60.1,54.5,54.7,54.6,0.49,0.02574698029243484,0.014303877940241577,0.6865861411315957,3.690400508582327,4.291163382072473,0.54354736172918,4.0336935791481245,0.9726636999364272,0.28607755880483154,82.5,71.4,92.0,0.0,,,,,,,,,,,,,,1.0,0.0,0.0,0.0,0.0,0.0,0.0,0.0,0.0,1.0,0.0,0.0,0.0,0.0,3767b3b7,2018,0,
22.0,2342.0,62.4,64.1,55.8,40.3,63.5,57.0,58.1,57.6,0.05,0.04995730145175064,0.0807002561912895,1.07600341588386,3.804440649017933,4.265584970111016,0.7685738684884714,2.9974380871050386,1.07600341588386,0.3074295473953886,73.0,73.3,68.5,0.0,,,,,,,,,,,,,,1.0,0.0,0.0,0.0,1.0,0.0,0.0,0.0,0.0,0.0,0.0,0.0,0.0,0.0,378825c7,2018,1,63.5
19.0,1588.0,47.3,39.8,53.8,51.2,48.0,47.2,47.8,47.5,0.16,0.10768261964735515,0.07367758186397985,2.6070528967254405,4.023929471032745,4.193954659949622,0.6801007556675063,4.023929471032745,1.0201511335012594,1.4168765743073046,85.2,25.0,51.9,0.0,,,,,,,,,,,,,,0.0,0.0,1.0,0.0,0.0,0.0,0.0,0.0,0.0,0.0,1.0,0.0,0.0,0.0,37f606f0,2018,1,47.4
20.0,2296.0,33.5,33.5,19.0,53.0,71.9,40.3,56.8,48.6,0.74,0.0587979094076655,0.0235191637630662,1.411149825783972,2.155923344947735,3.8806620209059233,1.215156794425087,4.547038327526132,1.0583623693379791,0.548780487804878,88.4,45.7,75.0,0.0,,,,,,,,,,,,,,0.0,0.0,1.0,0.0,0.0,0.0,0.0,0.0,0.0,0.0,1.0,0.0,0.0,0.0,384d58d9,2018,1,55.9
21.0,1794.0,39.7,38.7,39.1,28.1,61.4,40.2,39.5,39.8,0.57,0.06521739130434782,0.07525083612040134,1.7558528428093645,2.859531772575251,4.063545150501672,1.7558528428093645,2.3076923076923075,1.5551839464882944,0.6020066889632107,73.7,36.7,52.5,0.0,,,,,,,,,,,,,,0.0,0.0,1.0,0.0,0.0,0.0,0.0,0.0,1.0,0.0,0.0,0.0,0.0,0.0,384dd218,2018,0,
23.0,1734.0,76.3,81.4,93.8,30.0,62.0,69.9,77.5,73.7,0.0,0.12975778546712805,0.2231833910034602,4.152249134948097,6.332179930795848,9.031141868512112,2.0761245674740487,3.633217993079585,2.906574394463668,2.1280276816608996,77.0777202072539,34.48963730569948,38.59925028835064,0.0,,,,,,,,,,,,,,0.0,0.0,1.0,1.0,0.0,0.0,0.0,0.0,0.0,0.0,0.0,0.0,0.0,0.0,38c7feef,2018,1,56.8
23.0,1867.0,60.3,44.8,31.6,21.4,35.0,38.3,39.2,38.8,1.08,0.0915907873594001,0.07712908409212642,1.5425816818425282,1.205141938939475,5.881092662024638,1.7354043920728441,2.41028387787895,3.036957686127477,0.4820567755757901,71.7,21.4,54.6,0.0,,,,,,,,,,,,,,0.0,0.0,1.0,0.0,0.0,0.0,0.0,0.0,1.0,0.0,0.0,0.0,0.0,0.0,392d98fc,2018,0,
23.0,938.0,74.3,58.1,73.4,18.3,26.9,51.0,62.0,56.5,0.35,0.1631130063965885,0.20149253731343283,3.166311300639659,2.3987206823027716,7.579957356076759,1.535181236673774,2.6865671641791042,7.67590618336887,2.014925373134328,73.86923076923078,10.76923076923077,13.772494669509593,0.0,,,,,,,,,,,,,,0.0,0.0,1.0,1.0,0.0,0.0,0.0,0.0,0.0,0.0,0.0,0.0,0.0,0.0,39583cfd,2018,1,60.8
19.0,2215.0,91.1,72.9,91.4,14.4,31.3,61.4,76.0,68.7,0.42,0.32505643340857787,0.27223476297968396,4.469525959367946,3.45372460496614,7.557562076749436,3.2099322799097068,1.0158013544018059,4.794582392776523,2.3566591422121896,69.8,37.3,72.4,0.0,,,,,,,,,,,,,,0.0,0.0,1.0,1.0,0.0,0.0,0.0,0.0,0.0,0.0,0.0,0.0,0.0,0.0,3a233281,2018,1,66.3
23.0,1060.0,59.3,31.6,18.5,25.3,47.5,41.0,45.8,43.4,0.12,0.390566037735849,0.11037735849056604,1.3584905660377358,1.1886792452830188,3.141509433962264,1.2735849056603772,1.1037735849056602,3.9056603773584904,0.5943396226415094,69.7,31.0,31.0,0.0,,,,,,,,,,,,,,0.0,1.0,0.0,0.0,0.0,0.0,0.0,1.0,0.0,0.0,0.0,0.0,0.0,0.0,3aa4a3be,2018,1,32.5
23.0,2398.0,72.3,74.0,74.9,35.3,37.4,49.7,60.9,55.3,1.04,0.08256880733944955,0.048790658882402,1.8390325271059216,5.479566305254378,5.892410341951626,0.7506255212677231,2.1392827356130106,2.364470391993328,0.6005004170141784,79.3,47.2,70.1,0.0,,,,,,,,,,,,,,1.0,0.0,0.0,0.0,1.0,0.0,0.0,0.0,0.0,0.0,0.0,0.0,0.0,0.0,3b333ac3,2018,1,52.0
22.0,2122.0,69.2,84.1,93.0,46.7,37.8,56.4,70.0,63.2,0.45,0.033930254476908575,0.10179076343072573,2.5447690857681433,4.962299717247879,8.228086710650329,1.3996229971724787,2.5871819038642787,1.6965127238454287,1.1875589066918002,85.0,55.6,62.0,0.0,,,,,,,,,,,,,,1.0,0.0,0.0,0.0,1.0,0.0,0.0,0.0,0.0,0.0,0.0,0.0,0.0,0.0,3cefcaef,2018,1,52.400000000000006
17.0,1131.0,48.0,37.6,9.7,35.8,35.2,35.7,32.9,34.3,1.46,0.3899204244031831,0.03978779840848806,1.5119363395225465,0.7957559681697612,2.944297082228117,2.8647214854111405,0.9549071618037136,4.297082228116711,0.5570291777188329,75.1,25.0,33.1,0.0,,,,,,,,,,,,,,0.0,1.0,0.0,0.0,0.0,1.0,0.0,0.0,0.0,0.0,0.0,0.0,0.0,0.0,3d50bcdb,2018,1,48.2
22.0,1102.0,43.9,51.0,65.5,7.6,24.1,40.1,44.0,42.0,1.08,0.04083484573502723,0.17150635208711434,2.20508166969147,1.4700544464609802,7.840290381125228,2.368421052631579,1.8784029038112524,2.9401088929219603,1.3883847549909256,53.4,37.9,32.2,0.0,,,,,,,,,,,,,,0.0,0.0,1.0,0.0,0.0,0.0,0.0,0.0,1.0,0.0,0.0,0.0,0.0,0.0,3d7e48ce,2018,0,
22.0,951.0,67.5,51.5,63.8,56.6,51.4,57.4,56.6,57.0,0.54,0.11356466876971609,0.1608832807570978,3.217665615141956,4.542586750788644,3.0283911671924293,0.7570977917981073,2.460567823343849,0.8517350157728707,1.7981072555205049,86.0,70.0,27.8,0.0,,,,,,,,,,,,,,0.0,0.0,1.0,0.0,0.0,0.0,1.0,0.0,0.0,0.0,0.0,0.0,0.0,0.0,3e092724,2018,1,56.0
22.0,2353.0,53.5,35.6,29.6,75.7,46.7,50.3,52.7,51.5,0.13,0.04207394815129622,0.011474713132171695,0.7267318317042074,2.868678283042924,2.983425414364641,0.03824904377390565,1.7977050573735656,0.5354866128346791,0.1529961750956226,90.1,65.2,68.8,0.0,,,,,,,,,,,,,,1.0,0.0,0.0,0.0,0.0,0.0,0.0,0.0,0.0,0.0,0.0,1.0,0.0,0.0,3ead85f9,2018,1,52.95
21.0,1184.0,43.4,16.1,24.3,58.9,32.2,34.5,38.2,36.4,0.01,0.2964527027027027,0.06841216216216217,1.9763513513513515,0.3800675675675676,0.7601351351351352,0.30405405405405406,0.4560810810810811,3.800675675675676,1.0641891891891893,81.3,46.2,34.6,0.0,,,,,,,,,,,,,,0.0,1.0,0.0,0.0,0.0,0.0,0.0,1.0,0.0,0.0,0.0,0.0,0.0,0.0,3eaf8817,2018,1,47.9
22.0,1533.0,49.5,81.4,76.9,64.0,53.3,63.2,68.6,65.9,0.73,0.2054794520547945,0.16438356164383558,3.4637964774951073,3.581213307240704,9.452054794520548,2.054794520547945,2.407045009784736,6.164383561643835,1.761252446183953,84.3,8.7,44.8,0.0,,,,,,,,,,,,,,0.0,1.0,0.0,0.0,0.0,1.0,0.0,0.0,0.0,0.0,0.0,0.0,0.0,0.0,3eb22ec9,2018,1,70.75
23.0,2189.0,54.2,65.6,17.2,72.4,52.2,56.5,59.5,58.0,0.54,0.02878026496116948,0.004111466423024212,0.4111466423024212,3.5769757880310644,5.2215623572407495,0.2055733211512106,3.3714024668798537,0.698949291914116,0.04111466423024212,90.7,69.8,64.0,0.0,,,,,,,,,,,,,,1.0,0.0,0.0,0.0,0.0,0.0,0.0,0.0,0.0,1.0,0.0,0.0,0.0,0.0,3eed9821,2018,1,57.6
21.0,940.0,51.0,59.0,48.0,36.1,51.7,50.6,49.3,50.0,0.15,0.3638297872340425,0.08617021276595745,3.734042553191489,1.3404255319148937,4.212765957446808,1.4361702127659575,0.9574468085106382,6.98936170212766,1.8191489361702127,75.0,31.6,27.5,0.0,,,,,,,,,,,,,,0.0,1.0,0.0,0.0,0.0,0.0,0.0,0.0,0.0,0.0,0.0,0.0,1.0,0.0,3effaa34,2018,1,68.80000000000001
19.0,998.0,52.6,59.3,56.4,13.8,7.5,40.8,46.0,43.4,0.77,0.0811623246492986,0.12625250501002003,3.0661322645290583,2.344689378757515,6.673346693386773,1.9839679358717435,1.3527054108216434,3.967935871743487,1.0821643286573146,70.5,16.7,29.2,0.0,,,,,,,,,,,,,,0.0,0.0,1.0,0.0,0.0,0.0,0.0,0.0,1.0,0.0,0.0,0.0,0.0,0.0,42eaa028,2018,1,50.2
18.0,2168.0,91.8,84.3,90.7,43.6,20.6,78.1,79.4,78.8,0.62,0.5894833948339483,0.33625461254612543,4.234317343173432,2.158671586715867,6.683579335793358,2.864391143911439,0.45664206642066424,9.091328413284133,2.117158671586716,78.99253112033193,20.0,59.186162361623616,0.0,,,,,,,,,,,,,,0.0,1.0,0.0,0.0,0.0,1.0,0.0,0.0,0.0,0.0,0.0,0.0,0.0,0.0,42fd9c7f,2018,1,81.65
18.0,1322.0,53.2,66.9,37.9,62.8,37.1,50.3,56.1,53.2,1.31,0.05446293494704993,0.027231467473524965,0.8850226928895613,3.540090771558245,6.3993948562783665,0.340393343419062,3.0635400907715584,0.4084720121028744,0.340393343419062,88.4,66.7,38.7,0.0,,,,,,,,,,,,,,1.0,0.0,0.0,0.0,0.0,0.0,0.0,0.0,0.0,1.0,0.0,0.0,0.0,0.0,4315f30d,2018,1,45.6
22.0,1977.0,49.9,41.5,22.3,36.4,35.7,39.9,42.2,41.0,0.05,0.3277693474962064,0.05007587253414265,1.7754172989377845,0.7283763277693476,3.050075872534143,1.6843702579666162,0.3641881638846738,4.6433990895295905,0.6373292867981791,74.98590909090909,34.74136363636364,63.97627718765806,0.0,,,,,,,,,,,,,,0.0,1.0,0.0,0.0,0.0,0.0,0.0,1.0,0.0,0.0,0.0,0.0,0.0,0.0,43a166b4,2018,0,
22.0,2520.0,53.4,47.7,22.6,48.4,56.4,49.1,47.4,48.2,0.31,0.05714285714285715,0.0035714285714285718,0.4642857142857143,3.357142857142857,2.107142857142857,0.21428571428571427,4.464285714285714,0.8214285714285714,0.10714285714285714,80.1,58.5,73.7,0.0,,,,,,,,,,,,,,1.0,0.0,0.0,0.0,0.0,0.0,0.0,0.0,0.0,1.0,0.0,0.0,0.0,0.0,43e7a164,2018,1,59.5
21.0,1697.0,62.0,50.9,65.1,24.2,25.4,46.3,48.3,47.3,0.67,0.13258691809074838,0.1803182086034178,2.5987035945786685,1.5380082498526813,6.894519740718916,1.9092516205067769,2.068355922215675,3.28815556865056,1.4319387153800827,71.6,18.2,49.6,0.0,,,,,,,,,,,,,,0.0,0.0,1.0,0.0,0.0,0.0,0.0,0.0,1.0,0.0,0.0,0.0,0.0,0.0,4468ec10,2018,0,
23.0,2928.0,59.3,23.7,21.1,54.4,66.9,50.2,58.3,54.2,2.87,0.03381147540983607,0.02151639344262295,0.2766393442622951,2.2745901639344264,1.4139344262295084,0.18442622950819673,2.2131147540983607,1.014344262295082,0.18442622950819673,80.0,71.9,85.6,0.0,,,,,,,,,,,,,,1.0,0.0,0.0,0.0,0.0,0.0,0.0,0.0,0.0,0.0,0.0,1.0,0.0,0.0,450ab6fc,2018,1,50.95
21.0,3060.0,48.8,51.9,28.4,61.2,69.2,58.6,64.0,61.3,1.07,0.029411764705882353,0.03235294117647059,0.5294117647058824,2.9705882352941178,2.7058823529411766,0.2647058823529412,2.8823529411764706,0.8529411764705882,0.14705882352941177,83.7,56.5,100.0,0.0,,,,,,,,,,,,,,1.0,0.0,0.0,0.0,0.0,0.0,0.0,0.0,0.0,0.0,0.0,1.0,0.0,0.0,45a03961,2018,1,64.30000000000001
21.0,1844.0,88.8,81.9,94.5,47.9,24.3,70.0,81.5,75.8,0.48,0.21963123644251628,0.31236442516268986,4.783080260303688,4.734273318872018,10.3470715835141,1.2689804772234274,1.6594360086767896,4.8806941431670285,2.4891540130151846,84.0,50.0,53.9,0.0,,,,,,,,,,,,,,0.0,0.0,1.0,1.0,0.0,0.0,0.0,0.0,0.0,0.0,0.0,0.0,0.0,0.0,45af8a54,2018,1,61.3
22.0,1193.0,60.3,62.7,74.7,31.0,35.1,54.3,57.4,55.8,0.37,0.18105616093880972,0.15088013411567475,3.4702430846605195,3.696563285834032,5.7334450963956405,2.8667225481978202,2.1123218776194466,4.90360435875943,1.584241408214585,80.4,46.4,34.9,0.0,,,,,,,,,,,,,,0.0,0.0,1.0,0.0,0.0,0.0,0.0,0.0,1.0,0.0,0.0,0.0,0.0,0.0,45b9b619,2018,1,67.4
23.0,1034.0,44.6,53.2,73.6,28.7,14.1,45.2,48.8,47.0,0.44,0.06092843326885879,0.13926499032882012,3.655705996131528,4.090909090909091,4.439071566731141,2.3500967117988396,1.5667311411992264,2.0889748549323017,1.4796905222437138,75.4,7.1,30.2,0.0,,,,,,,,,,,,,,0.0,0.0,1.0,0.0,0.0,0.0,0.0,0.0,1.0,0.0,0.0,0.0,0.0,0.0,45e304c8,2018,0,
23.0,2770.0,35.1,44.4,23.4,57.2,75.9,46.1,46.6,46.4,0.15,0.04548736462093862,0.10072202166064982,1.3971119133574006,4.841155234657039,3.444043321299639,0.6173285198555957,2.664259927797834,0.51985559566787,0.7472924187725631,81.8,64.6,81.0,0.0,,,,,,,,,,,,,,0.0,0.0,1.0,0.0,0.0,0.0,1.0,0.0,0.0,0.0,0.0,0.0,0.0,0.0,4611e028,2018,1,49.3
22.0,1573.0,62.9,77.6,92.4,29.1,30.5,65.1,70.5,67.8,0.84,0.3604577240940877,0.3146853146853147,4.462809917355372,2.9179910998092815,8.753973299427845,3.0896376350921804,1.6020343293070565,5.607120152574698,2.002542911633821,74.5,13.3,46.0,0.0,,,,,,,,,,,,,,0.0,1.0,0.0,0.0,0.0,1.0,0.0,0.0,0.0,0.0,0.0,0.0,0.0,0.0,4737cebe,2018,1,63.75
20.0,2914.0,65.3,70.7,56.0,48.0,61.7,59.7,61.3,60.5,0.18,0.04941660947151681,0.055593685655456415,1.1736444749485242,4.138641043239533,4.756348661633493,1.0192175703500344,2.7487989018531227,1.5751544269045983,0.4015099519560741,84.8,61.9,95.2,0.0,,,,,,,,,,,,,,1.0,0.0,0.0,0.0,1.0,0.0,0.0,0.0,0.0,0.0,0.0,0.0,0.0,0.0,48035304,2018,1,63.35
23.0,3006.0,40.0,28.1,17.1,55.5,68.8,39.3,38.9,39.1,0.02,0.0658682634730539,0.029940119760479042,0.9580838323353293,2.724550898203593,2.964071856287425,0.688622754491018,3.8922155688622757,1.1077844311377245,0.32934131736526945,85.2,58.8,87.9,0.0,,,,,,,,,,,,,,0.0,0.0,1.0,0.0,0.0,0.0,1.0,0.0,0.0,0.0,0.0,0.0,0.0,0.0,48b28bfd,2018,1,45.2
22.0,2329.0,62.9,93.0,99.5,51.7,21.7,53.3,71.1,62.2,0.17,0.019321597252039503,0.23958780592528983,3.6711034778875056,6.028338342636325,8.308286818376986,0.9660798626019751,1.7775869471876342,2.279948475740661,2.1253756977243454,83.7,47.1,76.1,0.0,,,,,,,,,,,,,,1.0,0.0,0.0,0.0,1.0,0.0,0.0,0.0,0.0,0.0,0.0,0.0,0.0,0.0,49296448,2018,1,71.4
20.0,1459.0,43.0,57.1,55.7,11.4,56.1,45.4,48.4,46.9,1.25,0.09252912954078135,0.1172035640849897,2.2823851953392733,2.8992460589444824,7.587388622344071,1.912268677176148,4.009595613433858,2.5908156271418776,0.9869773817683344,66.0,43.2,42.7,0.0,,,,,,,,,,,,,,0.0,0.0,1.0,0.0,0.0,0.0,0.0,0.0,1.0,0.0,0.0,0.0,0.0,0.0,49ea92be,2018,1,40.1
21.0,2494.0,78.5,65.7,58.8,33.6,38.5,63.5,62.8,63.2,0.23,0.41860465116279066,0.17321571772253408,2.345629510825982,1.5878107457898958,5.918203688853247,1.5517241379310345,1.082598235765838,7.217321571772253,0.9021651964715316,69.5,37.5,81.5,0.0,,,,,,,,,,,,,,0.0,1.0,0.0,0.0,0.0,1.0,0.0,0.0,0.0,0.0,0.0,0.0,0.0,0.0,49fe9070,2018,1,72.4
21.0,1797.0,73.2,70.8,88.8,28.1,59.4,64.5,63.0,63.8,0.26,0.1302170283806344,0.20534223706176963,4.156928213689483,5.859766277128548,5.959933222036728,1.0517529215358932,3.606010016694491,2.654424040066778,2.4540901502504178,78.4,55.6,52.5,0.0,,,,,,,,,,,,,,0.0,0.0,1.0,0.0,0.0,0.0,1.0,0.0,0.0,0.0,0.0,0.0,0.0,0.0,4a5a45c7,2018,1,69.25
22.0,1429.0,60.0,22.1,39.5,39.8,59.7,45.2,50.6,47.9,0.41,0.044086773967809655,0.0377886634009797,0.6298110566829951,1.8894331700489853,1.1966410076976906,0.12596221133659902,2.393282015395381,1.0076976906927921,0.31490552834149754,71.7,62.2,41.8,0.0,,,,,,,,,,,,,,1.0,0.0,0.0,0.0,0.0,0.0,0.0,0.0,0.0,0.0,0.0,1.0,0.0,0.0,4ac7608e,2018,1,47.7
23.0,1153.0,53.2,14.3,16.4,53.7,33.8,34.1,37.0,35.6,0.2,0.031222896790980052,0.015611448395490026,0.3122289679098005,1.6392020815264527,0.8586296617519514,0.2341717259323504,1.7172593235039029,0.7025151777970511,0.15611448395490024,72.3,56.8,33.7,0.0,,,,,,,,,,,,,,1.0,0.0,0.0,0.0,0.0,0.0,0.0,0.0,0.0,0.0,0.0,1.0,0.0,0.0,4b029b31,2018,1,35.6
20.0,1529.0,77.5,57.5,68.8,24.1,28.4,51.7,62.1,56.9,0.45,0.1824722040549379,0.22956180510137347,3.1196860693263573,3.649444081098758,4.5912361020274695,1.6481360366252453,2.0601700457815566,3.0019620667102687,1.8835840418574235,74.3,18.8,44.7,0.0,,,,,,,,,,,,,,0.0,0.0,1.0,1.0,0.0,0.0,0.0,0.0,0.0,0.0,0.0,0.0,0.0,0.0,4b96c347,2018,1,64.0
18.0,1716.0,62.6,77.0,58.8,35.1,64.8,59.1,62.3,60.7,0.12,0.03671328671328671,0.06293706293706293,1.2062937062937062,4.458041958041958,5.1923076923076925,1.2062937062937062,3.304195804195804,0.9440559440559441,0.47202797202797203,83.5,61.2,56.1,0.0,,,,,,,,,,,,,,1.0,0.0,0.0,0.0,1.0,0.0,0.0,0.0,0.0,0.0,0.0,0.0,0.0,0.0,4bd00a50,2018,0,
20.0,3068.0,68.0,26.7,32.7,55.6,37.7,48.4,54.3,51.4,0.18,0.43415906127770537,0.11440677966101695,1.9654498044328552,1.1734028683181226,2.1707953063885266,0.46936114732724904,0.3520208604954368,3.9602346805736635,0.6160365058670143,74.1,46.8,89.70000000000002,0.0,,,,,,,,,,,,,,0.0,1.0,0.0,0.0,0.0,0.0,0.0,1.0,0.0,0.0,0.0,0.0,0.0,0.0,4c2e9442,2018,1,29.9
20.0,2315.0,36.1,52.8,62.8,54.5,29.3,44.0,48.7,46.4,1.56,0.011663066954643628,0.023326133909287255,1.1663066954643628,4.198704103671706,2.799136069114471,0.19438444924406048,2.3714902807775378,0.23326133909287258,0.5053995680345572,83.8,53.3,67.7,0.0,,,,,,,,,,,,,,1.0,0.0,0.0,0.0,0.0,0.0,0.0,0.0,0.0,1.0,0.0,0.0,0.0,0.0,4c700f46,2018,1,44.2
18.0,1589.0,66.5,60.1,45.3,66.4,49.9,56.4,58.8,57.6,1.07,0.0736312146003776,0.005663939584644431,0.8495909376966646,4.644430459408433,3.9081183134046573,0.22655758338577722,1.9823788546255507,0.6796727501573316,0.1699181875393329,82.8,68.8,46.5,0.0,,,,,,,,,,,,,,1.0,0.0,0.0,0.0,0.0,0.0,0.0,0.0,0.0,1.0,0.0,0.0,0.0,0.0,4d1666ff,2018,1,57.0
19.0,936.0,82.7,39.0,34.7,51.5,48.3,57.8,64.6,61.2,0.46,0.7788461538461537,0.125,1.923076923076923,0.8653846153846153,1.8269230769230769,0.9615384615384615,0.8653846153846153,5.0,0.4807692307692307,73.9,26.2,30.6,0.0,,,,,,,,,,,,,,0.0,1.0,0.0,0.0,0.0,0.0,0.0,1.0,0.0,0.0,0.0,0.0,0.0,0.0,4d8cd038,2018,1,45.0
23.0,2058.0,24.5,40.3,20.6,59.7,69.3,42.2,43.8,43.0,0.23,0.021865889212827987,0.05685131195335277,1.530612244897959,4.067055393586005,3.717201166180758,0.1749271137026239,3.80466472303207,0.4810495626822157,0.7434402332361516,81.4,56.29999999999999,60.2,0.0,,,,,,,,,,,,,,0.0,0.0,1.0,0.0,0.0,0.0,1.0,0.0,0.0,0.0,0.0,0.0,0.0,0.0,4db2157a,2018,0,
21.0,2378.0,73.3,76.1,86.3,29.5,17.9,59.7,65.1,62.4,0.22,0.14003364171572752,0.2611438183347351,3.9360807401177462,5.033641715727502,8.515559293523971,2.346509671993272,1.703111858704794,2.043734230445753,2.1951219512195124,75.8,37.5,69.5,0.0,,,,,,,,,,,,,,0.0,0.0,1.0,0.0,0.0,0.0,0.0,0.0,1.0,0.0,0.0,0.0,0.0,0.0,4dbd0916,2018,1,53.0
23.0,2830.0,51.9,80.8,95.4,42.7,41.9,64.5,71.4,68.0,0.61,0.13674911660777386,0.24169611307420494,5.247349823321555,5.946996466431096,9.349823321554771,2.5759717314487633,0.7632508833922261,4.5159010600706715,2.512367491166078,72.5,30.0,82.7,0.0,,,,,,,,,,,,,,0.0,1.0,0.0,0.0,0.0,1.0,0.0,0.0,0.0,0.0,0.0,0.0,0.0,0.0,4e219ad2,2018,1,58.8
22.0,2844.0,79.6,84.7,76.6,23.6,56.7,65.9,73.2,69.6,0.21,0.20253164556962025,0.18354430379746833,3.291139240506329,6.424050632911392,6.139240506329114,2.1835443037974684,2.310126582278481,4.6835443037974684,1.5822784810126582,78.3,53.9,83.2,0.0,,,,,,,,,,,,,,0.0,0.0,1.0,1.0,0.0,0.0,0.0,0.0,0.0,0.0,0.0,0.0,0.0,0.0,4e6dbac4,2018,1,62.800000000000004
22.0,3001.0,66.9,41.6,21.7,65.7,47.1,49.1,51.3,50.2,0.24,0.07797400866377875,0.020993002332555816,0.38987004331889374,2.30923025658114,1.709430189936688,0.299900033322226,2.669110296567811,0.8097300899700101,0.149950016661113,83.0,57.3,87.7,0.0,,,,,,,,,,,,,,1.0,0.0,0.0,0.0,0.0,0.0,0.0,0.0,0.0,0.0,0.0,1.0,0.0,0.0,4f28a6ff,2018,1,61.75
22.0,1473.0,87.0,42.9,51.6,18.1,17.0,42.4,55.0,48.7,0.8,0.329938900203666,0.1405295315682281,2.1384928716904277,1.4663951120162932,5.560081466395112,1.0997963340122199,0.9775967413441955,4.765784114052953,0.9164969450101833,68.6,50.0,43.1,0.0,,,,,,,,,,,,,,0.0,0.0,1.0,1.0,0.0,0.0,0.0,0.0,0.0,0.0,0.0,0.0,0.0,0.0,509a4ccb,2018,1,63.7
20.0,1672.0,48.5,49.7,66.0,54.1,58.8,53.8,56.2,55.0,0.31,0.263755980861244,0.18301435406698563,2.7452153110047846,2.0454545454545454,3.767942583732057,0.7535885167464115,2.5299043062200957,4.090909090909091,1.345693779904306,74.2,40.4,48.9,0.0,,,,,,,,,,,,,,0.0,1.0,0.0,0.0,0.0,0.0,0.0,0.0,0.0,0.0,0.0,0.0,1.0,0.0,5148dcc5,2018,1,52.1
23.0,1565.0,29.9,49.2,26.9,68.9,49.2,45.8,47.6,46.7,0.64,0.02875399361022364,0.023003194888178913,1.3801916932907348,5.520766773162939,4.830670926517572,0.3450479233226837,3.1629392971246006,0.5175718849840255,0.5175718849840255,86.0,50.0,45.8,0.0,,,,,,,,,,,,,,0.0,0.0,1.0,0.0,0.0,0.0,1.0,0.0,0.0,0.0,0.0,0.0,0.0,0.0,51c30111,2018,0,
20.0,2365.0,66.7,43.7,42.7,60.6,63.0,56.7,60.2,58.4,0.34,0.06088794926004228,0.01522198731501057,0.9133192389006343,2.2452431289640593,2.8160676532769555,0.34249471458773784,3.919661733615222,0.9133192389006343,0.38054968287526425,83.2,56.3,77.3,0.0,,,,,,,,,,,,,,1.0,0.0,0.0,0.0,0.0,0.0,0.0,0.0,0.0,0.0,0.0,1.0,0.0,0.0,51dbeea9,2018,1,46.2
23.0,1138.0,27.5,68.0,55.5,11.7,64.6,43.3,51.6,47.4,1.13,0.1739894551845343,0.10281195079086117,2.4516695957820738,3.875219683655536,5.061511423550088,1.7398945518453428,3.084358523725835,3.005272407732865,1.1862917398945518,63.6,27.91428571428571,22.971880492091387,0.0,,,,,,,,,,,,,,0.0,1.0,0.0,0.0,0.0,1.0,0.0,0.0,0.0,0.0,0.0,0.0,0.0,0.0,524eb8c5,2018,0,
21.0,3180.0,35.3,50.5,41.4,61.6,66.9,51.1,60.3,55.7,0.62,0.03962264150943396,0.07924528301886792,2.122641509433962,6.113207547169811,3.3679245283018866,1.0471698113207546,4.528301886792453,0.5094339622641509,0.9056603773584905,84.7,39.2,93.0,0.0,,,,,,,,,,,,,,0.0,0.0,1.0,0.0,0.0,0.0,0.0,0.0,0.0,0.0,1.0,0.0,0.0,0.0,52611641,2018,1,50.2
22.0,1868.0,45.0,52.1,42.6,49.0,42.5,47.1,48.1,47.6,0.51,0.08190578158458243,0.05299785867237688,2.5053533190578157,3.1316916488222697,5.155246252676659,1.5899357601713062,1.975374732334047,1.2526766595289078,0.867237687366167,84.9,42.1,54.6,0.0,,,,,,,,,,,,,,0.0,0.0,1.0,0.0,0.0,0.0,0.0,0.0,1.0,0.0,0.0,0.0,0.0,0.0,5313ed43,2018,1,56.25
23.0,1751.0,54.7,78.2,65.8,5.7,61.3,57.4,63.9,60.6,1.24,0.24157624214734438,0.22101656196459166,2.6727584237578528,2.4671616219303254,5.5511136493432325,2.2615648201027985,1.9531696173615076,5.705311250713878,1.2335808109651627,54.8,28.2,57.20000000000001,0.0,,,,,,,,,,,,,,0.0,1.0,0.0,0.0,0.0,1.0,0.0,0.0,0.0,0.0,0.0,0.0,0.0,0.0,536cebe5,2018,1,59.9
22.0,2296.0,40.3,73.1,75.5,33.4,56.1,54.8,58.9,56.8,0.1,0.22735191637630658,0.14503484320557491,4.586236933797909,3.959059233449477,4.547038327526132,1.450348432055749,1.6855400696864111,3.8806620209059233,2.195121951219512,66.1,29.2,67.1,0.0,,,,,,,,,,,,,,0.0,1.0,0.0,0.0,0.0,0.0,0.0,0.0,0.0,0.0,0.0,0.0,1.0,0.0,53a0e358,2018,1,70.7
22.0,1109.0,50.5,39.7,41.5,23.1,74.6,50.3,45.7,48.0,0.83,0.02434625788999098,0.06492335437330929,0.5680793507664562,2.921550946798918,1.7853922452660054,0.40577096483318303,5.27502254283138,0.5680793507664562,0.40577096483318303,64.8,70.0,32.4,0.0,,,,,,,,,,,,,,1.0,0.0,0.0,0.0,1.0,0.0,0.0,0.0,0.0,0.0,0.0,0.0,0.0,0.0,54f5ce34,2018,0,
20.0,1744.0,70.7,71.9,73.2,24.4,45.3,58.5,65.9,62.2,0.26,0.1496559633027523,0.17545871559633028,3.4059633027522938,5.212155963302752,7.276376146788992,1.599770642201835,2.4770642201834865,3.5607798165137616,1.548165137614679,77.3,40.9,57.0,0.0,,,,,,,,,,,,,,0.0,0.0,1.0,1.0,0.0,0.0,0.0,0.0,0.0,0.0,0.0,0.0,0.0,0.0,555d5edd,2018,1,58.55
22.0,1928.0,55.8,28.7,27.0,30.8,49.2,38.6,42.3,40.4,0.03,0.046680497925311204,0.009336099585062242,0.42012448132780084,2.3340248962655603,1.1670124481327802,0.23340248962655602,2.3340248962655603,0.7002074688796681,0.23340248962655602,73.2,58.5,56.4,0.0,,,,,,,,,,,,,,1.0,0.0,0.0,0.0,0.0,0.0,0.0,0.0,0.0,0.0,0.0,1.0,0.0,0.0,555f3a0b,2018,1,49.55
20.0,1569.0,46.5,62.8,57.1,38.8,58.7,53.8,53.6,53.7,0.04,0.0745697896749522,0.06309751434034418,3.2695984703632885,4.474187380497132,5.736137667304015,1.089866156787763,3.3269598470363286,1.6061185468451242,1.0325047801147227,78.1,55.6,45.89999999999999,0.0,,,,,,,,,,,,,,0.0,0.0,1.0,0.0,0.0,0.0,0.0,0.0,0.0,0.0,1.0,0.0,0.0,0.0,56f7a928,2018,1,57.099999999999994
17.0,1207.0,52.4,71.8,58.2,27.5,57.0,55.1,59.0,57.0,0.18,0.14167357083678542,0.15658657829328915,2.75890637945319,4.995857497928749,6.188898094449047,2.908036454018227,2.684341342170671,1.64043082021541,1.4913007456503728,79.2,38.1,39.4,0.0,,,,,,,,,,,,,,0.0,0.0,1.0,0.0,0.0,0.0,0.0,0.0,1.0,0.0,0.0,0.0,0.0,0.0,5722eced,2018,1,42.0
23.0,1870.0,53.8,61.2,81.2,22.9,37.5,43.8,55.0,49.4,2.73,0.01443850267379679,0.0962566844919786,1.7807486631016043,2.4545454545454546,6.786096256684492,2.7914438502673797,4.620320855614973,1.2513368983957218,0.8663101604278075,73.0,55.6,54.7,0.0,,,,,,,,,,,,,,1.0,0.0,0.0,0.0,1.0,0.0,0.0,0.0,0.0,0.0,0.0,0.0,0.0,0.0,57df7a11,2018,1,52.8
22.0,2841.0,46.6,69.8,67.9,35.7,55.3,55.3,60.4,57.8,0.86,0.2344244984160507,0.1235480464625132,3.009503695881732,2.692713833157339,5.163674762407603,2.5026399155227033,1.4889123548046463,3.9598732840549102,1.362196409714889,78.7,38.5,83.1,0.0,,,,,,,,,,,,,,0.0,1.0,0.0,0.0,0.0,1.0,0.0,0.0,0.0,0.0,0.0,0.0,0.0,0.0,57e3f0c7,2018,1,54.0
21.0,2124.0,31.9,15.1,8.5,39.0,56.5,27.3,26.5,26.9,0.71,0.06779661016949153,0.08050847457627118,0.847457627118644,2.2033898305084745,1.6525423728813557,0.7203389830508474,3.0084745762711864,0.7203389830508474,0.3813559322033898,68.7,34.0,62.1,0.0,,,,,,,,,,,,,,0.0,0.0,1.0,0.0,0.0,0.0,1.0,0.0,0.0,0.0,0.0,0.0,0.0,0.0,58afe001,2018,1,38.6
22.0,2126.0,53.0,46.4,24.0,53.2,75.6,48.6,61.9,55.2,1.15,0.1354656632173095,0.050799623706491055,1.6933207902163687,3.471307619943556,4.571966133584195,0.8889934148635935,5.037629350893697,2.2436500470366885,0.5503292568203199,85.8,53.2,62.2,0.0,,,,,,,,,,,,,,0.0,0.0,1.0,0.0,0.0,0.0,0.0,0.0,0.0,0.0,1.0,0.0,0.0,0.0,59bf127b,2018,1,53.05
21.0,993.0,55.3,61.9,58.5,15.5,36.6,39.5,48.4,44.0,1.49,0.027190332326283987,0.045317220543806644,1.0876132930513596,2.990936555891239,5.619335347432024,1.6314199395770392,4.622356495468278,1.6314199395770392,0.7250755287009063,75.9,42.1,29.0,0.0,,,,,,,,,,,,,,1.0,0.0,0.0,0.0,1.0,0.0,0.0,0.0,0.0,0.0,0.0,0.0,0.0,0.0,59d53e8a,2018,0,
23.0,2275.0,33.4,17.5,10.7,47.5,85.6,34.7,59.5,47.1,0.75,0.05538461538461538,0.03164835164835165,0.7516483516483516,2.334065934065934,1.1076923076923078,0.27692307692307694,2.9274725274725273,1.2659340659340659,0.35604395604395606,75.1,56.8,74.3,0.0,,,,,,,,,,,,,,0.0,0.0,1.0,0.0,0.0,0.0,0.0,0.0,0.0,0.0,1.0,0.0,0.0,0.0,59e4b92e,2018,1,38.95
20.0,1882.0,42.9,37.2,54.3,10.3,65.3,43.0,45.8,44.4,1.19,0.22954303931987247,0.12433581296493093,2.1519659936238043,1.434643995749203,2.5345377258235917,1.7215727948990436,1.4824654622741764,4.112646121147715,0.9086078639744952,62.99999999999999,44.9,55.0,0.0,,,,,,,,,,,,,,0.0,1.0,0.0,0.0,0.0,0.0,0.0,0.0,0.0,0.0,0.0,0.0,0.0,1.0,59e6e5bf,2018,1,47.6
23.0,2507.0,74.2,31.8,42.2,49.5,27.4,52.2,58.0,55.1,1.38,0.4236138811328281,0.10410849621061029,2.333466294375748,0.86158755484643,3.302752293577982,1.0769844435580376,0.430793777423215,4.379736737136019,0.8974870362983646,72.4,40.9,73.3,0.0,,,,,,,,,,,,,,0.0,1.0,0.0,0.0,0.0,0.0,0.0,1.0,0.0,0.0,0.0,0.0,0.0,0.0,5c4dc0ff,2018,0,
20.0,1582.0,27.2,33.4,24.1,67.6,59.8,41.4,54.4,47.9,0.41,0.03413400758533502,0.011378002528445006,1.0240202275600505,3.0151706700379264,3.868520859671302,0.3982300884955752,3.0151706700379264,0.34134007585335013,0.17067003792667507,85.2,58.0,46.3,0.0,,,,,,,,,,,,,,0.0,0.0,1.0,0.0,0.0,0.0,0.0,0.0,0.0,0.0,1.0,0.0,0.0,0.0,5c7845f6,2018,1,52.25
22.0,1611.0,73.4,80.7,74.4,24.6,36.2,60.5,65.9,63.2,1.06,0.12290502793296092,0.17318435754189945,3.240223463687151,4.916201117318436,11.061452513966481,4.41340782122905,1.2849162011173185,5.5307262569832405,1.3966480446927376,78.5,0.0,52.6,0.0,,,,,,,,,,,,,,0.0,0.0,1.0,0.0,0.0,0.0,0.0,0.0,1.0,0.0,0.0,0.0,0.0,0.0,5caa62a7,2018,0,
20.0,2588.0,45.6,74.2,76.1,48.1,60.9,63.1,66.5,64.8,0.32,0.059119010819165374,0.15996908809891808,4.034003091190108,5.251159196290572,7.998454404945904,2.1561051004636784,3.7557959814528594,1.2519319938176197,1.6344667697063369,87.61324041811845,59.09407665505226,63.15533230293663,0.0,,,,,,,,,,,,,,0.0,0.0,1.0,0.0,0.0,0.0,0.0,0.0,1.0,0.0,0.0,0.0,0.0,0.0,5cdddffa,2018,1,57.1
23.0,1431.0,47.1,46.7,45.1,38.8,68.0,48.0,47.3,47.6,0.37,0.0880503144654088,0.07547169811320754,2.3270440251572326,2.7044025157232703,4.591194968553459,1.3836477987421383,3.647798742138365,1.8238993710691824,1.1949685534591195,83.5132075471698,72.7,36.57148846960168,0.0,,,,,,,,,,,,,,0.0,0.0,1.0,0.0,0.0,0.0,0.0,0.0,1.0,0.0,0.0,0.0,0.0,0.0,5cec2c74,2018,1,46.0
21.0,992.0,46.9,66.4,47.8,37.1,59.5,51.3,51.1,51.2,0.1,0.28125,0.20866935483870966,3.0846774193548385,1.5423387096774193,3.3568548387096775,1.814516129032258,0.907258064516129,7.80241935483871,1.0887096774193548,77.1,46.9,29.0,0.0,,,,,,,,,,,,,,0.0,1.0,0.0,0.0,0.0,0.0,0.0,0.0,0.0,0.0,0.0,0.0,0.0,1.0,5d4f7d61,2018,1,56.0
22.0,3240.0,54.9,38.4,65.4,24.0,57.7,46.0,48.5,47.2,1.59,0.03888888888888889,0.04722222222222222,1.2222222222222223,2.5555555555555554,3.2222222222222223,0.6944444444444444,5.972222222222222,0.4444444444444444,0.3888888888888889,67.6,65.2,94.7,0.0,,,,,,,,,,,,,,1.0,0.0,0.0,0.0,1.0,0.0,0.0,0.0,0.0,0.0,0.0,0.0,0.0,0.0,5d8d7454,2018,1,53.25
20.0,2642.0,64.1,51.3,86.4,22.0,47.6,46.6,56.2,51.4,1.91,0.030658591975775928,0.10560181680545043,2.1120363361090084,2.7252081756245268,3.8152914458743377,1.39666919000757,3.985616956850871,1.635124905374716,0.9197577592732779,69.8,60.0,77.3,0.0,,,,,,,,,,,,,,1.0,0.0,0.0,0.0,1.0,0.0,0.0,0.0,0.0,0.0,0.0,0.0,0.0,0.0,5db04597,2018,1,51.9
22.0,2591.0,13.2,33.1,12.0,53.4,61.1,34.2,36.1,35.2,0.11,0.020841373986877652,0.027788498649170205,1.285218062524122,3.6472404477035893,3.855654187572366,0.4862987263604786,3.5430335777692012,0.20841373986877654,0.5557699729834041,80.10000000000001,56.8,75.8,0.0,,,,,,,,,,,,,,0.0,0.0,1.0,0.0,0.0,0.0,1.0,0.0,0.0,0.0,0.0,0.0,0.0,0.0,5e22e2a4,2018,1,52.599999999999994
21.0,2278.0,62.0,53.7,18.9,34.1,76.5,54.8,62.0,58.4,0.7,0.07111501316944689,0.0,0.43459174714661986,3.318700614574188,2.923617208077261,0.829675153643547,3.476733977172959,0.9877085162423178,0.07901668129938542,80.8,62.7,74.4,0.0,,,,,,,,,,,,,,1.0,0.0,0.0,0.0,0.0,0.0,0.0,0.0,0.0,0.0,0.0,1.0,0.0,0.0,5e66fa06,2018,1,53.6
23.0,2812.0,56.9,77.6,82.8,24.6,42.0,61.5,67.5,64.5,1.16,0.2496443812233286,0.22083926031294454,4.256756756756757,3.3285917496443815,8.065433854907539,2.2083926031294454,1.37624466571835,4.544807965860597,1.9843527738264581,64.7,25.0,82.2,0.0,,,,,,,,,,,,,,0.0,1.0,0.0,0.0,0.0,1.0,0.0,0.0,0.0,0.0,0.0,0.0,0.0,0.0,5e861944,2018,1,64.65
18.0,1228.0,42.4,46.3,32.9,62.8,68.3,57.7,63.2,60.4,0.48,0.021986970684039087,0.03664495114006515,0.7328990228013029,3.224755700325733,3.0048859934853422,0.36644951140065146,3.151465798045603,0.2931596091205212,0.2198697068403909,81.1,70.4,40.1,0.0,,,,,,,,,,,,,,1.0,0.0,0.0,0.0,0.0,0.0,0.0,0.0,0.0,0.0,0.0,1.0,0.0,0.0,5ed9b537,2018,0,
21.0,1023.0,75.1,44.7,61.6,19.9,58.0,49.7,47.5,48.6,0.01,0.21114369501466274,0.14956011730205276,2.6392961876832843,2.19941348973607,5.366568914956011,1.7595307917888563,4.486803519061583,2.1114369501466275,1.2316715542521994,72.3,24.2,29.9,0.0,,,,,,,,,,,,,,0.0,0.0,1.0,0.0,0.0,0.0,0.0,0.0,0.0,0.0,1.0,0.0,0.0,0.0,5eebbfdf,2018,1,36.6
23.0,1302.0,61.7,59.8,20.7,78.2,45.6,54.9,58.7,56.8,0.16,0.055299539170506916,0.0,0.4838709677419355,3.248847926267281,3.870967741935484,0.06912442396313365,2.9723502304147464,1.1751152073732718,0.0,96.5,81.1,38.1,0.0,,,,,,,,,,,,,,1.0,0.0,0.0,0.0,0.0,0.0,0.0,0.0,0.0,1.0,0.0,0.0,0.0,0.0,5eecec3d,2018,1,61.6
19.0,1793.0,68.4,65.3,37.9,45.8,32.8,51.5,54.0,52.8,0.42,0.18070273284997213,0.07529280535415506,2.1081985499163416,4.065811489124373,6.675962074735081,1.9576129392080315,2.007808142777468,2.208588957055215,0.8031232571109872,84.4,36.0,52.4,0.0,,,,,,,,,,,,,,0.0,0.0,1.0,0.0,0.0,0.0,0.0,0.0,1.0,0.0,0.0,0.0,0.0,0.0,6191093d,2018,1,50.099999999999994
23.0,1228.0,70.5,58.3,76.4,33.8,44.3,49.0,57.6,53.3,0.65,0.043973941368078175,0.05863192182410424,1.6123778501628665,3.0781758957654723,4.177524429967427,0.8794788273615636,3.298045602605863,1.3192182410423454,0.9527687296416939,75.9,41.7,40.1,0.0,,,,,,,,,,,,,,1.0,0.0,0.0,0.0,1.0,0.0,0.0,0.0,0.0,0.0,0.0,0.0,0.0,0.0,62ab9184,2018,1,48.6
21.0,2440.0,64.9,46.0,55.0,17.1,49.6,45.4,45.7,45.6,0.24,0.10327868852459016,0.14385245901639343,2.2868852459016393,2.1024590163934427,5.495901639344263,1.7336065573770492,3.209016393442623,3.2827868852459017,1.0327868852459017,63.1,46.7,71.3,0.0,,,,,,,,,,,,,,0.0,0.0,1.0,0.0,0.0,0.0,0.0,0.0,1.0,0.0,0.0,0.0,0.0,0.0,63f04c6c,2018,1,53.45
21.0,3227.0,29.7,52.4,28.0,71.0,83.1,52.4,70.1,61.2,0.88,0.041834521227145954,0.04741245739076542,1.8964982956306167,4.8528044623489315,4.04400371862411,0.72513170127053,3.848775952897428,0.920359466997211,0.6693523396343353,89.6,72.5,94.40000000000002,0.0,,,,,,,,,,,,,,0.0,0.0,1.0,0.0,0.0,0.0,0.0,0.0,0.0,0.0,1.0,0.0,0.0,0.0,6434f10d,2018,1,65.95
19.0,1170.0,42.3,50.6,64.3,40.7,34.6,42.7,48.5,45.6,0.78,0.015384615384615385,0.023076923076923075,1.5384615384615385,3.6153846153846154,3.769230769230769,1.1538461538461537,3.8461538461538463,0.46153846153846156,0.5384615384615384,79.9,62.5,34.2,0.0,,,,,,,,,,,,,,1.0,0.0,0.0,0.0,1.0,0.0,0.0,0.0,0.0,0.0,0.0,0.0,0.0,0.0,64ba07c0,2018,1,51.4
23.0,1607.0,30.1,36.8,19.5,54.2,76.6,55.0,64.5,59.8,0.27,0.01120099564405725,0.0,0.39203484754200374,3.6403235843186064,1.8481642812694463,0.16801493466085876,2.408214063472309,0.1120099564405725,0.05600497822028625,79.7,71.2,52.5,0.0,,,,,,,,,,,,,,1.0,0.0,0.0,0.0,0.0,0.0,0.0,0.0,0.0,0.0,0.0,1.0,0.0,0.0,64c07ae1,2018,0,
23.0,1796.0,49.7,50.2,48.1,27.1,53.7,45.6,43.7,44.7,0.19,0.030066815144766147,0.0400890868596882,0.7516703786191536,2.9565701559020043,3.6581291759465477,1.0022271714922049,3.1570155902004453,0.2505567928730512,0.4510022271714922,76.4,60.5,52.5,0.0,,,,,,,,,,,,,,1.0,0.0,0.0,0.0,0.0,0.0,0.0,0.0,0.0,1.0,0.0,0.0,0.0,0.0,64cd167d,2018,1,43.1
22.0,1575.0,87.1,72.0,67.0,60.5,51.2,67.8,72.8,70.3,0.4,0.2571428571428571,0.1657142857142857,2.857142857142857,7.428571428571429,7.142857142857143,0.34285714285714286,2.342857142857143,2.742857142857143,0.9714285714285714,89.8,48.6,51.5,0.0,,,,,,,,,,,,,,0.0,0.0,1.0,1.0,0.0,0.0,0.0,0.0,0.0,0.0,0.0,0.0,0.0,0.0,652d4c37,2018,0,
21.0,1741.0,22.6,50.6,55.1,24.3,62.0,38.8,44.5,41.6,1.21,0.11372774267662264,0.11372774267662264,2.067777139574957,1.8609994256174611,3.82538770821367,1.344055140723722,1.395749569213096,3.308443423319931,1.1889718552556001,66.7,40.0,56.9,0.0,,,,,,,,,,,,,,0.0,1.0,0.0,0.0,0.0,1.0,0.0,0.0,0.0,0.0,0.0,0.0,0.0,0.0,66385c46,2018,1,53.8
21.0,1078.0,56.9,61.0,80.2,12.2,35.1,50.6,54.5,52.6,0.4,0.06679035250463822,0.15862708719851576,3.339517625231911,3.7569573283858997,6.929499072356215,1.6697588126159555,3.00556586270872,2.8385899814471243,1.836734693877551,64.5,39.1,31.5,0.0,,,,,,,,,,,,,,0.0,0.0,1.0,0.0,0.0,0.0,0.0,0.0,1.0,0.0,0.0,0.0,0.0,0.0,6639e500,2018,1,58.2
20.0,1012.0,42.1,66.4,72.9,18.5,17.7,47.1,53.2,50.2,0.81,0.08003952569169961,0.10671936758893281,3.2015810276679844,3.379446640316206,8.359683794466404,2.756916996047431,1.689723320158103,5.335968379446641,1.0671936758893281,75.4,6.299999999999999,33.1,0.0,,,,,,,,,,,,,,0.0,0.0,1.0,0.0,0.0,0.0,0.0,0.0,1.0,0.0,0.0,0.0,0.0,0.0,6743cef5,2018,0,
19.0,1560.0,37.1,40.8,23.4,49.2,60.2,48.7,54.1,51.4,0.06,0.011538461538461539,0.0,0.3461538461538462,2.307692307692308,3.4615384615384617,0.40384615384615385,2.9423076923076925,0.5192307692307693,0.057692307692307696,85.9,61.2,51.0,0.0,,,,,,,,,,,,,,1.0,0.0,0.0,0.0,0.0,0.0,0.0,0.0,0.0,0.0,0.0,1.0,0.0,0.0,677da306,2018,1,57.8
20.0,2856.0,51.3,77.0,95.7,51.3,26.2,62.8,70.7,66.8,0.06,0.18592436974789917,0.2741596638655462,5.32563025210084,4.53781512605042,10.05252100840336,2.1743697478991595,1.0399159663865545,3.403361344537815,2.710084033613445,74.9,21.2,83.5,0.0,,,,,,,,,,,,,,0.0,1.0,0.0,0.0,0.0,0.0,0.0,0.0,0.0,0.0,0.0,0.0,1.0,0.0,6853490f,2018,0,
23.0,1007.0,37.9,71.9,64.8,42.7,21.4,42.0,50.6,46.3,0.22,0.00893743793445879,0.05362462760675273,1.787487586891758,5.362462760675274,6.434955312810328,0.35749751737835156,3.038728897715988,0.804369414101291,1.1618669314796426,77.6,50.0,29.4,0.0,,,,,,,,,,,,,,1.0,0.0,0.0,0.0,0.0,0.0,0.0,0.0,0.0,1.0,0.0,0.0,0.0,0.0,68852c0a,2018,0,
21.0,1422.0,38.2,59.5,48.3,29.1,44.2,43.6,46.9,45.2,0.95,0.006329113924050633,0.05063291139240506,0.9493670886075949,2.721518987341772,7.215189873417721,1.3291139240506329,2.848101265822785,0.5696202531645569,0.37974683544303794,76.0,66.7,41.6,0.0,,,,,,,,,,,,,,1.0,0.0,0.0,0.0,1.0,0.0,0.0,0.0,0.0,0.0,0.0,0.0,0.0,0.0,689c9cf4,2018,1,49.1
20.0,966.0,38.2,32.0,32.3,22.9,24.3,30.0,30.5,30.2,0.53,0.055900621118012424,0.12111801242236024,2.049689440993789,1.0248447204968945,4.099378881987578,0.7453416149068324,1.5838509316770188,3.2608695652173916,0.7453416149068324,71.90185185185184,17.17314814814815,17.188198757763974,0.0,,,,,,,,,,,,,,0.0,0.0,1.0,0.0,0.0,0.0,0.0,0.0,1.0,0.0,0.0,0.0,0.0,0.0,68a87d66,2018,0,
23.0,3109.0,36.2,38.9,23.9,21.2,52.7,34.4,34.8,34.6,0.29,0.2779028626568028,0.08105500160823416,1.8526857510453523,1.157928594403345,2.0553232550659377,0.9552910903827597,1.013187520102927,5.58700546799614,0.6079125120617562,64.0,45.6,90.9,0.0,,,,,,,,,,,,,,0.0,1.0,0.0,0.0,0.0,0.0,0.0,1.0,0.0,0.0,0.0,0.0,0.0,0.0,6922f806,2018,1,40.55
20.0,2955.0,30.4,56.7,47.7,31.7,63.6,47.0,52.2,49.6,0.12,0.0365482233502538,0.05786802030456852,2.1928934010152283,4.385786802030457,4.507614213197969,1.614213197969543,3.807106598984771,1.3401015228426394,0.9441624365482233,75.1,50.0,86.4,0.0,,,,,,,,,,,,,,0.0,0.0,1.0,0.0,0.0,0.0,0.0,0.0,0.0,0.0,1.0,0.0,0.0,0.0,6928979a,2018,1,61.15
23.0,2790.0,40.3,52.8,38.0,56.4,48.7,49.9,50.9,50.4,0.05,0.016129032258064516,0.02258064516129032,0.5483870967741935,4.161290322580645,3.064516129032258,0.2903225806451613,2.806451612903226,0.45161290322580644,0.12903225806451613,82.5,55.3,91.2,0.0,,,,,,,,,,,,,,1.0,0.0,0.0,0.0,0.0,0.0,0.0,0.0,0.0,1.0,0.0,0.0,0.0,0.0,699fb8db,2018,1,50.7
23.0,2851.0,84.8,44.3,53.2,20.4,24.1,44.3,55.7,50.0,0.93,0.2904244124868467,0.1578393546124167,2.146615222728867,1.0417397404419502,4.766748509294985,1.7362329007365838,1.1680112241318836,6.3767099263416345,1.0101718695194668,73.8,44.9,83.4,0.0,,,,,,,,,,,,,,0.0,0.0,1.0,1.0,0.0,0.0,0.0,0.0,0.0,0.0,0.0,0.0,0.0,0.0,6a99e0b1,2018,1,41.8
23.0,1980.0,63.5,36.7,24.1,43.3,62.1,48.6,54.1,51.4,1.23,0.05909090909090909,0.009090909090909092,0.4090909090909091,1.8181818181818181,2.590909090909091,0.5454545454545454,3.772727272727273,1.0454545454545454,0.18181818181818182,78.3,54.9,57.9,0.0,,,,,,,,,,,,,,1.0,0.0,0.0,0.0,0.0,0.0,0.0,0.0,0.0,0.0,0.0,1.0,0.0,0.0,6adbc307,2018,1,52.599999999999994
20.0,1056.0,22.6,33.4,13.3,49.9,39.0,37.2,36.9,37.0,0.77,0.008522727272727274,0.0,0.17045454545454547,2.556818181818182,2.897727272727273,0.2556818181818182,2.8125,0.08522727272727273,0.08522727272727273,78.5,33.3,30.9,0.0,,,,,,,,,,,,,,1.0,0.0,0.0,0.0,0.0,0.0,0.0,0.0,0.0,1.0,0.0,0.0,0.0,0.0,6aeb647a,2018,0,
20.0,2898.0,29.7,32.6,15.1,40.8,91.1,39.1,62.9,51.0,2.65,0.06521739130434782,0.018633540372670804,1.0248447204968942,3.385093167701863,2.732919254658385,0.9006211180124223,7.48447204968944,0.8695652173913043,0.37267080745341613,77.1,61.3,84.7,0.0,,,,,,,,,,,,,,0.0,0.0,1.0,0.0,0.0,0.0,0.0,0.0,0.0,0.0,1.0,0.0,0.0,0.0,6b47c5db,2018,1,55.85
21.0,2439.0,34.9,65.8,38.8,54.7,81.2,55.8,67.8,61.8,1.29,0.05904059040590406,0.11808118081180811,2.5092250922509223,5.0184501845018445,5.682656826568265,1.5867158671586714,5.498154981549815,1.1439114391143912,0.8487084870848708,86.9,65.5,71.3,0.0,,,,,,,,,,,,,,0.0,0.0,1.0,0.0,0.0,0.0,0.0,0.0,0.0,0.0,1.0,0.0,0.0,0.0,6bb2c084,2018,1,56.75
21.0,2591.0,33.9,47.8,12.9,42.4,90.5,44.0,65.4,54.7,0.34,0.041682747973755305,0.052103434967194134,1.146275569278271,3.716711694326515,4.133539174064068,1.5978386723272868,3.438826707834813,0.34735623311462754,0.4515631030490158,77.90000000000002,65.1,84.7,0.0,,,,,,,,,,,,,,0.0,0.0,1.0,0.0,0.0,0.0,0.0,0.0,0.0,0.0,1.0,0.0,0.0,0.0,6bd603db,2018,0,
20.0,1561.0,52.5,76.5,36.7,54.6,64.6,58.8,61.9,60.4,0.05,0.1210762331838565,0.04035874439461883,2.3638693145419603,5.996156310057655,9.167200512491991,2.3062139654067906,5.592568866111467,1.5566944266495835,0.6918641896220371,83.3,66.7,45.6,0.0,,,,,,,,,,,,,,0.0,0.0,1.0,0.0,0.0,0.0,0.0,0.0,0.0,0.0,1.0,0.0,0.0,0.0,6c203af0,2018,1,52.1
21.0,1830.0,80.6,82.5,87.2,44.1,27.1,67.2,76.7,72.0,0.47,0.1918032786885246,0.1721311475409836,3.8852459016393444,5.704918032786885,9.59016393442623,1.5245901639344264,1.8688524590163935,4.278688524590164,1.819672131147541,86.1,25.0,53.5,0.0,,,,,,,,,,,,,,0.0,0.0,1.0,1.0,0.0,0.0,0.0,0.0,0.0,0.0,0.0,0.0,0.0,0.0,6ca5ec4b,2018,1,52.45
22.0,2253.0,52.5,25.2,26.2,50.1,73.2,41.7,56.9,49.3,0.17,0.11584553928095871,0.027962716378162448,1.5579227696404792,2.3568575233022635,2.636484687083888,0.7989347536617842,3.0758988015978694,2.117177097203728,0.2796271637816245,82.2,59.0,65.9,0.0,,,,,,,,,,,,,,0.0,0.0,1.0,0.0,0.0,0.0,0.0,0.0,0.0,0.0,1.0,0.0,0.0,0.0,6cc97b6a,2018,1,43.6
18.0,1105.0,80.7,39.5,52.8,25.0,63.5,48.9,51.8,50.3,0.62,0.14660633484162897,0.03257918552036199,1.2217194570135745,2.199095022624434,1.8733031674208143,0.7330316742081447,2.524886877828054,0.8959276018099547,0.48868778280542985,69.6,59.3,36.1,0.0,,,,,,,,,,,,,,1.0,0.0,0.0,0.0,0.0,0.0,0.0,0.0,0.0,0.0,0.0,1.0,0.0,0.0,6e33125f,2018,0,
22.0,2165.0,79.4,60.0,69.0,23.7,34.1,53.6,63.6,58.6,0.43,0.2369515011547344,0.14965357967667436,2.951501154734411,3.2840646651270204,6.110854503464203,0.997690531177829,3.1177829099307157,3.367205542725173,1.5381062355658197,77.7,31.800000000000004,63.3,0.0,,,,,,,,,,,,,,0.0,0.0,1.0,1.0,0.0,0.0,0.0,0.0,0.0,0.0,0.0,0.0,0.0,0.0,6e7f1353,2018,1,45.45
22.0,1690.0,44.5,49.0,42.2,63.0,53.4,53.3,53.2,53.2,0.22,0.010650887573964497,0.07455621301775148,0.7455621301775147,3.5680473372781063,3.4082840236686387,0.5325443786982248,3.834319526627219,0.47928994082840237,0.37278106508875736,85.7,52.5,55.2,0.0,,,,,,,,,,,,,,1.0,0.0,0.0,0.0,0.0,0.0,0.0,0.0,0.0,1.0,0.0,0.0,0.0,0.0,6ec6fde0,2018,1,46.150000000000006
19.0,1929.0,43.8,59.7,59.7,25.4,44.8,48.4,52.5,50.4,0.64,0.26594090202177295,0.1119751166407465,2.7993779160186625,1.8195956454121307,4.525660964230171,2.192846034214619,0.8398133748055987,5.2255054432348365,1.073094867807154,65.8,53.8,56.4,0.0,,,,,,,,,,,,,,0.0,1.0,0.0,0.0,0.0,1.0,0.0,0.0,0.0,0.0,0.0,0.0,0.0,0.0,6f8cd6d0,2018,1,63.2
22.0,2288.0,51.8,77.4,92.4,33.8,39.8,62.2,63.3,62.8,0.13,0.059003496503496504,0.21634615384615385,4.484265734265734,6.805069930069931,6.608391608391609,2.242132867132867,2.9895104895104896,1.6520979020979023,2.5174825174825175,77.1,45.50000000000001,66.9,0.0,,,,,,,,,,,,,,0.0,0.0,1.0,0.0,0.0,0.0,1.0,0.0,0.0,0.0,0.0,0.0,0.0,0.0,6fbde63a,2018,0,
20.0,1512.0,59.4,33.9,34.7,32.4,59.9,45.3,49.9,47.6,0.09,0.05357142857142857,0.005952380952380952,0.6547619047619048,2.6785714285714284,1.8452380952380951,0.35714285714285715,3.333333333333333,0.7738095238095237,0.17857142857142858,72.6,60.9,44.2,0.0,,,,,,,,,,,,,,1.0,0.0,0.0,0.0,0.0,0.0,0.0,0.0,0.0,0.0,0.0,1.0,0.0,0.0,70d8e84c,2018,1,41.3
23.0,2748.0,59.0,33.4,42.7,25.6,56.6,41.0,44.8,42.9,0.12,0.10807860262008732,0.11135371179039301,2.423580786026201,3.0458515283842793,2.980349344978166,0.7860262008733624,2.489082969432314,2.358078602620087,1.0807860262008733,70.7,38.8,89.8,0.0,,,,,,,,,,,,,,0.0,0.0,1.0,0.0,0.0,0.0,0.0,0.0,0.0,0.0,1.0,0.0,0.0,0.0,70dcf94d,2018,1,48.1
20.0,3132.0,25.0,18.7,16.7,65.9,71.8,36.6,57.3,47.0,0.63,0.060344827586206906,0.017241379310344827,1.120689655172414,2.270114942528736,2.241379310344828,0.37356321839080464,3.7643678160919545,0.6896551724137931,0.37356321839080464,85.5,60.9,91.59999999999998,0.0,,,,,,,,,,,,,,0.0,0.0,1.0,0.0,0.0,0.0,0.0,0.0,0.0,0.0,1.0,0.0,0.0,0.0,71ec39ef,2018,1,53.55
23.0,1409.0,48.5,38.9,22.9,36.3,60.8,41.4,43.7,42.6,0.22,0.3129879347054649,0.0830376153300213,2.044002838892832,1.27750177430802,2.6827537260468417,1.085876508161817,1.27750177430802,4.343506032647268,0.702625975869411,70.8,28.6,46.0,0.0,,,,,,,,,,,,,,0.0,1.0,0.0,0.0,0.0,0.0,0.0,1.0,0.0,0.0,0.0,0.0,0.0,0.0,74c7c2db,2018,1,42.0
23.0,1758.0,33.8,32.7,57.0,26.8,41.4,37.2,39.7,38.4,0.63,0.005119453924914676,0.06655290102389078,1.075085324232082,2.6109215017064846,2.5597269624573378,0.6655290102389078,2.8156996587030716,0.8191126279863481,0.5119453924914675,75.3,53.6,51.4,0.0,,,,,,,,,,,,,,1.0,0.0,0.0,0.0,1.0,0.0,0.0,0.0,0.0,0.0,0.0,0.0,0.0,0.0,758dd7f0,2018,1,38.2
23.0,1022.0,63.8,53.0,40.8,17.1,54.3,45.2,46.4,45.8,1.19,0.3434442270058708,0.10567514677103718,3.3463796477495107,2.2015655577299413,5.107632093933463,3.1702544031311155,3.698630136986301,4.315068493150685,0.8806262230919765,75.0,57.900000000000006,29.9,0.0,,,,,,,,,,,,,,0.0,0.0,1.0,0.0,0.0,0.0,0.0,0.0,1.0,0.0,0.0,0.0,0.0,0.0,75a63397,2018,1,41.0
22.0,946.0,45.7,47.0,41.5,30.5,48.1,42.7,43.2,43.0,0.19,0.02854122621564482,0.009513742071881607,0.5708245243128964,3.13953488372093,3.8054968287526427,0.5708245243128964,2.758985200845666,0.9513742071881607,0.2854122621564482,79.1,53.3,27.7,0.0,,,,,,,,,,,,,,1.0,0.0,0.0,0.0,1.0,0.0,0.0,0.0,0.0,0.0,0.0,0.0,0.0,0.0,77cf6852,2018,1,35.95
21.0,1608.0,71.0,66.8,84.9,29.7,41.2,49.3,61.1,55.2,0.77,0.039179104477611935,0.15111940298507462,1.6791044776119401,4.085820895522388,5.149253731343284,0.39179104477611937,3.8619402985074625,1.3432835820895521,0.8955223880597015,78.6,50.0,47.0,0.0,,,,,,,,,,,,,,1.0,0.0,0.0,0.0,1.0,0.0,0.0,0.0,0.0,0.0,0.0,0.0,0.0,0.0,77d7c96f,2018,1,59.55
23.0,2137.0,84.1,38.8,68.0,16.4,23.7,44.7,58.2,51.4,1.21,0.2779597566682265,0.09686476368741226,2.863827795975667,1.8530650444548433,4.2536265793167995,1.0528778661675247,2.484791764155358,3.4955545156761816,1.3055685540477304,65.1,13.3,62.5,0.0,,,,,,,,,,,,,,0.0,0.0,1.0,1.0,0.0,0.0,0.0,0.0,0.0,0.0,0.0,0.0,0.0,0.0,7961f7aa,2018,0,
22.0,1956.0,70.7,49.0,54.6,16.7,23.3,43.1,52.7,47.9,0.29,0.1794478527607362,0.1196319018404908,3.174846625766871,2.852760736196319,4.279141104294478,2.2085889570552144,2.6687116564417175,2.622699386503067,1.3803680981595092,65.2,44.4,57.2,0.0,,,,,,,,,,,,,,0.0,0.0,1.0,1.0,0.0,0.0,0.0,0.0,0.0,0.0,0.0,0.0,0.0,0.0,796b1c41,2018,0,
23.0,992.0,24.9,68.8,55.6,60.0,25.5,51.3,42.1,46.7,0.01,0.036290322580645164,0.036290322580645164,2.3588709677419355,5.897177419354839,6.804435483870968,2.1774193548387095,2.903225806451613,0.3629032258064516,1.0887096774193548,92.4,40.0,29.0,0.0,,,,,,,,,,,,,,0.0,0.0,1.0,0.0,0.0,0.0,0.0,0.0,0.0,0.0,1.0,0.0,0.0,0.0,79c0821a,2018,1,56.6
20.0,1902.0,45.4,78.0,67.0,47.0,62.2,61.2,62.8,62.0,0.13,0.014195583596214511,0.07097791798107256,1.2302839116719244,6.10410094637224,5.394321766561514,0.8990536277602524,4.968454258675079,0.47318611987381703,0.7570977917981073,82.9,64.6,55.6,0.0,,,,,,,,,,,,,,1.0,0.0,0.0,0.0,0.0,0.0,0.0,0.0,0.0,1.0,0.0,0.0,0.0,0.0,7a11550b,2018,1,56.6
21.0,2531.0,90.8,55.3,75.6,14.0,21.7,51.4,66.2,58.8,0.52,0.3591465823785065,0.18846305807981034,2.8447254049782695,2.3824575266693007,6.507309363887791,1.6357171078625048,2.2757803239826155,4.836033188463058,1.3868036349269064,68.8,25.9,74.0,0.0,,,,,,,,,,,,,,0.0,0.0,1.0,1.0,0.0,0.0,0.0,0.0,0.0,0.0,0.0,0.0,0.0,0.0,7c2965bb,2018,1,53.0
23.0,2746.0,37.5,9.1,14.3,52.7,68.3,45.6,56.5,51.0,1.38,0.026219956300072834,0.0032774945375091042,0.2294246176256373,1.5404224326292788,0.5243991260014567,0.1638747268754552,3.244719592134013,0.3277494537509104,0.09832483612527312,78.5,62.7,80.3,0.0,,,,,,,,,,,,,,1.0,0.0,0.0,0.0,0.0,0.0,0.0,0.0,0.0,0.0,0.0,1.0,0.0,0.0,7c6d6c96,2018,0,
23.0,957.0,40.4,40.7,23.5,21.0,50.1,36.1,36.3,36.2,0.08,0.31974921630094044,0.03761755485893417,1.786833855799373,0.658307210031348,2.7272727272727275,0.8463949843260189,1.0344827586206897,5.924764890282132,0.8463949843260189,65.4,36.1,28.0,0.0,,,,,,,,,,,,,,0.0,1.0,0.0,0.0,0.0,1.0,0.0,0.0,0.0,0.0,0.0,0.0,0.0,0.0,7cdda3bf,2018,1,58.7
21.0,1818.0,69.5,44.8,45.3,26.5,39.4,44.1,40.8,42.4,0.18,0.12871287128712872,0.1485148514851485,2.5247524752475248,2.722772277227723,6.188118811881188,0.6435643564356436,2.376237623762376,1.9801980198019802,0.9900990099009901,72.6,58.8,53.2,0.0,,,,,,,,,,,,,,0.0,0.0,1.0,0.0,0.0,0.0,1.0,0.0,0.0,0.0,0.0,0.0,0.0,0.0,7cf431a5,2018,1,35.8
22.0,1688.0,55.4,37.9,68.2,27.2,23.8,42.3,50.5,46.4,0.24,0.10663507109004738,0.14928909952606634,2.7191943127962084,2.132701421800948,4.691943127962085,0.9597156398104265,1.1729857819905212,2.1860189573459716,1.4928909952606635,67.6,40.9,49.4,0.0,,,,,,,,,,,,,,0.0,0.0,1.0,1.0,0.0,0.0,0.0,0.0,0.0,0.0,0.0,0.0,0.0,0.0,7d9b37bf,2018,0,
23.0,3060.0,45.7,62.1,59.2,64.1,70.4,60.7,65.8,63.2,0.19,0.07647058823529412,0.12352941176470589,2.4705882352941178,5.323529411764706,5.588235294117647,0.8235294117647058,3.9705882352941178,1.0294117647058822,1.0,85.0,60.9,89.5,0.0,,,,,,,,,,,,,,0.0,0.0,1.0,0.0,0.0,0.0,0.0,0.0,0.0,0.0,1.0,0.0,0.0,0.0,7f3b388c,2018,1,57.7
19.0,1344.0,30.9,45.5,12.9,48.3,53.9,38.6,38.6,38.6,0.22,0.053571428571428575,0.040178571428571425,1.0714285714285714,4.21875,3.28125,0.8705357142857143,3.013392857142857,0.8035714285714286,0.6696428571428571,84.5,50.0,39.3,0.0,,,,,,,,,,,,,,0.0,0.0,1.0,0.0,0.0,0.0,1.0,0.0,0.0,0.0,0.0,0.0,0.0,0.0,7f622eef,2018,0,
22.0,901.0,74.9,53.6,43.3,54.9,52.9,53.7,54.0,53.8,1.06,0.049944506104328525,0.09988901220865705,0.5993340732519423,3.7957824639289677,2.8967813540510545,0.09988901220865705,1.8978912319644838,0.9988901220865705,0.29966703662597116,80.8,59.1,29.4,0.0,,,,,,,,,,,,,,1.0,0.0,0.0,0.0,0.0,0.0,0.0,0.0,0.0,0.0,0.0,1.0,0.0,0.0,815c314f,2018,1,66.9
21.0,2014.0,56.7,68.0,71.0,38.7,51.1,59.4,62.7,61.0,1.38,0.32621648460774577,0.11618669314796426,3.128103277060576,2.1002979145978156,8.088381330685204,2.189672293942403,2.413108242303873,5.496524329692155,1.4299900695134062,79.2,22.2,58.9,0.0,,,,,,,,,,,,,,0.0,1.0,0.0,0.0,0.0,1.0,0.0,0.0,0.0,0.0,0.0,0.0,0.0,0.0,81d3318f,2018,0,
23.0,2959.0,72.5,55.3,98.6,32.3,18.9,40.2,57.1,48.7,0.79,0.024332544778641434,0.28286583305170665,3.3457249070631967,3.8323758026360255,3.893207164582629,0.33457249070631967,2.3420074349442377,0.6995606623859412,2.5245015207840487,65.8,39.3,96.7,0.0,,,,,,,,,,,,,,1.0,0.0,0.0,0.0,1.0,0.0,0.0,0.0,0.0,0.0,0.0,0.0,0.0,0.0,826e8b63,2018,1,46.1
21.0,2620.0,70.8,61.2,86.3,34.4,41.4,59.3,67.9,63.6,0.08,0.09618320610687023,0.2954198473282443,3.8473282442748094,4.5,5.530534351145039,1.0305343511450382,2.404580152671756,2.232824427480916,1.8206106870229009,77.0,42.6,76.6,0.0,,,,,,,,,,,,,,0.0,0.0,1.0,1.0,0.0,0.0,0.0,0.0,0.0,0.0,0.0,0.0,0.0,0.0,82927de4,2018,1,49.7
22.0,995.0,71.2,35.0,49.1,23.8,13.9,37.8,47.9,42.8,1.43,0.23517587939698495,0.15376884422110554,2.5326633165829144,1.899497487437186,3.0753768844221105,0.9045226130653267,1.2663316582914572,5.065326633165829,0.6331658291457286,76.86666666666667,35.17117117117117,17.39577889447236,0.0,,,,,,,,,,,,,,0.0,0.0,1.0,1.0,0.0,0.0,0.0,0.0,0.0,0.0,0.0,0.0,0.0,0.0,833fb62e,2018,1,41.95
20.0,1888.0,23.3,35.1,34.3,38.7,58.7,44.8,40.2,42.5,0.04,0.004766949152542373,0.009533898305084746,0.4766949152542373,3.4322033898305087,2.3834745762711864,0.2860169491525424,2.7171610169491527,0.1430084745762712,0.1430084745762712,74.7,61.7,55.2,0.0,,,,,,,,,,,,,,1.0,0.0,0.0,0.0,0.0,0.0,0.0,0.0,0.0,1.0,0.0,0.0,0.0,0.0,84594618,2018,1,49.8
23.0,2657.0,39.9,69.6,67.1,45.0,63.9,58.9,61.9,60.4,0.11,0.06774557771923222,0.11178020323673316,2.6759503199096724,4.809936018065487,6.26646593902898,1.896876176138502,4.2340986074520135,2.506586375611592,1.1855476100865638,81.8,35.6,77.7,0.0,,,,,,,,,,,,,,0.0,0.0,1.0,0.0,0.0,0.0,0.0,0.0,1.0,0.0,0.0,0.0,0.0,0.0,86695068,2018,1,46.2
21.0,2444.0,60.4,47.7,72.8,16.5,45.6,54.5,54.9,54.7,0.37,0.3351063829787234,0.14361702127659576,3.0196399345335516,1.76759410801964,2.614566284779051,1.3625204582651391,1.2520458265139116,3.53518821603928,1.4361702127659575,65.3,32.3,71.5,0.0,,,,,,,,,,,,,,0.0,1.0,0.0,0.0,0.0,0.0,0.0,0.0,0.0,0.0,0.0,0.0,1.0,0.0,8696bc90,2018,1,60.4
23.0,2454.0,39.0,43.0,47.9,48.4,52.3,45.9,46.8,46.3,0.71,0.05501222493887531,0.10635696821515893,2.640586797066015,4.254278728606357,3.6674816625916873,0.6968215158924206,2.603911980440098,0.5134474327628362,1.3569682151589242,78.7,41.20000000000001,80.2,0.0,,,,,,,,,,,,,,0.0,0.0,1.0,0.0,0.0,0.0,1.0,0.0,0.0,0.0,0.0,0.0,0.0,0.0,86e119e0,2018,1,57.45
23.0,2520.0,52.5,60.9,45.3,52.9,69.2,60.3,63.3,61.8,1.03,0.04642857142857143,0.017857142857142856,0.7857142857142857,4.142857142857143,3.75,0.75,4.607142857142857,0.6428571428571429,0.2857142857142857,80.8,56.6,73.7,0.0,,,,,,,,,,,,,,1.0,0.0,0.0,0.0,0.0,0.0,0.0,0.0,0.0,0.0,0.0,1.0,0.0,0.0,875898c7,2018,1,60.5
22.0,2362.0,45.2,74.8,55.8,57.7,53.5,59.9,57.4,58.6,0.15,0.05334462320067739,0.1409822184589331,2.2861981371718882,5.715495342929721,9.868755292125318,0.9906858594411516,3.124470787468247,1.5241320914479255,0.8763759525825572,91.2,56.0,69.1,0.0,,,,,,,,,,,,,,0.0,0.0,1.0,0.0,0.0,0.0,0.0,0.0,0.0,0.0,1.0,0.0,0.0,0.0,8794e251,2018,1,57.2
21.0,958.0,37.5,42.4,44.5,30.2,26.6,37.3,39.6,38.4,0.14,0.03757828810020877,0.1315240083507307,2.3486430062630483,2.3486430062630483,4.4154488517745305,1.033402922755741,2.536534446764092,2.1607515657620042,1.1273486430062631,75.9122641509434,36.4622641509434,17.810020876826723,0.0,,,,,,,,,,,,,,0.0,0.0,1.0,1.0,0.0,0.0,0.0,0.0,0.0,0.0,0.0,0.0,0.0,0.0,87ec1a2a,2018,0,
20.0,909.0,59.4,53.4,57.6,49.5,60.3,55.4,56.4,55.9,0.12,0.12871287128712872,0.07920792079207921,2.7722772277227725,3.2673267326732676,5.346534653465347,0.6930693069306931,2.6732673267326734,2.6732673267326734,1.0891089108910892,87.5,57.10000000000001,26.6,0.0,,,,,,,,,,,,,,0.0,0.0,1.0,1.0,0.0,0.0,0.0,0.0,0.0,0.0,0.0,0.0,0.0,0.0,8827bf46,2018,0,
22.0,1507.0,73.7,78.3,86.7,46.0,62.2,73.3,76.0,74.6,0.62,0.3045786330457863,0.20305242203052423,3.8818845388188454,2.9263437292634373,6.867949568679496,3.1652289316522895,2.3888520238885205,6.15129396151294,1.3138686131386863,75.2,26.3,49.2,0.0,,,,,,,,,,,,,,0.0,1.0,0.0,0.0,0.0,1.0,0.0,0.0,0.0,0.0,0.0,0.0,0.0,0.0,88e357ef,2018,1,71.35
22.0,904.0,43.6,71.8,37.6,62.2,44.5,53.6,58.6,56.1,0.32,0.01991150442477876,0.00995575221238938,0.5973451327433629,3.8827433628318584,5.674778761061947,0.5973451327433629,2.688053097345133,0.995575221238938,0.09955752212389381,86.3,50.0,29.5,0.0,,,,,,,,,,,,,,1.0,0.0,0.0,0.0,0.0,0.0,0.0,0.0,0.0,1.0,0.0,0.0,0.0,0.0,89ac64a6,2018,1,56.0
21.0,1670.0,26.4,42.9,33.2,48.0,80.1,45.1,61.5,53.3,1.44,0.05389221556886227,0.03233532934131736,1.6706586826347305,3.988023952095808,3.4491017964071853,1.0239520958083832,5.820359281437125,0.8622754491017963,0.7005988023952096,84.7,55.70000000000001,48.8,0.0,,,,,,,,,,,,,,0.0,0.0,1.0,0.0,0.0,0.0,0.0,0.0,0.0,0.0,1.0,0.0,0.0,0.0,8b04d6c1,2018,1,58.5
21.0,1582.0,93.9,71.0,86.8,24.8,20.2,60.7,75.5,68.1,0.03,0.31289506953223767,0.2901390644753476,3.925410872313527,3.3565107458912764,11.833122629582805,2.275600505689001,1.3653603034134005,8.02149178255373,1.8204804045512009,78.8,33.3,46.3,0.0,,,,,,,,,,,,,,0.0,0.0,1.0,1.0,0.0,0.0,0.0,0.0,0.0,0.0,0.0,0.0,0.0,0.0,8b788c01,2018,1,64.1
20.0,2772.0,56.7,65.0,63.6,36.9,54.1,57.5,60.1,58.8,0.51,0.262987012987013,0.16233766233766234,2.922077922077922,1.883116883116883,5.324675324675325,1.2662337662337662,1.3636363636363635,5.064935064935065,1.3636363636363635,74.3,35.9,81.1,0.0,,,,,,,,,,,,,,0.0,1.0,0.0,0.0,0.0,1.0,0.0,0.0,0.0,0.0,0.0,0.0,0.0,0.0,8c3c640c,2018,1,58.3
23.0,1681.0,19.2,59.7,15.4,52.7,62.2,43.7,54.9,49.3,0.57,0.016061867935752528,0.04818560380725759,1.338488994646044,3.801308744794765,5.9964306960142775,1.7668054729327782,3.9083878643664485,0.5353955978584176,0.5889351576442594,90.6,50.0,49.20000000000001,0.0,,,,,,,,,,,,,,0.0,0.0,1.0,0.0,0.0,0.0,0.0,0.0,0.0,0.0,1.0,0.0,0.0,0.0,8da74c05,2018,1,50.0
23.0,2527.0,79.5,35.2,42.4,22.9,42.7,41.9,49.8,45.8,1.83,0.3810842896715472,0.04629996042738425,2.2793826671943016,2.5999208547685,2.493074792243767,0.7123070834982191,1.1753066877720617,4.380688563514048,0.7123070834982191,68.5,46.5,82.6,0.0,,,,,,,,,,,,,,0.0,0.0,1.0,1.0,0.0,0.0,0.0,0.0,0.0,0.0,0.0,0.0,0.0,0.0,8e235926,2018,1,36.8
23.0,2555.0,97.3,72.0,95.0,19.3,7.2,60.2,78.0,69.1,0.92,0.3804305283757339,0.28180039138943247,5.0371819960861055,3.8395303326810177,8.136986301369863,1.796477495107632,0.8101761252446184,4.86105675146771,2.888454011741683,73.7,26.7,74.7,0.0,,,,,,,,,,,,,,0.0,0.0,1.0,1.0,0.0,0.0,0.0,0.0,0.0,0.0,0.0,0.0,0.0,0.0,8f696594,2018,1,72.80000000000001
23.0,2420.0,63.8,59.8,73.0,38.6,21.4,40.7,52.6,46.7,0.54,0.0371900826446281,0.06322314049586776,1.56198347107438,3.384297520661157,5.169421487603306,0.6694214876033058,3.2355371900826446,1.115702479338843,0.8925619834710744,78.9,43.8,70.8,0.0,,,,,,,,,,,,,,1.0,0.0,0.0,0.0,1.0,0.0,0.0,0.0,0.0,0.0,0.0,0.0,0.0,0.0,8ff4872e,2018,0,
23.0,1786.0,59.4,36.5,54.8,17.1,37.0,39.8,39.6,39.7,0.05,0.13101903695408734,0.1360582306830907,2.469204927211646,2.015677491601344,3.729003359462486,1.4613661814109742,3.1243001119820826,3.073908174692049,1.3101903695408734,66.0,43.6,52.20000000000001,0.0,,,,,,,,,,,,,,0.0,0.0,1.0,0.0,0.0,0.0,0.0,0.0,1.0,0.0,0.0,0.0,0.0,0.0,9038c2a1,2018,1,48.4
23.0,1664.0,22.7,64.4,82.4,50.4,88.6,52.3,59.4,55.8,0.69,0.10276442307692309,0.14603365384615388,3.7860576923076925,5.138221153846154,4.3269230769230775,1.8930288461538463,3.2992788461538463,2.0552884615384617,1.9471153846153848,70.4,50.0,54.39999999999999,0.0,,,,,,,,,,,,,,0.0,1.0,0.0,0.0,0.0,0.0,0.0,0.0,0.0,0.0,0.0,0.0,1.0,0.0,9050ddc4,2018,1,48.4
22.0,1839.0,47.5,56.2,41.1,54.7,36.1,47.5,48.2,47.8,0.29,0.21044045676998369,0.10277324632952692,2.1533442088091355,1.9086460032626427,4.208809135399673,1.8597063621533443,2.2512234910277322,3.866231647634584,0.6851549755301795,73.6,0.0,53.8,0.0,,,,,,,,,,,,,,0.0,1.0,0.0,0.0,0.0,1.0,0.0,0.0,0.0,0.0,0.0,0.0,0.0,0.0,90fcf472,2018,1,48.8
20.0,2463.0,16.4,61.6,21.2,52.6,61.0,44.9,46.9,45.9,0.19,0.02192448233861145,0.0146163215590743,1.6808769792935445,5.809987819732034,4.859926918392205,1.2058465286236297,4.165651644336175,0.584652862362972,0.5115712545676004,84.3,55.6,72.0,0.0,,,,,,,,,,,,,,0.0,0.0,1.0,0.0,0.0,0.0,1.0,0.0,0.0,0.0,0.0,0.0,0.0,0.0,91e58f66,2018,0,
19.0,1900.0,33.0,28.2,29.2,29.7,38.6,31.0,30.2,30.6,0.33,0.07105263157894737,0.028421052631578948,1.231578947368421,2.2736842105263158,3.505263157894737,1.1368421052631579,2.7,1.3736842105263158,0.4263157894736842,77.5,24.6,55.6,0.0,,,,,,,,,,,,,,0.0,0.0,1.0,0.0,0.0,0.0,0.0,0.0,1.0,0.0,0.0,0.0,0.0,0.0,9228b07c,2018,1,40.9
21.0,1336.0,81.6,52.9,67.2,18.7,23.5,35.5,48.3,41.9,2.91,0.14146706586826346,0.08083832335329341,2.088323353293413,2.4251497005988023,4.04191616766467,1.9535928143712573,2.155688622754491,2.2904191616766467,1.0104790419161676,65.9,55.6,43.7,0.0,,,,,,,,,,,,,,1.0,0.0,0.0,0.0,1.0,0.0,0.0,0.0,0.0,0.0,0.0,0.0,0.0,0.0,92948149,2018,1,42.400000000000006
22.0,2569.0,45.5,35.9,29.1,42.8,63.5,48.5,54.3,51.4,0.45,0.02101985208252238,0.0035033086804203972,0.5254963020630595,2.8727131179447256,2.697547683923706,0.4904632152588556,3.538341767224601,0.3853639548462437,0.1401323472168159,80.5,68.2,75.1,0.0,,,,,,,,,,,,,,1.0,0.0,0.0,0.0,0.0,0.0,0.0,0.0,0.0,0.0,0.0,1.0,0.0,0.0,92b4758e,2018,1,51.0
20.0,1266.0,73.8,53.8,59.5,29.4,52.7,60.4,58.9,59.6,0.62,0.3909952606635071,0.13507109004739337,2.345971563981043,0.6398104265402844,2.985781990521327,2.5592417061611377,1.2796208530805688,7.037914691943128,0.9952606635071091,76.1,27.3,41.4,0.0,,,,,,,,,,,,,,0.0,1.0,0.0,0.0,0.0,1.0,0.0,0.0,0.0,0.0,0.0,0.0,0.0,0.0,97bfa797,2018,0,
23.0,1428.0,28.6,66.4,82.8,31.0,32.8,43.8,54.7,49.2,0.37,0.0,0.05672268907563025,1.5756302521008403,5.168067226890756,4.411764705882352,0.9453781512605042,3.4663865546218484,0.5042016806722689,0.9453781512605042,73.2,55.6,41.8,0.0,,,,,,,,,,,,,,1.0,0.0,0.0,0.0,1.0,0.0,0.0,0.0,0.0,0.0,0.0,0.0,0.0,0.0,97fb4608,2018,0,
22.0,2390.0,44.9,39.6,66.4,43.6,34.9,41.6,46.5,44.0,0.51,0.01882845188284519,0.07531380753138076,1.5439330543933054,2.410041841004184,3.9163179916317987,0.6778242677824268,3.01255230125523,0.602510460251046,0.7907949790794978,80.8,44.4,69.9,0.0,,,,,,,,,,,,,,1.0,0.0,0.0,0.0,1.0,0.0,0.0,0.0,0.0,0.0,0.0,0.0,0.0,0.0,983ff2c7,2018,1,36.0
20.0,1238.0,51.6,52.5,39.7,26.3,44.3,43.3,45.1,44.2,1.31,0.08723747980613893,0.07269789983844911,1.8174474959612277,2.9806138933764132,5.452342487883683,2.835218093699515,3.2714054927302096,3.0533117932148626,1.0177705977382876,76.3,36.1,36.2,0.0,,,,,,,,,,,,,,0.0,0.0,1.0,0.0,0.0,0.0,0.0,0.0,1.0,0.0,0.0,0.0,0.0,0.0,98be0d02,2018,0,
21.0,1941.0,19.2,41.6,25.5,45.9,67.1,39.7,41.3,40.5,0.23,0.023183925811437404,0.03709428129829985,1.2982998454404946,4.034003091190108,3.384853168469861,1.1591962905718702,3.57032457496136,0.37094281298299847,0.6491499227202473,76.7,47.2,63.4,0.0,,,,,,,,,,,,,,0.0,0.0,1.0,0.0,0.0,0.0,1.0,0.0,0.0,0.0,0.0,0.0,0.0,0.0,99f7e9aa,2018,1,50.7
21.0,1596.0,23.0,44.7,25.0,63.4,46.3,41.5,48.1,44.8,0.36,0.022556390977443608,0.039473684210526314,1.7481203007518795,4.285714285714286,4.398496240601504,0.5639097744360902,3.552631578947368,0.45112781954887216,0.7330827067669172,92.26966292134831,40.20561797752809,24.687593984962408,0.0,,,,,,,,,,,,,,0.0,0.0,1.0,0.0,0.0,0.0,0.0,0.0,0.0,0.0,1.0,0.0,0.0,0.0,9a493fb7,2018,0,
23.0,1674.0,52.4,53.2,77.6,32.6,24.9,39.1,50.5,44.8,1.83,0.016129032258064516,0.08064516129032258,1.8279569892473118,3.494623655913978,4.247311827956989,0.7526881720430108,2.5806451612903225,0.8064516129032258,1.3978494623655913,66.6,39.5,48.89999999999999,0.0,,,,,,,,,,,,,,1.0,0.0,0.0,0.0,1.0,0.0,0.0,0.0,0.0,0.0,0.0,0.0,0.0,0.0,9aa186b2,2018,0,
22.0,2135.0,27.4,31.3,16.7,60.0,85.8,41.7,64.8,53.2,1.06,0.05058548009367681,0.06323185011709602,1.4754098360655739,3.3723653395784545,2.4449648711943794,0.5480093676814989,4.046838407494145,0.8430913348946136,0.6744730679156908,81.3,71.6,62.4,0.0,,,,,,,,,,,,,,0.0,0.0,1.0,0.0,0.0,0.0,0.0,0.0,0.0,0.0,1.0,0.0,0.0,0.0,9b5ce51a,2018,1,51.7
20.0,2780.0,62.0,59.1,73.4,33.3,45.5,48.8,56.4,52.6,1.08,0.03237410071942446,0.08093525179856115,1.4244604316546763,3.0431654676258995,5.471223021582734,1.7805755395683454,4.046762589928058,0.5827338129496403,0.6151079136690647,76.8,53.7,81.3,0.0,,,,,,,,,,,,,,1.0,0.0,0.0,0.0,1.0,0.0,0.0,0.0,0.0,0.0,0.0,0.0,0.0,0.0,9b6d9b53,2018,0,
22.0,956.0,24.9,38.3,47.0,28.0,29.8,32.5,33.7,33.1,0.36,0.0,0.01882845188284519,0.8472803347280335,3.48326359832636,1.9769874476987448,0.09414225941422595,3.294979079497908,0.09414225941422595,0.47071129707112974,73.2,46.2,31.2,0.0,,,,,,,,,,,,,,1.0,0.0,0.0,0.0,0.0,0.0,0.0,0.0,0.0,1.0,0.0,0.0,0.0,0.0,9b88e120,2018,0,
19.0,1083.0,34.0,48.4,50.0,44.8,48.2,45.8,47.1,46.4,0.38,0.0664819944598338,0.04986149584487534,2.742382271468144,3.739612188365651,4.7368421052631575,2.1606648199445986,3.1578947368421053,1.5789473684210527,1.3296398891966759,80.0,40.0,31.7,0.0,,,,,,,,,,,,,,0.0,0.0,1.0,0.0,0.0,0.0,1.0,0.0,0.0,0.0,0.0,0.0,0.0,0.0,9be4ee80,2018,0,
21.0,1995.0,70.3,59.4,78.3,21.2,23.2,51.8,54.9,53.4,0.62,0.13533834586466165,0.1488721804511278,3.6541353383458643,3.1578947368421053,8.526315789473683,2.1654135338345863,1.3984962406015038,2.9774436090225564,1.6240601503759398,74.5,29.6,58.3,0.0,,,,,,,,,,,,,,0.0,0.0,1.0,0.0,0.0,0.0,0.0,0.0,1.0,0.0,0.0,0.0,0.0,0.0,9f736ed2,2018,0,
20.0,1890.0,41.6,37.1,24.3,68.3,63.9,54.6,60.9,57.8,0.84,0.014285714285714285,0.014285714285714285,0.47619047619047616,2.7142857142857144,3.2857142857142856,0.5238095238095238,2.3333333333333335,0.23809523809523808,0.14285714285714285,85.1,57.8,61.8,0.0,,,,,,,,,,,,,,1.0,0.0,0.0,0.0,0.0,0.0,0.0,0.0,0.0,0.0,0.0,1.0,0.0,0.0,9f979eb2,2018,1,46.6
23.0,2532.0,67.0,61.9,73.9,37.7,38.3,47.9,57.1,52.5,0.84,0.042654028436018954,0.07464454976303318,1.9905213270142181,3.447867298578199,4.229857819905213,0.3199052132701422,2.59478672985782,2.0260663507109005,0.9952606635071091,77.6,52.2,82.7,0.0,,,,,,,,,,,,,,1.0,0.0,0.0,0.0,1.0,0.0,0.0,0.0,0.0,0.0,0.0,0.0,0.0,0.0,9fec8860,2018,1,55.0
22.0,990.0,52.9,44.3,77.1,25.8,60.4,50.9,49.8,50.3,0.14,0.05454545454545454,0.13636363636363635,2.909090909090909,3.909090909090909,5.181818181818182,0.5454545454545454,4.636363636363637,3.090909090909091,1.6363636363636365,77.2,25.6,28.9,0.0,,,,,,,,,,,,,,0.0,0.0,1.0,0.0,0.0,0.0,0.0,0.0,0.0,0.0,1.0,0.0,0.0,0.0,a0666d3e,2018,1,48.4
23.0,2038.0,85.6,46.8,56.9,20.9,50.9,50.1,59.1,54.6,0.59,0.4681059862610402,0.11040235525024533,2.8704612365063786,2.0755642787046122,5.1668302257114815,1.9430814524043178,3.930323846908734,5.343473994111874,0.9715407262021589,75.6,26.8,59.6,0.0,,,,,,,,,,,,,,0.0,0.0,1.0,1.0,0.0,0.0,0.0,0.0,0.0,0.0,0.0,0.0,0.0,0.0,a08b974a,2018,1,56.7
23.0,1001.0,60.9,16.0,23.5,61.5,66.9,50.7,59.4,55.0,1.47,0.09890109890109891,0.017982017982017984,0.26973026973026976,1.7082917082917084,2.067932067932068,0.26973026973026976,3.956043956043956,0.6293706293706294,0.17982017982017984,89.6,68.3,29.3,0.0,,,,,,,,,,,,,,1.0,0.0,0.0,0.0,0.0,0.0,0.0,0.0,0.0,0.0,0.0,1.0,0.0,0.0,a1232f4e,2018,1,60.9
21.0,2326.0,82.3,68.0,88.6,20.8,25.6,58.5,71.6,65.0,0.15,0.20120378331900257,0.22828890799656062,3.946689595872743,3.9079965606190883,6.50042992261393,2.592433361994841,1.470335339638865,4.565778159931212,2.166809974204643,74.5,40.4,76.0,0.0,,,,,,,,,,,,,,0.0,0.0,1.0,1.0,0.0,0.0,0.0,0.0,0.0,0.0,0.0,0.0,0.0,0.0,a167537f,2018,1,68.05000000000001
19.0,1813.0,89.2,51.3,61.9,14.1,37.6,49.6,61.4,55.5,0.58,0.2581356867071153,0.18863761720904576,2.283507997793712,1.8863761720904577,6.205184776613348,1.9360176503033644,1.2906784335355763,5.9569773855488135,1.141753998896856,70.3,36.0,53.0,0.0,,,,,,,,,,,,,,0.0,0.0,1.0,1.0,0.0,0.0,0.0,0.0,0.0,0.0,0.0,0.0,0.0,0.0,a1d5bd30,2018,1,63.95
22.0,2570.0,20.8,28.5,7.2,53.6,72.4,34.7,55.3,45.0,0.29,0.014007782101167316,0.03852140077821012,0.5603112840466926,3.221789883268482,2.311284046692607,0.5603112840466926,2.8715953307392996,0.5252918287937743,0.2801556420233463,78.6,52.5,84.0,0.0,,,,,,,,,,,,,,0.0,0.0,1.0,0.0,0.0,0.0,0.0,0.0,0.0,0.0,1.0,0.0,0.0,0.0,a2e7de6f,2018,0,
19.0,1503.0,65.8,20.8,28.0,42.6,26.9,43.0,49.4,46.2,0.63,0.46706586826347307,0.04790419161676647,1.5568862275449102,0.8383233532934132,1.4970059880239521,0.5389221556886228,1.0778443113772456,5.92814371257485,0.6586826347305389,75.4,25.5,43.9,0.0,,,,,,,,,,,,,,0.0,1.0,0.0,0.0,0.0,0.0,0.0,1.0,0.0,0.0,0.0,0.0,0.0,0.0,a4fe8cda,2018,1,49.6
23.0,1667.0,71.2,87.6,77.5,52.8,41.2,69.2,74.1,71.6,0.19,0.1349730053989202,0.14577084583083386,3.725254949010198,6.640671865626874,10.527894421115777,2.699460107978404,2.0515896820635873,3.185362927414517,1.9976004799040192,87.5,23.3,48.7,0.0,,,,,,,,,,,,,,0.0,0.0,1.0,0.0,0.0,0.0,0.0,0.0,1.0,0.0,0.0,0.0,0.0,0.0,a5296e55,2018,1,67.5
23.0,2140.0,80.4,53.9,72.9,13.9,58.3,54.3,54.8,54.6,0.68,0.21869158878504674,0.23130841121495327,3.658878504672897,2.7757009345794392,4.920560747663552,2.9439252336448596,2.1869158878504673,3.8271028037383177,1.6822429906542056,70.9,53.0,69.9,0.0,,,,,,,,,,,,,,0.0,0.0,1.0,0.0,0.0,0.0,0.0,0.0,1.0,0.0,0.0,0.0,0.0,0.0,a53b661f,2018,1,61.05
21.0,2655.0,39.3,48.3,32.7,58.1,38.4,44.8,47.2,46.0,0.48,0.013559322033898306,0.01694915254237288,0.5423728813559322,3.76271186440678,3.2542372881355934,0.1016949152542373,2.0677966101694913,0.576271186440678,0.13559322033898305,77.6,45.1,86.8,0.0,,,,,,,,,,,,,,1.0,0.0,0.0,0.0,0.0,0.0,0.0,0.0,0.0,1.0,0.0,0.0,0.0,0.0,a5ae8f8e,2018,1,44.9
19.0,2433.0,80.1,77.0,68.5,47.6,50.6,65.9,68.6,67.2,0.37,0.19605425400739826,0.1664611590628853,3.625154130702836,5.104808877928483,6.954377311960542,2.108508014796547,3.477188655980271,3.070283600493218,1.2946979038224413,85.3,42.9,71.1,0.0,,,,,,,,,,,,,,0.0,0.0,1.0,0.0,0.0,0.0,0.0,0.0,1.0,0.0,0.0,0.0,0.0,0.0,a5db0bec,2018,1,67.8
23.0,1287.0,64.2,64.6,34.4,48.9,81.0,64.2,69.9,67.1,2.73,0.048951048951048945,0.020979020979020976,0.4195804195804196,4.335664335664336,2.867132867132867,0.2797202797202797,4.265734265734266,1.3286713286713285,0.34965034965034963,78.8,73.3,42.1,0.0,,,,,,,,,,,,,,1.0,0.0,0.0,0.0,0.0,0.0,0.0,0.0,0.0,0.0,0.0,1.0,0.0,0.0,a5ec3ede,2018,1,62.3
23.0,2091.0,54.2,65.4,61.0,60.0,83.9,64.5,72.5,68.5,1.32,0.07747489239598278,0.1291248206599713,2.4964131994261116,4.734576757532281,7.790530846484935,0.860832137733142,4.691535150645624,1.5925394548063128,0.9899569583931133,86.4,52.6,61.1,0.0,,,,,,,,,,,,,,0.0,0.0,1.0,0.0,0.0,0.0,0.0,0.0,0.0,0.0,1.0,0.0,0.0,0.0,a65ce836,2018,1,64.9
21.0,1304.0,63.3,53.1,70.5,31.4,13.1,47.8,57.2,52.5,0.06,0.11042944785276074,0.12423312883435583,3.1748466257668713,2.3466257668711656,9.455521472392638,1.51840490797546,0.8282208588957055,2.0015337423312882,1.4493865030674846,72.7,15.4,38.1,0.0,,,,,,,,,,,,,,0.0,0.0,1.0,1.0,0.0,0.0,0.0,0.0,0.0,0.0,0.0,0.0,0.0,0.0,a6b9bd00,2018,0,
20.0,3060.0,61.0,36.9,29.1,44.5,37.0,39.3,39.6,39.4,0.19,0.058823529411764705,0.01764705882352941,0.5294117647058824,2.8823529411764706,1.9705882352941178,0.20588235294117646,3.4411764705882355,0.8529411764705882,0.20588235294117646,78.4,63.0,89.5,0.0,,,,,,,,,,,,,,1.0,0.0,0.0,0.0,0.0,0.0,0.0,0.0,0.0,1.0,0.0,0.0,0.0,0.0,a712ca2b,2018,1,44.099999999999994
19.0,1596.0,35.3,40.0,45.3,30.3,54.4,43.6,46.2,44.9,0.08,0.011278195488721804,0.016917293233082706,0.7894736842105263,2.932330827067669,3.045112781954887,0.5639097744360902,4.285714285714286,0.39473684210526316,0.3383458646616541,74.2,41.5,46.70000000000001,0.0,,,,,,,,,,,,,,1.0,0.0,0.0,0.0,0.0,0.0,0.0,0.0,0.0,0.0,0.0,1.0,0.0,0.0,a9142dc3,2018,0,
22.0,1391.0,61.6,64.7,73.8,46.2,37.3,49.9,58.4,54.2,0.25,0.019410496046010063,0.0905823148813803,1.8763479511143062,3.04097771387491,5.95255212077642,0.5176132278936018,2.393961179007908,1.488138030194105,0.8411214953271028,81.8225806451613,40.0,35.239108554996406,0.0,,,,,,,,,,,,,,1.0,0.0,0.0,0.0,1.0,0.0,0.0,0.0,0.0,0.0,0.0,0.0,0.0,0.0,a96e5dc0,2018,1,47.3
21.0,2096.0,45.3,49.4,43.4,39.9,45.1,45.2,46.0,45.6,1.54,0.3005725190839695,0.06870229007633588,2.7910305343511452,1.3740458015267176,4.465648854961832,1.245229007633588,1.202290076335878,3.306297709923664,1.245229007633588,66.3,60.0,61.3,0.0,,,,,,,,,,,,,,0.0,1.0,0.0,0.0,0.0,1.0,0.0,0.0,0.0,0.0,0.0,0.0,0.0,0.0,aa1a8c7e,2018,0,
22.0,2210.0,65.3,39.9,28.0,52.8,52.0,48.1,50.9,49.5,1.49,0.04479638009049774,0.028506787330316738,0.32579185520361986,3.4615384615384612,2.687782805429864,0.24434389140271492,2.5656108597285066,0.8552036199095022,0.12217194570135746,81.7,59.6,72.2,0.0,,,,,,,,,,,,,,1.0,0.0,0.0,0.0,0.0,0.0,0.0,0.0,0.0,0.0,0.0,1.0,0.0,0.0,aad48be9,2018,1,49.65
23.0,1945.0,62.0,60.7,77.9,25.3,37.8,53.8,56.7,55.2,0.29,0.10179948586118252,0.16658097686375323,3.2390745501285347,3.146529562982005,6.940874035989717,2.359897172236504,2.4987146529562985,3.4704370179948585,1.8971722365038561,73.2,27.3,56.9,0.0,,,,,,,,,,,,,,0.0,0.0,1.0,0.0,0.0,0.0,0.0,0.0,1.0,0.0,0.0,0.0,0.0,0.0,ab651565,2018,1,53.849999999999994
18.0,1223.0,29.6,34.0,23.8,54.8,71.9,41.1,57.4,49.2,0.59,0.07358953393295176,0.08830744071954211,1.5453802125919869,3.5322976287816843,3.8266557645134913,0.44153720359771054,3.0907604251839738,0.8094848732624693,0.588716271463614,82.7,33.3,40.0,0.0,,,,,,,,,,,,,,0.0,0.0,1.0,0.0,0.0,0.0,0.0,0.0,0.0,0.0,1.0,0.0,0.0,0.0,ab700320,2018,1,39.3
22.0,1434.0,30.5,20.7,5.2,53.4,47.5,29.6,29.5,29.6,0.24,0.043933054393305436,0.03138075313807531,0.7531380753138075,3.200836820083682,1.506276150627615,0.3138075313807531,2.573221757322176,0.37656903765690375,0.18828451882845187,77.2,47.4,41.9,0.0,,,,,,,,,,,,,,0.0,0.0,1.0,0.0,0.0,0.0,1.0,0.0,0.0,0.0,0.0,0.0,0.0,0.0,ac454a4f,2018,0,
19.0,2791.0,60.4,86.4,77.1,28.4,53.4,56.5,66.2,61.4,0.27,0.038695807954138295,0.08706556789681118,2.1927624507345036,6.288068792547474,6.288068792547474,0.8706556789681117,4.127552848441419,1.1931207452525976,1.1286277319957003,74.2,81.1,81.6,0.0,,,,,,,,,,,,,,1.0,0.0,0.0,0.0,1.0,0.0,0.0,0.0,0.0,0.0,0.0,0.0,0.0,0.0,ac73ec79,2018,1,65.75
23.0,2160.0,68.7,19.0,24.1,62.4,54.3,46.9,52.6,49.8,0.51,0.10833333333333334,0.004166666666666667,0.375,1.0416666666666667,1.5833333333333333,0.16666666666666666,3.0,0.9583333333333334,0.08333333333333333,86.09999999999998,57.1,63.2,0.0,,,,,,,,,,,,,,1.0,0.0,0.0,0.0,0.0,0.0,0.0,0.0,0.0,0.0,0.0,1.0,0.0,0.0,ac7e640b,2018,1,49.0
23.0,2824.0,33.6,57.2,22.6,62.3,78.6,51.0,66.3,58.6,1.02,0.06373937677053824,0.054178470254957506,1.0835694050991502,5.481586402266289,4.971671388101983,0.509915014164306,3.7606232294617565,1.2110481586402266,0.4143059490084986,86.0,57.4,82.6,0.0,,,,,,,,,,,,,,0.0,0.0,1.0,0.0,0.0,0.0,0.0,0.0,0.0,0.0,1.0,0.0,0.0,0.0,ac861941,2018,1,55.7
21.0,2423.0,54.4,63.1,27.1,71.4,35.7,50.2,56.1,53.2,1.38,0.0520016508460586,0.007428807263722659,0.5571605447791994,2.9715229054890635,6.574494428394552,0.5200165084605861,1.9686339248865043,0.5571605447791994,0.14857614527445318,94.09999999999998,66.7,70.8,0.0,,,,,,,,,,,,,,1.0,0.0,0.0,0.0,0.0,0.0,0.0,0.0,0.0,1.0,0.0,0.0,0.0,0.0,aef6e670,2018,1,55.95
22.0,2916.0,61.8,72.4,90.4,42.1,45.4,55.3,65.9,60.6,1.09,0.0154320987654321,0.12654320987654322,2.0987654320987654,3.7962962962962963,5.895061728395062,1.1728395061728396,3.8271604938271606,2.314814814814815,1.1419753086419753,78.5,52.6,85.3,0.0,,,,,,,,,,,,,,1.0,0.0,0.0,0.0,1.0,0.0,0.0,0.0,0.0,0.0,0.0,0.0,0.0,0.0,b05e2dbd,2018,1,48.5
23.0,1219.0,66.4,73.5,85.7,17.3,51.8,60.4,64.6,62.5,1.11,0.12551271534044298,0.13289581624282198,3.5438884331419196,4.20836751435603,8.34290401968827,4.28219852337982,3.9868744872846595,4.725184577522559,1.4766201804758,74.8,39.1,35.6,0.0,,,,,,,,,,,,,,0.0,0.0,1.0,0.0,0.0,0.0,0.0,0.0,1.0,0.0,0.0,0.0,0.0,0.0,b0c71810,2018,0,
19.0,3012.0,78.4,62.6,86.8,17.1,28.0,55.5,68.3,61.9,0.33,0.2091633466135458,0.1882470119521912,3.97410358565737,2.8685258964143423,7.380478087649402,2.3605577689243025,2.0318725099601593,5.468127490039841,1.5836653386454183,72.3,20.0,88.10000000000001,0.0,,,,,,,,,,,,,,0.0,0.0,1.0,1.0,0.0,0.0,0.0,0.0,0.0,0.0,0.0,0.0,0.0,0.0,b0f7e36c,2018,1,67.9
20.0,925.0,90.5,80.3,98.0,24.7,6.9,63.3,69.2,66.2,0.31,0.20432432432432432,0.36,4.864864864864865,4.378378378378378,9.827027027027027,3.5999999999999996,1.1675675675675674,6.129729729729729,3.016216216216216,78.7,25.0,27.0,0.0,,,,,,,,,,,,,,0.0,0.0,1.0,0.0,0.0,0.0,0.0,0.0,1.0,0.0,0.0,0.0,0.0,0.0,b19db005,2018,1,74.0
21.0,2572.0,45.1,68.6,80.6,32.1,50.9,56.2,62.1,59.2,0.4,0.20295489891135302,0.3044323483670295,3.3242612752721614,2.834370139968896,6.963452566096422,1.3646967340590979,1.5746500777604975,3.604199066874028,1.7846034214618973,73.8,26.7,75.2,0.0,,,,,,,,,,,,,,0.0,1.0,0.0,0.0,0.0,1.0,0.0,0.0,0.0,0.0,0.0,0.0,0.0,0.0,b2bd0f6c,2018,1,57.95
23.0,1252.0,47.7,52.1,30.8,39.4,31.8,41.6,43.5,42.6,0.52,0.10063897763578274,0.10782747603833866,2.012779552715655,2.3003194888178915,6.4696485623003195,1.0063897763578276,2.3003194888178915,2.1565495207667733,0.9345047923322684,86.50000000000001,41.70000000000001,36.6,0.0,,,,,,,,,,,,,,0.0,0.0,1.0,0.0,0.0,0.0,0.0,0.0,1.0,0.0,0.0,0.0,0.0,0.0,b2d03887,2018,1,35.6
20.0,1703.0,48.3,39.6,34.0,36.6,67.0,43.3,41.6,42.4,0.53,0.08984145625367,0.06341749853200235,2.3781561949500882,2.5366999412800944,4.4920728126835,2.2196124486200826,4.122137404580153,1.955372871403406,1.0041103934233706,78.3,54.79999999999999,55.7,0.0,,,,,,,,,,,,,,0.0,0.0,1.0,0.0,0.0,0.0,0.0,0.0,1.0,0.0,0.0,0.0,0.0,0.0,b3325a30,2018,1,40.15
22.0,2587.0,88.3,81.2,93.0,48.8,51.0,80.2,81.3,80.8,0.26,0.532276768457673,0.25396211828372633,4.38345574023966,2.81793583301121,7.61886354851179,1.56551990722845,1.5307305759567067,8.801700811751063,1.8090452261306533,83.5,31.4,75.6,0.0,,,,,,,,,,,,,,0.0,1.0,0.0,0.0,0.0,1.0,0.0,0.0,0.0,0.0,0.0,0.0,0.0,0.0,b400bde0,2018,1,73.65
21.0,1215.0,28.3,48.3,22.8,45.8,64.3,42.1,42.7,42.4,0.03,0.044444444444444446,0.02962962962962963,1.7037037037037037,3.8518518518518516,4.518518518518518,0.9629629629629629,2.6666666666666665,0.7407407407407407,0.5925925925925926,83.4,64.7,35.5,0.0,,,,,,,,,,,,,,0.0,0.0,1.0,0.0,0.0,0.0,1.0,0.0,0.0,0.0,0.0,0.0,0.0,0.0,b579e83d,2018,0,
19.0,902.0,13.5,26.7,27.5,29.0,44.4,23.6,25.5,24.6,0.13,0.14966740576496673,0.02993348115299335,2.893569844789357,0.6984478935698448,2.694013303769401,0.5986696230598669,0.7982261640798226,3.1929046563192904,0.5986696230598669,74.8,26.8,29.5,0.0,,,,,,,,,,,,,,0.0,1.0,0.0,0.0,0.0,1.0,0.0,0.0,0.0,0.0,0.0,0.0,0.0,0.0,b5f63410,2018,0,
20.0,1668.0,83.1,61.0,69.9,63.1,52.7,71.0,73.9,72.4,0.09,0.6582733812949639,0.1133093525179856,2.913669064748201,1.7805755395683451,3.2913669064748197,1.4028776978417266,2.0503597122302155,7.392086330935252,0.9712230215827338,81.5,25.6,48.8,0.0,,,,,,,,,,,,,,0.0,1.0,0.0,0.0,0.0,0.0,0.0,1.0,0.0,0.0,0.0,0.0,0.0,0.0,b66315ae,2018,1,69.2
22.0,1032.0,20.9,45.2,26.6,66.4,42.1,41.6,46.8,44.2,0.11,0.01744186046511628,0.03488372093023256,1.744186046511628,4.709302325581396,3.9244186046511627,0.3488372093023256,3.4011627906976742,0.1744186046511628,0.436046511627907,88.3,40.0,30.2,0.0,,,,,,,,,,,,,,0.0,0.0,1.0,0.0,0.0,0.0,0.0,0.0,0.0,0.0,1.0,0.0,0.0,0.0,b6dac747,2018,0,
21.0,1041.0,58.9,61.0,66.1,43.6,49.9,56.6,56.2,56.4,0.92,0.138328530259366,0.1037463976945245,3.371757925072046,5.706051873198847,4.8414985590778095,1.2103746397694524,3.112391930835735,0.9510086455331412,1.9020172910662825,78.9,27.3,30.4,0.0,,,,,,,,,,,,,,0.0,0.0,1.0,0.0,0.0,0.0,1.0,0.0,0.0,0.0,0.0,0.0,0.0,0.0,b70bde8f,2018,0,
21.0,2604.0,67.0,55.7,62.5,16.6,47.4,43.8,51.0,47.4,1.24,0.06221198156682028,0.05875576036866359,1.7972350230414746,2.7995391705069124,3.421658986175115,1.4861751152073732,2.9723502304147464,1.762672811059908,0.7949308755760368,68.6,49.0,76.1,0.0,,,,,,,,,,,,,,1.0,0.0,0.0,0.0,1.0,0.0,0.0,0.0,0.0,0.0,0.0,0.0,0.0,0.0,b7a5bc86,2018,1,46.2
23.0,1595.0,53.5,74.3,62.6,4.2,60.8,49.1,56.1,52.6,1.94,0.022570532915360503,0.11849529780564265,1.8056426332288402,3.780564263322884,5.586206896551724,1.6363636363636365,4.739811912225705,0.9592476489028213,0.6206896551724138,61.9,73.3,46.6,0.0,,,,,,,,,,,,,,1.0,0.0,0.0,0.0,1.0,0.0,0.0,0.0,0.0,0.0,0.0,0.0,0.0,0.0,b931d9d1,2018,0,
23.0,1602.0,65.6,73.9,92.3,22.4,49.7,52.8,65.1,59.0,1.29,0.02247191011235955,0.11235955056179775,2.4157303370786516,4.269662921348314,5.280898876404494,0.7865168539325842,3.258426966292135,1.0674157303370786,1.2921348314606742,69.9,61.89999999999999,46.8,0.0,,,,,,,,,,,,,,1.0,0.0,0.0,0.0,1.0,0.0,0.0,0.0,0.0,0.0,0.0,0.0,0.0,0.0,b99bec05,2018,1,57.6
23.0,2347.0,43.4,55.2,37.5,12.3,74.1,44.5,48.6,46.6,0.04,0.2224115892628888,0.15722198551342137,1.9940349382190028,1.8789944610140603,2.3008095440988496,0.9203238176395397,1.2270984235193865,5.406902428632296,1.0353642948444823,65.1,49.3,76.7,0.0,,,,,,,,,,,,,,0.0,1.0,0.0,0.0,0.0,0.0,0.0,0.0,0.0,0.0,0.0,0.0,0.0,1.0,ba115a40,2018,1,44.85
22.0,2282.0,46.1,50.2,53.4,51.7,35.8,48.4,49.0,48.7,0.6,0.059158632778264685,0.09070990359333918,2.681858019281332,3.9439088518843124,3.9439088518843124,0.9859772129710781,2.3269062226117443,1.0648553900087643,1.2226117440841369,81.7,35.7,66.7,0.0,,,,,,,,,,,,,,0.0,0.0,1.0,0.0,0.0,0.0,1.0,0.0,0.0,0.0,0.0,0.0,0.0,0.0,ba3d3bea,2018,0,
23.0,1851.0,40.2,49.9,43.9,15.3,69.5,43.2,44.5,43.8,0.07,0.07293354943273907,0.06807131280388978,1.7017828200972447,2.3824959481361425,5.640194489465154,2.3824959481361425,3.695299837925446,2.5769854132901133,0.9724473257698542,69.4,35.2,54.1,0.0,,,,,,,,,,,,,,0.0,0.0,1.0,0.0,0.0,0.0,0.0,0.0,1.0,0.0,0.0,0.0,0.0,0.0,bb5fbd2b,2018,1,55.55
23.0,2326.0,71.4,62.5,15.4,65.5,51.2,54.5,56.9,55.7,0.87,0.08899398108340498,0.0,0.1934651762682717,3.0180567497850386,4.720550300945829,0.4643164230438521,2.94067067927773,0.8899398108340498,0.0,87.6,60.9,68.0,0.0,,,,,,,,,,,,,,1.0,0.0,0.0,0.0,0.0,0.0,0.0,0.0,0.0,1.0,0.0,0.0,0.0,0.0,bba30585,2018,1,54.900000000000006
19.0,3154.0,54.6,31.1,49.7,38.6,30.4,35.7,39.1,37.4,0.61,0.039949270767279645,0.03138871274571972,0.7704502219403931,2.1116043119847814,2.8820545339251744,0.4280279010779962,2.482561826252378,0.4850982878883957,0.3138871274571972,76.8,43.8,92.2,0.0,,,,,,,,,,,,,,1.0,0.0,0.0,0.0,1.0,0.0,0.0,0.0,0.0,0.0,0.0,0.0,0.0,0.0,bcc81786,2018,1,34.2
19.0,1588.0,39.6,59.9,54.7,38.5,77.5,54.2,62.1,58.2,0.09,0.05667506297229219,0.07934508816120905,2.663727959697733,5.2707808564231735,4.817380352644836,1.2468513853904282,4.590680100755667,1.0768261964735515,1.0201511335012594,74.4,66.7,46.4,0.0,,,,,,,,,,,,,,0.0,0.0,1.0,0.0,0.0,0.0,0.0,0.0,0.0,0.0,1.0,0.0,0.0,0.0,bced0375,2018,1,58.8
21.0,2427.0,41.9,62.7,40.9,49.7,62.6,56.2,55.6,55.9,0.19,0.01854140914709518,0.04820766378244747,0.815822002472188,4.042027194066749,3.3374536464771323,0.5562422744128555,2.0024721878862795,0.8899876390605687,0.3708281829419036,85.9,74.2,79.3,0.0,,,,,,,,,,,,,,1.0,0.0,0.0,0.0,0.0,0.0,0.0,0.0,0.0,1.0,0.0,0.0,0.0,0.0,bd142efb,2018,1,64.0
23.0,1941.0,66.0,94.0,93.9,29.5,24.5,48.7,67.6,58.2,1.3,0.03245749613601236,0.20865533230293662,2.9675425038639878,6.4451313755795985,9.36630602782071,2.5038639876352398,3.2457496136012365,1.669242658423493,2.0401854714064913,76.37962962962962,47.605555555555554,51.71205564142195,0.0,,,,,,,,,,,,,,1.0,0.0,0.0,0.0,1.0,0.0,0.0,0.0,0.0,0.0,0.0,0.0,0.0,0.0,bd6351cd,2018,1,66.4
21.0,2610.0,35.6,45.0,33.6,57.7,74.4,58.3,65.3,61.8,0.32,0.017241379310344827,0.010344827586206896,0.41379310344827586,3.5172413793103448,2.896551724137931,0.10344827586206896,3.586206896551724,0.7241379310344828,0.20689655172413793,81.8,65.7,85.3,0.0,,,,,,,,,,,,,,1.0,0.0,0.0,0.0,0.0,0.0,0.0,0.0,0.0,0.0,0.0,1.0,0.0,0.0,bd7d2e6d,2018,0,
20.0,2941.0,59.7,51.6,21.6,57.9,73.3,59.3,55.2,57.2,0.35,0.09792587555253315,0.015300918055083306,0.42842570554233256,3.366201972118327,3.274396463787827,0.33662019721183273,3.9170350221013264,0.8874532471948318,0.12240734444066645,81.3,75.0,86.0,0.0,,,,,,,,,,,,,,1.0,0.0,0.0,0.0,0.0,0.0,0.0,0.0,0.0,1.0,0.0,0.0,0.0,0.0,be170419,2018,1,50.65
20.0,1272.0,86.3,60.9,82.6,21.9,17.4,54.7,68.9,61.8,0.14,0.21226415094339623,0.16981132075471697,3.466981132075472,3.1132075471698113,7.995283018867925,1.6981132075471699,1.839622641509434,4.528301886792453,1.9103773584905661,76.6,25.0,37.2,0.0,,,,,,,,,,,,,,0.0,0.0,1.0,1.0,0.0,0.0,0.0,0.0,0.0,0.0,0.0,0.0,0.0,0.0,beb391dd,2018,1,62.6
20.0,2692.0,59.5,46.6,33.0,32.7,68.3,46.3,53.9,50.1,0.21,0.1638187221396731,0.07020802377414562,1.7719167904903417,3.510401188707281,4.112184249628529,1.2035661218424962,2.574294205052006,2.473997028231798,0.5349182763744428,75.6,54.5,88.0,0.0,,,,,,,,,,,,,,0.0,0.0,1.0,0.0,0.0,0.0,0.0,0.0,0.0,0.0,1.0,0.0,0.0,0.0,beb882a8,2018,1,50.35
19.0,1254.0,52.5,48.3,34.0,57.1,70.3,58.1,63.6,60.8,0.28,0.050239234449760764,0.007177033492822967,0.7894736842105263,3.660287081339713,2.4401913875598087,0.07177033492822966,3.588516746411483,0.7894736842105263,0.07177033492822966,82.8,71.1,36.7,0.0,,,,,,,,,,,,,,1.0,0.0,0.0,0.0,0.0,0.0,0.0,0.0,0.0,0.0,0.0,1.0,0.0,0.0,bee704fc,2018,1,60.0
19.0,1858.0,77.7,52.2,52.3,18.4,18.8,44.3,46.4,45.3,0.67,0.232508073196986,0.13562970936490848,2.6157158234660924,1.55005382131324,5.81270182992465,2.131324004305705,1.4531754574811624,4.698600645855759,0.8234660925726587,75.2,40.0,54.3,0.0,,,,,,,,,,,,,,0.0,0.0,1.0,0.0,0.0,0.0,0.0,0.0,1.0,0.0,0.0,0.0,0.0,0.0,bfdb33aa,2018,1,50.0
22.0,1909.0,40.4,16.7,13.1,54.4,41.4,36.8,41.6,39.2,0.9,0.01885804085908853,0.023572551073860658,0.3771608171817705,1.6029334730225249,1.1786275536930328,0.4714510214772132,2.5458355159769512,0.42430591932949185,0.047145102147721316,81.5,38.9,55.8,0.0,,,,,,,,,,,,,,1.0,0.0,0.0,0.0,0.0,0.0,0.0,0.0,0.0,0.0,0.0,1.0,0.0,0.0,c00097d2,2018,1,46.8
21.0,2659.0,51.7,75.6,64.9,51.0,65.8,63.5,62.8,63.2,0.06,0.05415569763068823,0.07446408424219632,2.9108687476494923,5.246333207972922,7.615644979315532,1.9631440391124484,3.790898834148176,1.421587062805566,0.9815720195562242,85.1,59.0,77.7,0.0,,,,,,,,,,,,,,0.0,0.0,1.0,0.0,0.0,0.0,0.0,0.0,0.0,0.0,1.0,0.0,0.0,0.0,c0c7ff58,2018,1,68.25
22.0,3155.0,42.2,56.9,36.4,52.7,81.0,53.4,66.1,59.8,1.44,0.07702060221870048,0.07987321711568937,1.5974643423137875,4.935023771790808,4.307448494453249,1.4263074484944531,4.678288431061806,1.5974643423137875,0.5990491283676703,81.3,56.2,92.3,0.0,,,,,,,,,,,,,,0.0,0.0,1.0,0.0,0.0,0.0,0.0,0.0,0.0,0.0,1.0,0.0,0.0,0.0,c14bc029,2018,1,56.15
20.0,1337.0,46.2,69.7,71.1,36.2,47.7,51.5,58.3,54.9,1.22,0.013462976813762155,0.1144353029169783,1.4136125654450262,5.789080029917726,4.712041884816753,0.9424083769633508,4.038893044128646,1.4136125654450262,0.7404637247569185,78.6,40.9,43.7,0.0,,,,,,,,,,,,,,1.0,0.0,0.0,0.0,1.0,0.0,0.0,0.0,0.0,0.0,0.0,0.0,0.0,0.0,c1b7847c,2018,1,59.4
22.0,3049.0,36.5,36.9,31.9,57.9,69.9,45.0,45.8,45.4,0.06,0.06789111183994752,0.04132502459822892,2.1252869793374876,3.5716628402754997,3.3650377172843555,0.6493932436864546,3.896359462118727,0.7379468678255166,0.9150541161036405,84.6,54.8,89.2,0.0,,,,,,,,,,,,,,0.0,0.0,1.0,0.0,0.0,0.0,1.0,0.0,0.0,0.0,0.0,0.0,0.0,0.0,c2211709,2018,1,56.35
22.0,1109.0,72.7,45.3,80.1,24.3,25.8,37.1,49.7,43.4,1.91,0.05680793507664562,0.06492335437330929,1.866546438232642,2.5157799819657347,2.921550946798918,0.6492335437330928,2.921550946798918,1.460775473399459,0.8926961226330027,70.2,36.4,32.4,0.0,,,,,,,,,,,,,,1.0,0.0,0.0,0.0,1.0,0.0,0.0,0.0,0.0,0.0,0.0,0.0,0.0,0.0,c2846353,2018,0,
21.0,2116.0,45.2,40.9,46.2,42.5,60.5,49.9,46.0,48.0,0.01,0.025519848771266538,0.012759924385633269,0.6805293005671077,1.999054820415879,3.360113421550094,0.5954631379962192,4.508506616257089,0.8931947069943289,0.34026465028355385,78.9,60.0,61.9,0.0,,,,,,,,,,,,,,1.0,0.0,0.0,0.0,0.0,0.0,0.0,0.0,0.0,1.0,0.0,0.0,0.0,0.0,c3ee18ef,2018,1,67.85
23.0,1577.0,59.5,34.3,19.6,32.8,71.5,40.4,53.1,46.8,1.26,0.2054533925174382,0.045656309448319596,1.7121116043119848,2.454026632847178,3.481293595434369,1.3696892834495877,5.193405199746354,2.396956246036779,0.7419150285351934,71.3,67.5,46.1,0.0,,,,,,,,,,,,,,0.0,0.0,1.0,0.0,0.0,0.0,0.0,0.0,0.0,0.0,1.0,0.0,0.0,0.0,c414df9d,2018,1,52.4
21.0,2047.0,20.4,64.4,22.8,56.1,48.6,45.4,47.3,46.3,0.53,0.030776746458231558,0.030776746458231558,2.198339032730826,5.67171470444553,5.056179775280899,2.1104054714215925,3.5173424523693213,0.43966780654616516,0.7034684904738642,81.9,31.6,59.9,0.0,,,,,,,,,,,,,,0.0,0.0,1.0,0.0,0.0,0.0,1.0,0.0,0.0,0.0,0.0,0.0,0.0,0.0,c46fa34c,2018,0,
21.0,2284.0,66.1,78.0,75.2,57.9,73.7,70.3,72.9,71.6,0.67,0.35070052539404556,0.10639229422066551,3.3887915936952715,3.2705779334500877,8.353765323992995,1.9308231173380037,2.640105078809107,4.886164623467601,1.0245183887915938,80.0,60.9,66.8,0.0,,,,,,,,,,,,,,0.0,1.0,0.0,0.0,0.0,1.0,0.0,0.0,0.0,0.0,0.0,0.0,0.0,0.0,c47541e0,2018,1,58.849999999999994
23.0,2378.0,66.0,79.7,76.6,14.3,67.9,57.6,65.4,61.5,1.01,0.03784693019343987,0.07190916736753575,1.9680403700588731,5.449957947855341,6.131202691337259,1.6274179983179142,4.6173254835996635,0.7947855340622372,0.9083263246425568,70.2,50.0,77.7,0.0,,,,,,,,,,,,,,1.0,0.0,0.0,0.0,1.0,0.0,0.0,0.0,0.0,0.0,0.0,0.0,0.0,0.0,c50e5bba,2018,0,
23.0,1555.0,37.0,36.9,36.5,35.9,69.0,49.4,55.9,52.6,0.62,0.017363344051446943,0.011575562700964631,0.6366559485530546,2.6045016077170415,2.372990353697749,0.4630225080385852,3.2411575562700965,0.5787781350482315,0.2315112540192926,76.2,71.4,45.5,0.0,,,,,,,,,,,,,,1.0,0.0,0.0,0.0,0.0,0.0,0.0,0.0,0.0,0.0,0.0,1.0,0.0,0.0,c67cd65c,2018,1,52.400000000000006
20.0,1886.0,36.1,27.6,14.9,46.6,57.9,34.7,47.3,41.0,0.33,0.03817603393425239,0.06680805938494166,1.0975609756097562,2.767762460233298,2.672322375397667,0.2863202545068929,3.4358430540827145,1.1930010604453871,0.23860021208907742,76.9,36.7,55.1,0.0,,,,,,,,,,,,,,0.0,0.0,1.0,0.0,0.0,0.0,0.0,0.0,0.0,0.0,1.0,0.0,0.0,0.0,c69ef855,2018,1,48.6
20.0,994.0,24.8,28.1,26.8,58.6,51.5,37.0,34.4,35.7,0.02,0.0,0.1448692152917505,1.358148893360161,2.9879275653923543,2.806841046277666,1.539235412474849,2.625754527162978,0.5432595573440644,0.8148893360160966,82.1,38.9,29.1,0.0,,,,,,,,,,,,,,0.0,0.0,1.0,0.0,0.0,0.0,0.0,0.0,1.0,0.0,0.0,0.0,0.0,0.0,c6e8cf1f,2018,1,44.7
20.0,3240.0,32.7,23.2,27.6,52.4,77.9,39.5,58.5,49.0,0.79,0.05277777777777778,0.044444444444444446,1.4444444444444444,3.4166666666666665,2.0277777777777777,0.3055555555555556,3.888888888888889,0.6666666666666666,0.6666666666666666,78.0,54.4,94.7,0.0,,,,,,,,,,,,,,0.0,0.0,1.0,0.0,0.0,0.0,0.0,0.0,0.0,0.0,1.0,0.0,0.0,0.0,c7259b83,2018,1,48.25
23.0,2578.0,68.0,52.3,55.5,36.3,43.7,50.8,56.0,53.4,0.81,0.1466252909231963,0.11171450737005431,2.6881303335919315,3.9100077579519006,5.271528316524437,0.5934833204034135,3.386346004654771,3.2117920868890613,1.152055857253685,76.5,30.8,75.4,0.0,,,,,,,,,,,,,,0.0,0.0,1.0,1.0,0.0,0.0,0.0,0.0,0.0,0.0,0.0,0.0,0.0,0.0,c76b7567,2018,1,52.7
21.0,1248.0,64.5,71.0,85.8,26.0,48.7,52.0,62.8,57.4,1.53,0.028846153846153848,0.1875,1.9471153846153846,4.903846153846153,5.552884615384615,0.8653846153846153,4.543269230769231,1.2259615384615383,1.0096153846153846,70.5,51.9,36.5,0.0,,,,,,,,,,,,,,1.0,0.0,0.0,0.0,1.0,0.0,0.0,0.0,0.0,0.0,0.0,0.0,0.0,0.0,c8c60119,2018,1,58.3
22.0,1374.0,39.8,20.0,34.8,43.7,78.0,39.4,56.7,48.0,1.98,0.06550218340611354,0.03930131004366812,1.703056768558952,2.2925764192139737,1.244541484716157,0.6550218340611353,4.847161572052402,1.5065502183406112,0.7860262008733624,75.7,46.2,40.2,0.0,,,,,,,,,,,,,,0.0,0.0,1.0,0.0,0.0,0.0,0.0,0.0,0.0,0.0,1.0,0.0,0.0,0.0,c951a6df,2018,1,41.85
20.0,948.0,71.5,53.5,59.8,20.4,23.6,46.3,56.0,51.2,0.67,0.16139240506329114,0.16139240506329114,2.5632911392405062,3.79746835443038,5.3164556962025316,0.949367088607595,1.3291139240506329,3.2278481012658227,0.8544303797468354,74.7,28.6,27.7,0.0,,,,,,,,,,,,,,0.0,0.0,1.0,1.0,0.0,0.0,0.0,0.0,0.0,0.0,0.0,0.0,0.0,0.0,c9e39d91,2018,1,48.25
23.0,906.0,24.6,42.3,10.3,5.0,86.5,29.5,32.4,31.0,0.12,0.22847682119205298,0.019867549668874173,1.1920529801324504,1.7880794701986755,3.774834437086093,1.0927152317880795,2.2847682119205297,2.980132450331126,0.49668874172185434,59.2,52.2,29.6,0.0,,,,,,,,,,,,,,0.0,1.0,0.0,0.0,0.0,1.0,0.0,0.0,0.0,0.0,0.0,0.0,0.0,0.0,ca618d23,2018,1,49.4
21.0,2190.0,60.7,50.5,56.1,46.0,46.5,48.9,51.4,50.2,0.63,0.036986301369863014,0.06575342465753425,1.1917808219178083,3.5753424657534247,4.027397260273973,0.36986301369863017,2.8767123287671232,1.4794520547945207,0.6164383561643836,77.4,55.3,71.6,0.0,,,,,,,,,,,,,,1.0,0.0,0.0,0.0,1.0,0.0,0.0,0.0,0.0,0.0,0.0,0.0,0.0,0.0,ca8033cb,2018,1,58.4
22.0,1580.0,67.3,53.2,64.9,27.3,31.0,49.2,47.0,48.1,0.11,0.17658227848101266,0.0740506329113924,3.4177215189873413,3.5886075949367084,4.955696202531645,1.5379746835443036,3.075949367088607,1.6518987341772151,1.4240506329113922,77.0,16.7,46.2,0.0,,,,,,,,,,,,,,0.0,0.0,1.0,0.0,0.0,0.0,1.0,0.0,0.0,0.0,0.0,0.0,0.0,0.0,cac2537b,2018,1,54.2
23.0,950.0,37.5,28.3,56.8,24.3,76.8,50.0,45.4,47.7,0.43,0.0,0.018947368421052633,1.231578947368421,2.2736842105263158,2.463157894736842,0.9473684210526316,3.694736842105263,0.09473684210526316,0.5684210526315789,68.2,70.3,27.8,0.0,,,,,,,,,,,,,,1.0,0.0,0.0,0.0,1.0,0.0,0.0,0.0,0.0,0.0,0.0,0.0,0.0,0.0,cc2d7ad5,2018,1,46.3
22.0,1982.0,65.4,45.2,38.3,41.8,60.1,48.4,49.6,49.0,0.01,0.16347124117053483,0.045408678102926335,1.9525731584258326,3.1786074672048437,4.677093844601413,0.6357214934409687,3.1331987891019173,2.5882946518668013,0.7265388496468214,78.8,47.2,64.8,0.0,,,,,,,,,,,,,,0.0,0.0,1.0,1.0,0.0,0.0,0.0,0.0,0.0,0.0,0.0,0.0,0.0,0.0,cc86b9a3,2018,1,72.6
20.0,1097.0,36.6,25.2,22.7,40.8,27.9,31.1,29.6,30.4,0.43,0.23792160437556975,0.15587967183226983,1.4767547857793983,1.0665451230628988,1.1485870556061988,1.1485870556061988,0.5742935278030994,4.102096627164996,0.9024612579762991,74.4,33.3,32.1,0.0,,,,,,,,,,,,,,0.0,1.0,0.0,0.0,0.0,0.0,0.0,0.0,0.0,0.0,0.0,0.0,1.0,0.0,ccbbe661,2018,0,
23.0,2172.0,60.3,70.6,89.2,58.2,66.7,68.6,72.5,70.6,0.94,0.2154696132596685,0.2941988950276243,5.386740331491713,4.765193370165746,7.044198895027624,1.160220994475138,2.2790055248618786,3.4806629834254146,2.9005524861878453,76.0,41.7,63.5,0.0,,,,,,,,,,,,,,0.0,1.0,0.0,0.0,0.0,0.0,0.0,0.0,0.0,0.0,0.0,0.0,1.0,0.0,cd0fa27b,2018,1,70.5
18.0,1573.0,80.4,82.2,91.4,33.5,42.7,55.0,69.1,62.0,0.78,0.05721551176096631,0.1487603305785124,2.2886204704386524,5.835982199618563,6.064844246662428,0.9726636999364272,5.2638270820089,1.487603305785124,1.487603305785124,74.8,29.6,46.0,0.0,,,,,,,,,,,,,,1.0,0.0,0.0,0.0,1.0,0.0,0.0,0.0,0.0,0.0,0.0,0.0,0.0,0.0,cd1acf9d,2018,1,60.85
21.0,1929.0,36.0,55.8,25.1,74.7,33.2,47.4,52.9,50.2,0.5,0.032659409020217724,0.00933125972006221,0.41990668740279935,2.7993779160186625,3.545878693623639,0.27993779160186627,2.052877138413686,0.6065318818040435,0.18662519440124417,93.4,54.8,56.4,0.0,,,,,,,,,,,,,,1.0,0.0,0.0,0.0,0.0,0.0,0.0,0.0,0.0,1.0,0.0,0.0,0.0,0.0,cdf65d12,2018,1,55.599999999999994
21.0,1306.0,41.8,44.0,51.6,37.4,61.6,46.5,51.4,49.0,0.11,0.07580398162327719,0.11715160796324656,3.1010719754977027,3.9280245022970903,4.4104134762633995,0.6202143950995406,2.6186830015313936,2.343032159264931,1.2404287901990811,78.8,45.7,42.7,0.0,,,,,,,,,,,,,,0.0,0.0,1.0,0.0,0.0,0.0,0.0,0.0,0.0,0.0,1.0,0.0,0.0,0.0,ce218223,2018,0,
23.0,1988.0,31.6,59.6,25.4,59.8,73.7,50.7,63.6,57.2,1.45,0.06790744466800805,0.06338028169014084,1.4939637826961771,4.934607645875252,5.6589537223340045,0.5885311871227364,4.527162977867203,1.6750503018108651,0.7696177062374245,85.0,64.8,58.1,0.0,,,,,,,,,,,,,,0.0,0.0,1.0,0.0,0.0,0.0,0.0,0.0,0.0,0.0,1.0,0.0,0.0,0.0,ce30bfc8,2018,1,58.45
22.0,2888.0,53.5,30.3,23.0,39.2,82.7,53.9,64.5,59.2,2.14,0.037396121883656507,0.012465373961218837,0.5297783933518005,2.087950138504155,2.119113573407202,0.5609418282548476,4.5810249307479225,0.8102493074792244,0.15581717451523547,77.6,79.2,84.4,0.0,,,,,,,,,,,,,,1.0,0.0,0.0,0.0,0.0,0.0,0.0,0.0,0.0,0.0,0.0,1.0,0.0,0.0,ce4246f5,2018,1,58.3
19.0,1220.0,65.8,53.3,71.3,20.9,54.0,47.9,54.3,51.1,1.66,0.05901639344262295,0.08114754098360656,1.6967213114754098,2.360655737704918,4.131147540983607,1.180327868852459,2.9508196721311477,2.5081967213114753,0.6639344262295082,70.0,57.7,35.7,0.0,,,,,,,,,,,,,,1.0,0.0,0.0,0.0,1.0,0.0,0.0,0.0,0.0,0.0,0.0,0.0,0.0,0.0,ce5b170a,2018,0,
21.0,2958.0,87.2,65.7,86.7,22.3,39.0,60.4,72.8,66.6,0.35,0.2768762677484787,0.24949290060851925,3.7728194726166326,4.1075050709939145,5.598377281947261,1.6734279918864097,2.5557809330628802,5.659229208924949,1.7951318458417849,78.0,31.7,86.5,0.0,,,,,,,,,,,,,,0.0,0.0,1.0,1.0,0.0,0.0,0.0,0.0,0.0,0.0,0.0,0.0,0.0,0.0,cea4ee8f,2018,1,59.6
22.0,1760.0,63.5,58.1,41.6,40.7,66.1,55.6,53.5,54.6,0.17,0.05113636363636363,0.030681818181818178,0.6647727272727272,3.477272727272727,3.9374999999999996,0.9204545454545454,4.1931818181818175,0.8181818181818181,0.15340909090909088,79.4,58.6,51.5,0.0,,,,,,,,,,,,,,1.0,0.0,0.0,0.0,1.0,0.0,0.0,0.0,0.0,0.0,0.0,0.0,0.0,0.0,cfbf9881,2018,1,44.2
20.0,1184.0,56.1,51.3,53.1,23.9,56.8,47.1,47.9,47.5,1.4,0.04560810810810811,0.04560810810810811,1.2162162162162162,4.028716216216217,1.900337837837838,0.6841216216216216,3.6486486486486487,1.0641891891891893,0.6081081081081081,69.4,51.9,34.6,0.0,,,,,,,,,,,,,,1.0,0.0,0.0,0.0,0.0,0.0,0.0,0.0,0.0,0.0,0.0,1.0,0.0,0.0,d0042ab9,2018,1,49.05
22.0,2139.0,50.8,57.4,62.3,38.8,52.4,52.9,50.2,51.6,0.27,0.09256661991584854,0.09256661991584854,2.5666199158485274,4.544179523141655,5.680224403927069,1.388499298737728,3.9130434782608696,2.1879382889200563,1.0098176718092566,80.7,20.6,62.5,0.0,,,,,,,,,,,,,,0.0,0.0,1.0,0.0,0.0,0.0,0.0,0.0,0.0,0.0,1.0,0.0,0.0,0.0,d023d70f,2018,1,43.400000000000006
23.0,1493.0,48.1,79.1,67.6,40.4,33.0,48.3,58.1,53.2,0.51,0.01808439383791025,0.072337575351641,1.507032819825854,3.2551908908238447,7.113194909578031,2.1701272605492297,3.1949095780308103,2.592096450100469,0.6630944407233758,86.5,60.0,43.7,0.0,,,,,,,,,,,,,,1.0,0.0,0.0,0.0,1.0,0.0,0.0,0.0,0.0,0.0,0.0,0.0,0.0,0.0,d04b94db,2018,1,56.4
18.0,1347.0,72.1,43.5,65.2,31.2,17.4,45.7,46.2,46.0,0.55,0.1804008908685969,0.08685968819599109,3.0734966592427617,2.3385300668151445,5.011135857461024,2.3385300668151445,2.2048997772828507,3.2739420935412027,1.135857461024499,81.1,18.8,39.4,0.0,,,,,,,,,,,,,,0.0,0.0,1.0,0.0,0.0,0.0,0.0,0.0,1.0,0.0,0.0,0.0,0.0,0.0,d0643f8f,2018,0,
21.0,1347.0,35.1,63.2,49.0,36.0,88.6,54.5,67.0,60.8,2.16,0.04008908685968819,0.060133630289532294,2.8730512249443207,5.9465478841870825,4.810690423162583,2.1380846325167036,7.4832962138084635,1.0690423162583518,1.0022271714922049,80.2,47.5,39.4,0.0,,,,,,,,,,,,,,0.0,0.0,1.0,0.0,0.0,0.0,0.0,0.0,0.0,0.0,1.0,0.0,0.0,0.0,d080ed5e,2018,1,58.2
23.0,2136.0,44.1,41.1,46.4,25.5,70.1,49.5,54.8,52.2,0.3,0.033707865168539325,0.008426966292134831,0.7162921348314606,2.654494382022472,2.528089887640449,0.8848314606741573,4.508426966292134,0.5056179775280899,0.25280898876404495,74.1,61.5,62.5,0.0,,,,,,,,,,,,,,1.0,0.0,0.0,0.0,0.0,0.0,0.0,0.0,0.0,0.0,0.0,1.0,0.0,0.0,d0dbca9f,2018,1,39.3
23.0,1458.0,67.6,26.3,26.1,39.1,17.8,33.8,39.5,36.6,0.71,0.24074074074074076,0.02469135802469136,1.7283950617283952,1.4814814814814816,2.7160493827160495,0.4938271604938272,1.6049382716049383,2.6543209876543212,0.617283950617284,78.4,12.5,42.6,0.0,,,,,,,,,,,,,,0.0,0.0,1.0,1.0,0.0,0.0,0.0,0.0,0.0,0.0,0.0,0.0,0.0,0.0,d14229f3,2018,1,54.2
22.0,1449.0,39.7,59.9,72.1,38.7,61.0,55.2,58.0,56.6,0.79,0.012422360248447204,0.08695652173913042,1.5527950310559004,4.596273291925465,4.22360248447205,0.49689440993788814,3.726708074534161,0.6832298136645962,0.8074534161490683,74.3,57.1,42.4,0.0,,,,,,,,,,,,,,1.0,0.0,0.0,0.0,1.0,0.0,0.0,0.0,0.0,0.0,0.0,0.0,0.0,0.0,d183e9d6,2018,1,45.5
23.0,1664.0,54.5,60.2,39.2,10.9,67.2,49.5,52.3,50.9,0.27,0.4272836538461539,0.13521634615384617,2.433894230769231,1.5685096153846156,2.920673076923077,1.838942307692308,1.1899038461538463,5.1923076923076925,0.811298076923077,63.89999999999999,45.2,54.39999999999999,0.0,,,,,,,,,,,,,,0.0,1.0,0.0,0.0,0.0,0.0,0.0,0.0,0.0,0.0,0.0,0.0,0.0,1.0,d2416c2e,2018,1,59.900000000000006
20.0,1853.0,48.5,70.0,87.4,10.3,58.5,51.1,60.9,56.0,0.82,0.009713977334052888,0.11656772800863464,2.137075013491635,3.788451160280626,6.071235833783055,1.3599568267674043,3.6427415002698327,0.9713977334052888,1.0685375067458176,72.6,55.1,54.2,0.0,,,,,,,,,,,,,,1.0,0.0,0.0,0.0,1.0,0.0,0.0,0.0,0.0,0.0,0.0,0.0,0.0,0.0,d2424d1b,2018,1,63.05
20.0,2603.0,68.2,59.9,63.6,13.9,23.6,47.2,50.9,49.0,1.2,0.16596235113330773,0.13830195927775643,2.7314636957356897,3.11179408374952,7.295428351901652,2.3511333077218595,2.7314636957356897,2.9389166346523243,1.2101421436803688,69.7,15.4,76.1,0.0,,,,,,,,,,,,,,0.0,0.0,1.0,0.0,0.0,0.0,0.0,0.0,1.0,0.0,0.0,0.0,0.0,0.0,d2448564,2018,1,43.9
18.0,2268.0,68.4,54.9,34.4,47.5,65.3,55.8,59.3,57.6,0.97,0.043650793650793655,0.027777777777777776,0.6349206349206349,4.087301587301587,2.857142857142857,0.6349206349206349,3.492063492063492,0.5158730158730159,0.2380952380952381,83.9,60.4,74.1,0.0,,,,,,,,,,,,,,1.0,0.0,0.0,0.0,0.0,0.0,0.0,0.0,0.0,0.0,0.0,1.0,0.0,0.0,d248cd8f,2018,1,65.75
23.0,1762.0,63.1,56.1,73.5,11.9,33.3,48.4,57.9,53.2,0.01,0.0970488081725312,0.13280363223609534,2.7582292849035186,3.575482406356413,5.669693530079455,1.7877412031782065,2.8093076049943244,2.6560726447219065,1.2258796821793416,65.4,35.5,51.5,0.0,,,,,,,,,,,,,,0.0,0.0,1.0,1.0,0.0,0.0,0.0,0.0,0.0,0.0,0.0,0.0,0.0,0.0,d2fa73e7,2018,0,
21.0,1954.0,51.6,41.7,49.0,31.6,13.1,38.3,37.2,37.8,0.12,0.1059365404298874,0.09211873080859774,1.7041965199590583,3.5465711361310133,3.638689866939611,1.3357215967246674,1.796315250767656,1.3357215967246674,0.9672466734902763,65.2,0.0,57.1,0.0,,,,,,,,,,,,,,0.0,0.0,1.0,0.0,0.0,0.0,1.0,0.0,0.0,0.0,0.0,0.0,0.0,0.0,d3298c99,2018,1,58.3
23.0,3420.0,58.7,39.2,18.8,54.3,53.1,47.5,51.5,49.5,1.23,0.049999999999999996,0.015789473684210527,0.2631578947368421,2.236842105263158,2.5526315789473686,0.4473684210526316,2.5789473684210527,0.9736842105263158,0.13157894736842105,83.7,59.1,100.0,0.0,,,,,,,,,,,,,,1.0,0.0,0.0,0.0,0.0,0.0,0.0,0.0,0.0,0.0,0.0,1.0,0.0,0.0,d368feb8,2018,0,
19.0,1595.0,74.4,56.9,70.0,15.3,31.8,50.1,52.5,51.3,0.48,0.1523510971786834,0.135423197492163,3.272727272727273,2.426332288401254,6.771159874608151,2.2570532915360504,2.1442006269592477,2.9905956112852667,1.5799373040752351,70.01685393258428,27.30337078651685,26.260689655172417,0.0,,,,,,,,,,,,,,0.0,0.0,1.0,0.0,0.0,0.0,0.0,0.0,1.0,0.0,0.0,0.0,0.0,0.0,d4a2533d,2018,1,64.7
19.0,963.0,57.6,72.8,78.4,29.7,41.6,49.4,60.0,54.7,1.08,0.01869158878504673,0.10280373831775702,2.336448598130841,3.6448598130841123,7.196261682242991,1.3084112149532712,3.738317757009346,2.990654205607477,0.8411214953271029,84.2,76.9,28.2,0.0,,,,,,,,,,,,,,1.0,0.0,0.0,0.0,1.0,0.0,0.0,0.0,0.0,0.0,0.0,0.0,0.0,0.0,d4c9725f,2018,1,66.0
22.0,1612.0,52.6,74.5,74.9,19.4,55.3,52.0,60.3,56.2,0.99,0.011166253101736972,0.10049627791563276,1.563275434243176,5.248138957816377,6.30893300248139,1.6749379652605458,5.471464019851116,0.5583126550868486,0.9491315136476427,74.3,35.4,52.7,0.0,,,,,,,,,,,,,,1.0,0.0,0.0,0.0,1.0,0.0,0.0,0.0,0.0,0.0,0.0,0.0,0.0,0.0,d4d0a9ad,2018,1,59.0
23.0,2004.0,63.7,52.9,77.2,32.5,43.8,54.0,61.0,57.5,0.01,0.08083832335329341,0.14820359281437126,3.2335329341317367,4.311377245508982,6.467065868263473,0.22455089820359284,1.25748502994012,2.784431137724551,2.155688622754491,71.0,31.1,58.6,0.0,,,,,,,,,,,,,,0.0,0.0,1.0,1.0,0.0,0.0,0.0,0.0,0.0,0.0,0.0,0.0,0.0,0.0,d56543a0,2018,1,49.8
23.0,2262.0,58.8,51.2,36.2,80.1,38.9,52.4,56.3,54.4,0.72,0.05172413793103448,0.027851458885941642,0.4774535809018568,2.1883289124668437,4.018567639257294,0.07957559681697612,1.4721485411140585,0.9549071618037136,0.15915119363395225,93.4,73.3,66.1,0.0,,,,,,,,,,,,,,1.0,0.0,0.0,0.0,0.0,0.0,0.0,0.0,0.0,1.0,0.0,0.0,0.0,0.0,d5f2f82b,2018,1,59.8
22.0,996.0,51.2,56.4,44.0,52.0,47.2,50.1,51.7,50.9,0.93,0.03614457831325302,0.009036144578313254,0.9036144578313253,3.5240963855421685,3.7048192771084336,0.45180722891566266,2.8012048192771086,0.7228915662650602,0.18072289156626506,84.6,60.900000000000006,29.1,0.0,,,,,,,,,,,,,,1.0,0.0,0.0,0.0,0.0,0.0,0.0,0.0,0.0,1.0,0.0,0.0,0.0,0.0,d61b3354,2018,0,
23.0,2683.0,59.5,39.4,54.7,31.4,50.1,50.8,53.0,51.9,0.22,0.29854640327991055,0.15765933656354827,2.6835631755497578,0.8721580320536713,2.482295937383526,0.9057025717480433,1.274692508386135,5.568393589265748,0.9392471114424152,72.3,42.4,78.5,0.0,,,,,,,,,,,,,,0.0,1.0,0.0,0.0,0.0,0.0,0.0,1.0,0.0,0.0,0.0,0.0,0.0,0.0,d705ba44,2018,1,58.6
21.0,1776.0,71.0,79.4,66.6,57.5,48.9,66.6,69.6,68.1,0.0,0.14189189189189189,0.09628378378378377,2.939189189189189,6.030405405405405,10.287162162162161,1.5709459459459458,4.45945945945946,1.8243243243243243,0.7094594594594594,89.5,37.5,51.9,0.0,,,,,,,,,,,,,,0.0,0.0,1.0,0.0,0.0,0.0,0.0,0.0,1.0,0.0,0.0,0.0,0.0,0.0,d7553721,2018,1,59.0
23.0,1528.0,41.5,13.6,12.6,55.7,50.1,40.0,46.9,43.4,2.13,0.029450261780104712,0.0,0.11780104712041885,1.236910994764398,0.7657068062827225,0.35340314136125656,3.5340314136125652,0.6479057591623036,0.0,75.0,51.9,44.7,0.0,,,,,,,,,,,,,,1.0,0.0,0.0,0.0,0.0,0.0,0.0,0.0,0.0,0.0,0.0,1.0,0.0,0.0,d9764034,2018,1,55.8
20.0,1192.0,53.5,33.6,56.9,25.0,40.5,37.5,41.5,39.5,0.9,0.0151006711409396,0.0604026845637584,0.830536912751678,2.0385906040268456,2.3406040268456376,0.5285234899328859,3.9261744966442955,1.3590604026845639,0.6040268456375839,65.3,30.2,34.9,0.0,,,,,,,,,,,,,,1.0,0.0,0.0,0.0,1.0,0.0,0.0,0.0,0.0,0.0,0.0,0.0,0.0,0.0,d97f2e8d,2018,1,44.099999999999994
21.0,2534.0,35.4,37.1,17.8,73.9,53.6,50.9,55.8,53.4,0.88,0.017758484609313337,0.003551696921862668,0.35516969218626676,2.7348066298342544,2.5927387529597477,0.3196527229676401,2.9123914759273877,0.4262036306235201,0.1420678768745067,90.1,54.5,74.1,0.0,,,,,,,,,,,,,,1.0,0.0,0.0,0.0,0.0,0.0,0.0,0.0,0.0,0.0,0.0,1.0,0.0,0.0,da7b447d,2018,1,51.55
21.0,1146.0,69.9,69.3,77.1,53.3,37.6,63.0,65.3,64.2,0.07,0.17277486910994766,0.3298429319371728,2.8272251308900525,4.790575916230367,7.068062827225131,1.4136125654450262,3.9267015706806285,2.4345549738219896,1.492146596858639,83.8,9.1,37.5,0.0,,,,,,,,,,,,,,0.0,0.0,1.0,0.0,0.0,0.0,0.0,0.0,1.0,0.0,0.0,0.0,0.0,0.0,db4ed67b,2018,1,59.6
21.0,1962.0,65.8,33.3,16.7,54.6,44.2,42.9,41.8,42.3,0.06,0.05963302752293578,0.01834862385321101,0.36697247706422015,1.9724770642201834,1.5596330275229358,0.3211009174311926,2.614678899082569,0.6880733944954128,0.13761467889908258,82.27431192660549,54.31559633027523,31.04046890927625,0.0,,,,,,,,,,,,,,1.0,0.0,0.0,0.0,0.0,0.0,0.0,0.0,0.0,1.0,0.0,0.0,0.0,0.0,dbe5a587,2018,0,
22.0,1043.0,32.5,74.9,77.8,22.8,77.6,53.6,62.7,58.2,0.55,0.0862895493767977,0.18983700862895495,3.451581975071908,3.0201342281879198,5.781399808245446,3.0201342281879198,2.5023969319271333,3.969319271332694,1.8120805369127517,71.9,39.1,30.5,0.0,,,,,,,,,,,,,,0.0,1.0,0.0,0.0,0.0,1.0,0.0,0.0,0.0,0.0,0.0,0.0,0.0,0.0,dc1c2fce,2018,1,59.55
21.0,1017.0,44.1,34.8,40.0,25.4,72.5,41.0,52.0,46.5,0.88,0.10619469026548671,0.026548672566371678,2.389380530973451,3.9823008849557517,3.0088495575221237,0.2654867256637168,4.2477876106194685,1.5929203539823007,0.6194690265486725,68.0,39.6,29.7,0.0,,,,,,,,,,,,,,0.0,0.0,1.0,0.0,0.0,0.0,0.0,0.0,0.0,0.0,1.0,0.0,0.0,0.0,dc61b402,2018,0,
23.0,1613.0,76.2,62.8,71.8,15.9,30.9,52.4,55.7,54.0,0.16,0.17854928704277745,0.12833230006199628,3.292002479851209,3.5709857408555488,7.253564786112833,1.5065096094234347,3.0130192188468694,4.63112213267204,1.4507129572225668,70.3,15.000000000000002,52.7,0.0,,,,,,,,,,,,,,0.0,0.0,1.0,0.0,0.0,0.0,0.0,0.0,1.0,0.0,0.0,0.0,0.0,0.0,dc62fbee,2018,1,49.75
22.0,2850.0,33.3,26.0,21.8,64.5,47.3,44.1,48.5,46.3,0.56,0.01894736842105263,0.015789473684210527,0.22105263157894736,2.7157894736842105,1.8631578947368421,0.18947368421052632,1.7052631578947368,0.3157894736842105,0.09473684210526316,84.3,60.0,83.3,0.0,,,,,,,,,,,,,,1.0,0.0,0.0,0.0,0.0,0.0,0.0,0.0,0.0,0.0,0.0,1.0,0.0,0.0,de045b15,2018,1,42.7
23.0,2830.0,63.3,75.8,73.2,32.6,68.1,61.0,65.9,63.4,0.37,0.060424028268551234,0.05724381625441696,1.558303886925795,5.120141342756184,4.8339222614840995,1.049469964664311,4.134275618374558,1.5265017667844523,0.7632508833922261,76.7,74.2,82.7,0.0,,,,,,,,,,,,,,1.0,0.0,0.0,0.0,1.0,0.0,0.0,0.0,0.0,0.0,0.0,0.0,0.0,0.0,de0f152c,2018,1,48.0
22.0,1148.0,55.6,45.3,49.5,10.6,41.2,40.1,41.6,40.8,1.1,0.14111498257839722,0.1019163763066202,2.038327526132404,2.1167247386759582,5.566202090592334,1.881533101045296,2.508710801393728,2.430313588850174,0.7839721254355401,62.2,21.6,33.6,0.0,,,,,,,,,,,,,,0.0,0.0,1.0,0.0,0.0,0.0,0.0,0.0,1.0,0.0,0.0,0.0,0.0,0.0,de112b84,2018,1,48.8
23.0,901.0,88.2,62.0,66.6,17.3,31.2,53.3,55.8,54.6,1.3,0.2297447280799112,0.2597114317425083,3.0965593784683687,2.297447280799112,8.09100998890122,3.7957824639289677,2.9966703662597114,4.894561598224195,1.5982241953385128,73.7,0.0,26.3,0.0,,,,,,,,,,,,,,0.0,0.0,1.0,0.0,0.0,0.0,0.0,0.0,1.0,0.0,0.0,0.0,0.0,0.0,de39485a,2018,1,51.0
23.0,901.0,43.9,76.3,96.1,18.0,34.8,45.5,61.0,53.2,0.06,0.009988901220865706,0.1598224195338513,2.497225305216426,6.592674805771365,7.291897891231964,0.8990011098779135,3.1964483906770256,0.3995560488346282,1.3984461709211986,70.0,60.0,26.3,0.0,,,,,,,,,,,,,,1.0,0.0,0.0,0.0,1.0,0.0,0.0,0.0,0.0,0.0,0.0,0.0,0.0,0.0,de7d40d6,2018,0,
22.0,1102.0,77.9,42.1,50.1,18.5,29.0,42.4,52.2,47.3,0.84,0.3266787658802178,0.08166969147005446,2.2867513611615244,2.20508166969147,4.573502722323049,1.061705989110708,1.7150635208711436,3.838475499092559,1.061705989110708,76.6,30.0,36.0,0.0,,,,,,,,,,,,,,0.0,0.0,1.0,1.0,0.0,0.0,0.0,0.0,0.0,0.0,0.0,0.0,0.0,0.0,debc2f28,2018,0,
22.0,1147.0,83.0,42.1,86.0,19.2,48.0,53.3,65.5,59.4,0.31,0.21970357454228423,0.2589363557105493,3.609415867480384,2.5108979947689627,4.864864864864865,1.020052310374891,2.3539668700959027,2.197035745422842,2.040104620749782,65.77578125,23.090625,28.14167393199651,0.0,,,,,,,,,,,,,,0.0,0.0,1.0,1.0,0.0,0.0,0.0,0.0,0.0,0.0,0.0,0.0,0.0,0.0,df8e7b62,2018,1,58.0
23.0,2353.0,85.4,71.2,91.3,35.2,8.7,60.8,74.8,67.8,0.67,0.31746706332341695,0.17594560135996598,5.507862303442414,4.092647683807905,6.6935826604334885,2.63918402039949,1.2622184445388864,4.207394815129621,2.1419464513387165,84.0,18.2,68.8,0.0,,,,,,,,,,,,,,0.0,0.0,1.0,1.0,0.0,0.0,0.0,0.0,0.0,0.0,0.0,0.0,0.0,0.0,e0921a4f,2018,1,74.55
20.0,902.0,37.8,33.3,26.3,11.5,21.8,26.5,28.0,27.2,0.0,0.0598669623059867,0.0598669623059867,1.9955654101995566,1.796008869179601,4.889135254988914,0.49889135254988914,1.796008869179601,2.3946784922394677,0.8980044345898005,67.5,30.0,26.4,0.0,,,,,,,,,,,,,,0.0,0.0,1.0,0.0,0.0,0.0,0.0,0.0,1.0,0.0,0.0,0.0,0.0,0.0,e0d725fe,2018,0,
22.0,3061.0,12.5,48.7,9.1,65.3,50.1,38.9,49.7,44.3,0.31,0.005880431231623653,0.017641293694870955,1.2642927147990852,4.204508330610912,3.5576608951323094,0.9996733093760208,2.7932048350212346,0.32342371773930084,0.2940215615811826,90.1,40.4,89.5,0.0,,,,,,,,,,,,,,0.0,0.0,1.0,0.0,0.0,0.0,0.0,0.0,0.0,0.0,1.0,0.0,0.0,0.0,e1cbb531,2018,1,39.6
20.0,2381.0,13.4,23.7,8.1,58.8,73.9,33.6,56.3,45.0,1.01,0.01511969760604788,0.026459470810583786,0.9449811003779924,3.4019319613607726,2.9483410331793363,0.377992440151197,3.7799244015119697,0.49139017219655606,0.3401931961360773,83.09999999999998,43.9,77.8,0.0,,,,,,,,,,,,,,0.0,0.0,1.0,0.0,0.0,0.0,0.0,0.0,0.0,0.0,1.0,0.0,0.0,0.0,e26fcca3,2018,0,
23.0,1790.0,80.8,63.5,83.0,24.3,48.3,59.9,69.9,64.9,0.89,0.19106145251396647,0.1659217877094972,3.2178770949720668,5.027932960893855,4.273743016759776,1.4078212290502794,2.363128491620112,3.0670391061452515,1.759776536312849,70.8,45.2,58.5,0.0,,,,,,,,,,,,,,0.0,0.0,1.0,1.0,0.0,0.0,0.0,0.0,0.0,0.0,0.0,0.0,0.0,0.0,e280527c,2018,1,66.1
23.0,3202.0,61.9,71.0,77.8,41.9,49.8,55.5,63.2,59.4,0.34,0.05059337913803873,0.04497189256714554,1.6864459712679576,3.400999375390381,5.874453466583386,0.8432229856339788,4.412866958151156,1.3491567770143662,0.6745783885071831,82.2,56.0,93.59999999999998,0.0,,,,,,,,,,,,,,1.0,0.0,0.0,0.0,1.0,0.0,0.0,0.0,0.0,0.0,0.0,0.0,0.0,0.0,e28868f3,2018,1,48.1
21.0,1926.0,76.4,73.4,48.0,72.1,59.3,65.0,67.8,66.4,0.19,0.07009345794392524,0.03738317757009346,0.6542056074766356,4.299065420560748,6.4485981308411215,0.09345794392523366,2.6168224299065423,1.1682242990654206,0.1869158878504673,92.7,66.3,62.9,0.0,,,,,,,,,,,,,,1.0,0.0,0.0,0.0,0.0,0.0,0.0,0.0,0.0,1.0,0.0,0.0,0.0,0.0,e33c06cf,2018,1,66.1
19.0,914.0,47.4,68.4,63.6,44.0,47.2,52.3,57.2,54.8,1.37,0.019693654266958426,0.08862144420131292,1.1816192560175056,3.5448577680525166,5.12035010940919,1.7724288840262583,5.809628008752735,2.264770240700219,0.6892778993435449,84.8,26.1,26.7,0.0,,,,,,,,,,,,,,1.0,0.0,0.0,0.0,1.0,0.0,0.0,0.0,0.0,0.0,0.0,0.0,0.0,0.0,e3a5814e,2018,1,45.599999999999994
23.0,2080.0,83.6,56.2,74.4,30.5,20.6,38.7,52.5,45.6,0.39,0.08221153846153846,0.1125,1.5576923076923077,2.7259615384615383,5.841346153846154,0.6057692307692307,2.423076923076923,1.7740384615384617,0.7355769230769231,78.9,21.7,60.8,0.0,,,,,,,,,,,,,,1.0,0.0,0.0,0.0,1.0,0.0,0.0,0.0,0.0,0.0,0.0,0.0,0.0,0.0,e5cd9da6,2018,0,
20.0,1198.0,72.1,61.3,78.9,19.0,51.7,56.5,58.6,57.6,0.7,0.1352253756260434,0.08263772954924875,3.3055091819699496,2.8547579298831383,7.512520868113522,2.704507512520868,4.883138564273789,4.207011686143573,1.8781302170283805,76.57744360902257,40.0,34.56894824707846,0.0,,,,,,,,,,,,,,0.0,0.0,1.0,0.0,0.0,0.0,0.0,0.0,1.0,0.0,0.0,0.0,0.0,0.0,e61bdd69,2018,1,57.7
20.0,2444.0,81.5,75.7,90.3,23.5,16.4,60.2,65.4,62.8,0.43,0.1730769230769231,0.25777414075286414,3.97708674304419,5.008183306055646,8.948445171849427,2.835515548281506,1.6202945990180033,4.013911620294599,1.6939443535188217,76.18786764705881,33.3,71.15433715220948,0.0,,,,,,,,,,,,,,0.0,0.0,1.0,0.0,0.0,0.0,0.0,0.0,1.0,0.0,0.0,0.0,0.0,0.0,e6bc67d7,2018,1,54.3
22.0,1040.0,52.9,9.9,24.7,36.6,52.1,37.1,43.5,40.3,1.56,0.05192307692307692,0.0,0.25961538461538464,1.903846153846154,1.125,0.17307692307692307,2.9423076923076925,0.34615384615384615,0.08653846153846154,69.8,70.0,30.4,0.0,,,,,,,,,,,,,,1.0,0.0,0.0,0.0,0.0,0.0,0.0,0.0,0.0,0.0,0.0,1.0,0.0,0.0,e7ab4179,2018,1,48.8
20.0,2043.0,61.3,60.6,88.5,30.5,31.1,55.8,58.8,57.3,1.79,0.12334801762114538,0.19383259911894277,3.9207048458149782,3.1718061674008813,7.929515418502203,3.039647577092511,1.9823788546255507,2.995594713656388,1.762114537444934,81.1,42.9,66.8,0.0,,,,,,,,,,,,,,0.0,0.0,1.0,0.0,0.0,0.0,0.0,0.0,1.0,0.0,0.0,0.0,0.0,0.0,e7d59f4f,2018,1,55.55
21.0,1874.0,66.3,66.7,68.7,32.0,62.7,59.5,61.4,60.4,1.3,0.16808964781216648,0.1536819637139808,3.073639274279616,3.601921024546425,7.588046958377801,3.1216648879402347,2.6894343649946637,4.130202774813234,1.104589114194237,81.5,33.3,54.8,0.0,,,,,,,,,,,,,,0.0,0.0,1.0,0.0,0.0,0.0,0.0,0.0,1.0,0.0,0.0,0.0,0.0,0.0,e97fd090,2018,1,46.2
21.0,1110.0,81.4,57.5,70.0,20.5,31.5,52.3,54.2,53.2,0.09,0.19459459459459458,0.3162162162162162,3.4054054054054053,2.5945945945945943,6.972972972972973,1.5405405405405406,2.918918918918919,3.324324324324324,2.0270270270270268,73.6,25.0,32.5,0.0,,,,,,,,,,,,,,0.0,0.0,1.0,0.0,0.0,0.0,0.0,0.0,1.0,0.0,0.0,0.0,0.0,0.0,ea6a7ab4,2018,0,
21.0,1919.0,34.3,24.0,5.8,56.3,82.4,37.1,60.9,49.0,0.97,0.042209484106305366,0.04689942678478374,0.4689942678478374,2.4856696195935384,1.9228764981761333,0.3751954142782699,2.8139656070870243,0.9379885356956748,0.2344971339239187,80.2,55.1,62.7,0.0,,,,,,,,,,,,,,0.0,0.0,1.0,0.0,0.0,0.0,0.0,0.0,0.0,0.0,1.0,0.0,0.0,0.0,ea6bc03a,2018,1,54.95
22.0,3353.0,68.2,30.6,29.7,69.2,63.2,55.1,60.9,58.0,2.47,0.037578288100208766,0.05099910527885476,0.48314941843125564,2.0131225767968983,2.0668058455114826,0.18789144050104387,3.1404712198031617,1.315240083507307,0.1610498061437519,85.6,56.6,98.0,0.0,,,,,,,,,,,,,,1.0,0.0,0.0,0.0,0.0,0.0,0.0,0.0,0.0,0.0,0.0,1.0,0.0,0.0,eaeca114,2018,1,49.6
21.0,1727.0,12.5,33.8,22.2,67.3,62.1,39.3,54.7,47.0,0.27,0.010422698320787493,0.020845396641574986,1.5112912565141863,3.0746960046323104,3.9085118702953094,0.7295888824551244,3.70005790387956,0.31268094962362475,0.46902142443543715,88.4,52.0,56.4,0.0,,,,,,,,,,,,,,0.0,0.0,1.0,0.0,0.0,0.0,0.0,0.0,0.0,0.0,1.0,0.0,0.0,0.0,eba42d2b,2018,0,
20.0,1355.0,30.9,19.6,16.5,48.3,50.3,31.0,27.5,29.2,0.06,0.05977859778597786,0.01992619926199262,1.1291512915129152,1.859778597785978,3.121771217712177,0.5977859778597786,2.7232472324723247,0.7306273062730627,0.4649446494464945,82.8,33.3,39.6,0.0,,,,,,,,,,,,,,0.0,0.0,1.0,0.0,0.0,0.0,0.0,0.0,1.0,0.0,0.0,0.0,0.0,0.0,ec30b9c8,2018,0,
21.0,909.0,45.7,48.0,36.5,19.8,30.9,37.1,40.2,38.7,0.3,0.1188118811881188,0.0297029702970297,2.6732673267326734,2.376237623762376,6.732673267326733,1.188118811881188,2.0792079207920793,3.3663366336633667,0.7920792079207921,73.0,31.3,26.6,0.0,,,,,,,,,,,,,,0.0,0.0,1.0,1.0,0.0,0.0,0.0,0.0,0.0,0.0,0.0,0.0,0.0,0.0,ec3efd7f,2018,0,
22.0,2350.0,36.3,55.6,52.4,50.1,47.6,49.8,49.1,49.4,0.16,0.07276595744680851,0.08042553191489363,2.6808510638297873,4.404255319148937,4.748936170212766,1.3404255319148937,4.059574468085106,1.2638297872340425,1.0340425531914894,85.39999999999999,13.3,68.7,0.0,,,,,,,,,,,,,,0.0,0.0,1.0,0.0,0.0,0.0,0.0,0.0,0.0,0.0,1.0,0.0,0.0,0.0,ed45c4a5,2018,1,58.55
23.0,2810.0,31.2,48.0,34.9,43.1,82.8,47.1,62.7,54.9,0.13,0.04804270462633452,0.028825622775800714,2.4661921708185055,4.483985765124555,4.387900355871886,1.409252669039146,4.612099644128114,0.608540925266904,0.5765124555160143,78.3,66.0,82.2,0.0,,,,,,,,,,,,,,0.0,0.0,1.0,0.0,0.0,0.0,0.0,0.0,0.0,0.0,1.0,0.0,0.0,0.0,ef7cd87a,2018,1,49.2
18.0,1440.0,42.7,36.4,21.3,28.4,60.6,42.9,48.8,45.8,0.15,0.0375,0.0,0.375,2.75,2.3125,0.3125,2.625,0.6875,0.0,73.6,51.6,47.1,0.0,,,,,,,,,,,,,,1.0,0.0,0.0,0.0,0.0,0.0,0.0,0.0,0.0,0.0,0.0,1.0,0.0,0.0,f0797d57,2018,0,
22.0,1690.0,65.9,34.9,25.0,45.0,69.5,51.8,58.9,55.4,1.23,0.06390532544378698,0.021301775147928994,0.3195266272189349,1.4911242603550294,1.2781065088757395,0.2662721893491124,2.8224852071005917,1.331360946745562,0.15976331360946744,76.2,80.6,49.4,0.0,,,,,,,,,,,,,,1.0,0.0,0.0,0.0,0.0,0.0,0.0,0.0,0.0,0.0,0.0,1.0,0.0,0.0,f0da930c,2018,1,52.650000000000006
21.0,1112.0,49.9,34.6,51.6,20.8,45.1,39.1,38.5,38.8,0.36,0.08902877697841727,0.13758992805755393,1.8615107913669064,0.9712230215827338,4.370503597122302,1.2140287769784173,3.5611510791366907,2.83273381294964,1.2140287769784173,69.7,40.0,32.5,0.0,,,,,,,,,,,,,,0.0,0.0,1.0,0.0,0.0,0.0,0.0,0.0,1.0,0.0,0.0,0.0,0.0,0.0,f124b4c9,2018,0,
23.0,1635.0,59.3,64.8,78.9,34.4,45.5,50.6,59.4,55.0,1.29,0.022018348623853212,0.04954128440366972,1.7614678899082568,4.0183486238532105,4.73394495412844,0.7155963302752293,3.9082568807339446,1.1009174311926604,0.7706422018348623,78.1,57.1,47.8,0.0,,,,,,,,,,,,,,1.0,0.0,0.0,0.0,1.0,0.0,0.0,0.0,0.0,0.0,0.0,0.0,0.0,0.0,f1bed920,2018,1,42.900000000000006
22.0,1962.0,77.9,81.6,86.1,29.8,46.2,66.3,70.8,68.6,1.16,0.16972477064220184,0.1926605504587156,4.036697247706422,6.146788990825688,10.229357798165138,3.256880733944954,3.256880733944954,2.706422018348624,1.7431192660550459,79.5,33.3,64.1,0.0,,,,,,,,,,,,,,0.0,0.0,1.0,0.0,0.0,0.0,0.0,0.0,1.0,0.0,0.0,0.0,0.0,0.0,f25c8e3a,2018,0,
22.0,1408.0,72.7,48.8,49.9,44.7,40.0,50.4,47.9,49.2,0.85,0.1534090909090909,0.14062500000000003,2.6207386363636362,3.515625,3.643465909090909,1.2144886363636365,3.0042613636363638,2.4928977272727275,1.3423295454545454,78.65923566878982,42.9,40.27066761363637,0.0,,,,,,,,,,,,,,0.0,0.0,1.0,0.0,0.0,0.0,1.0,0.0,0.0,0.0,0.0,0.0,0.0,0.0,f3600c02,2018,1,57.0
21.0,2859.0,60.9,33.3,29.5,11.7,39.8,33.3,32.7,33.0,0.57,0.1385099685204617,0.08499475341028333,1.7313746065057714,1.9832109129066107,3.0535152151101785,1.6998950682056664,3.1794333683105984,2.9590766002098636,0.6925498426023086,65.8,26.6,83.6,0.0,,,,,,,,,,,,,,0.0,0.0,1.0,0.0,0.0,0.0,0.0,0.0,1.0,0.0,0.0,0.0,0.0,0.0,f3b1d9a2,2018,0,
20.0,2055.0,35.6,56.2,48.4,28.6,27.0,35.8,42.2,39.0,0.8,0.004379562043795621,0.030656934306569343,1.0072992700729928,3.0656934306569346,4.160583941605839,0.7883211678832117,2.54014598540146,1.2262773722627738,0.35036496350364965,82.3,45.8,60.1,0.0,,,,,,,,,,,,,,1.0,0.0,0.0,0.0,1.0,0.0,0.0,0.0,0.0,0.0,0.0,0.0,0.0,0.0,f449640d,2018,1,49.2
23.0,3060.0,82.1,68.5,35.1,66.9,55.1,60.1,62.7,61.4,0.44,0.11176470588235293,0.029411764705882353,0.5882352941176471,3.7941176470588234,5.264705882352941,0.29411764705882354,1.8235294117647058,1.1764705882352942,0.14705882352941177,87.5,65.7,100.0,0.0,,,,,,,,,,,,,,1.0,0.0,0.0,0.0,0.0,0.0,0.0,0.0,0.0,1.0,0.0,0.0,0.0,0.0,f521b80a,2018,1,59.05
19.0,1726.0,44.2,25.7,19.8,29.0,42.2,33.9,30.7,32.3,0.25,0.354577056778679,0.08342989571263036,1.825028968713789,1.1471610660486675,1.6685979142526073,1.5643105446118193,0.9907300115874855,3.754345307068366,0.46929316338354576,71.1,37.9,50.5,0.0,,,,,,,,,,,,,,0.0,1.0,0.0,0.0,0.0,1.0,0.0,0.0,0.0,0.0,0.0,0.0,0.0,0.0,f586779e,2018,1,53.55
23.0,1285.0,23.9,32.7,21.8,65.5,56.2,48.8,54.5,51.6,0.35,0.0,0.02101167315175097,0.35019455252918286,2.311284046692607,4.482490272373541,0.14007782101167315,3.221789883268482,0.0,0.14007782101167315,91.5,56.1,37.6,0.0,,,,,,,,,,,,,,1.0,0.0,0.0,0.0,0.0,0.0,0.0,0.0,0.0,0.0,0.0,1.0,0.0,0.0,f5deef4c,2018,1,55.65
23.0,1596.0,75.9,52.0,55.8,46.8,63.2,56.8,54.3,55.6,0.2,0.07330827067669173,0.016917293233082706,0.7330827067669172,3.101503759398496,3.778195488721804,0.16917293233082706,3.6654135338345863,0.8458646616541353,0.45112781954887216,83.2,58.7,46.70000000000001,0.0,,,,,,,,,,,,,,1.0,0.0,0.0,0.0,0.0,0.0,0.0,0.0,0.0,1.0,0.0,0.0,0.0,0.0,f7dc2ae5,2018,1,61.400000000000006
22.0,3051.0,80.9,71.1,87.9,45.7,38.5,53.9,66.0,60.0,1.05,0.0648967551622419,0.11504424778761062,2.1533923303834808,4.15929203539823,6.135693215339233,0.943952802359882,2.8613569321533925,3.2448377581120944,0.943952802359882,84.0,45.1,89.2,0.0,,,,,,,,,,,,,,1.0,0.0,0.0,0.0,1.0,0.0,0.0,0.0,0.0,0.0,0.0,0.0,0.0,0.0,f874dd44,2018,1,48.849999999999994
20.0,1723.0,60.8,31.4,27.4,29.5,55.6,44.6,38.3,41.4,0.13,0.3395240858966918,0.11491584445734185,2.350551363900174,1.2013929193267556,2.61172373766686,0.6268136970400464,0.8879860708067324,3.8131166569936155,0.6268136970400464,71.14188481675392,40.29057591623036,27.603830528148578,0.0,,,,,,,,,,,,,,0.0,1.0,0.0,0.0,0.0,0.0,0.0,0.0,0.0,0.0,0.0,0.0,1.0,0.0,f8eca1b6,2018,1,38.75
23.0,1271.0,62.3,17.8,47.9,38.2,66.7,47.7,54.2,51.0,1.93,0.06372934697088907,0.07081038552321008,0.7789142407553108,1.8410700236034618,0.9205350118017309,0.6372934697088907,3.823760818253344,0.6372934697088907,0.35405192761605037,78.4,48.9,37.2,0.0,,,,,,,,,,,,,,1.0,0.0,0.0,0.0,0.0,0.0,0.0,0.0,0.0,0.0,0.0,1.0,0.0,0.0,f9714604,2018,0,
20.0,2823.0,79.6,51.4,49.4,7.9,51.3,46.5,54.9,50.7,0.41,0.3283740701381509,0.10839532412327312,2.4229543039319874,2.4229543039319874,5.993623804463337,1.8809776833156215,3.124335812964931,6.599362380446333,0.7651434643995749,64.2,40.6,82.5,0.0,,,,,,,,,,,,,,0.0,0.0,1.0,1.0,0.0,0.0,0.0,0.0,0.0,0.0,0.0,0.0,0.0,0.0,fa031b34,2018,1,52.599999999999994
21.0,2018.0,70.8,58.2,62.1,16.0,14.1,45.8,49.5,47.6,0.55,0.23191278493557982,0.06689791873141725,2.319127849355798,2.67591674925669,6.55599603567889,2.6313181367690786,1.605550049554014,2.854311199207136,1.159563924677899,70.4,16.7,59.0,0.0,,,,,,,,,,,,,,0.0,0.0,1.0,0.0,0.0,0.0,0.0,0.0,1.0,0.0,0.0,0.0,0.0,0.0,fa18c72e,2018,1,59.6
22.0,2363.0,73.3,58.7,67.2,17.2,49.0,52.9,61.0,57.0,0.01,0.12568768514600084,0.20567075751163774,2.2471434617012274,3.5801946677951757,5.217943292424883,2.1328819297503174,2.1709691070672874,3.046974185357596,1.2568768514600084,65.7,27.7,77.2,0.0,,,,,,,,,,,,,,0.0,0.0,1.0,1.0,0.0,0.0,0.0,0.0,0.0,0.0,0.0,0.0,0.0,0.0,fa661778,2018,1,50.4
22.0,2204.0,54.7,52.7,60.7,32.3,45.7,45.7,50.4,48.0,1.4,0.028584392014519056,0.04491833030852995,1.3475499092558985,2.20508166969147,5.267695099818512,1.429219600725953,5.145190562613431,1.1842105263157896,0.44918330308529947,76.0,46.3,64.4,0.0,,,,,,,,,,,,,,1.0,0.0,0.0,0.0,1.0,0.0,0.0,0.0,0.0,0.0,0.0,0.0,0.0,0.0,fba81826,2018,1,48.8
21.0,2415.0,63.7,60.4,57.6,38.5,73.9,60.2,59.5,59.8,0.04,0.08571428571428572,0.007453416149068324,0.968944099378882,4.062111801242236,3.316770186335404,1.3416149068322982,3.279503105590062,0.8944099378881988,0.2236024844720497,75.4,72.5,78.9,0.0,,,,,,,,,,,,,,1.0,0.0,0.0,0.0,1.0,0.0,0.0,0.0,0.0,0.0,0.0,0.0,0.0,0.0,fc62f087,2018,1,54.6
23.0,2691.0,53.3,19.7,15.9,52.3,60.5,45.4,53.2,49.3,1.12,0.04013377926421405,0.013377926421404684,0.4682274247491639,1.6387959866220736,1.0367892976588629,0.10033444816053512,2.1739130434782608,1.0702341137123745,0.06688963210702341,71.0,72.3,78.7,0.0,,,,,,,,,,,,,,1.0,0.0,0.0,0.0,0.0,0.0,0.0,0.0,0.0,0.0,0.0,1.0,0.0,0.0,fd47b4f2,2018,1,47.0
22.0,2517.0,38.3,71.8,84.3,46.0,38.2,54.9,61.9,58.4,0.21,0.16805721096543505,0.18235995232419547,3.1823599523241954,3.5399284862932063,9.082240762812873,2.824791418355185,1.2514898688915377,3.5399284862932063,1.5017878426698452,81.0,18.5,73.6,0.0,,,,,,,,,,,,,,0.0,1.0,0.0,0.0,0.0,1.0,0.0,0.0,0.0,0.0,0.0,0.0,0.0,0.0,fd9c4805,2018,0,
20.0,2365.0,66.1,51.5,59.6,42.5,40.4,51.8,56.8,54.3,0.01,0.159830866807611,0.1408033826638478,2.6257928118393234,2.968287526427061,5.175475687103594,1.2938689217758985,2.2452431289640593,2.854122621564482,1.331923890063425,81.4,21.4,69.2,0.0,,,,,,,,,,,,,,0.0,0.0,1.0,1.0,0.0,0.0,0.0,0.0,0.0,0.0,0.0,0.0,0.0,0.0,fed17f5a,2018,1,46.75
18.0,2144.0,75.3,64.8,74.5,34.6,46.7,59.6,61.4,60.5,0.11,0.15111940298507462,0.19309701492537312,3.4421641791044775,3.819962686567164,6.086753731343284,1.5531716417910448,1.7210820895522387,3.4421641791044775,1.3013059701492538,81.0,45.8,70.1,0.0,,,,,,,,,,,,,,0.0,0.0,1.0,0.0,0.0,0.0,0.0,0.0,1.0,0.0,0.0,0.0,0.0,0.0,fed7cb61,2018,1,62.5
22.0,3021.0,83.0,82.1,91.2,23.9,42.4,52.6,67.8,60.2,1.1,0.06256206554121152,0.19960278053624625,3.247269116186693,4.945382323733862,5.928500496524329,0.9533267130089373,2.8897715988083412,1.429990069513406,2.025819265143992,68.9,62.1,88.3,0.0,,,,,,,,,,,,,,1.0,0.0,0.0,0.0,1.0,0.0,0.0,0.0,0.0,0.0,0.0,0.0,0.0,0.0,ff0ab48c,2018,1,58.05
19.0,2025.0,42.0,61.9,64.2,10.1,24.9,33.4,45.3,39.3,1.21,0.008888888888888889,0.06222222222222222,1.511111111111111,2.8444444444444446,4.844444444444444,1.288888888888889,2.0444444444444443,0.9777777777777777,0.9777777777777777,67.6,52.9,59.2,0.0,,,,,,,,,,,,,,1.0,0.0,0.0,0.0,1.0,0.0,0.0,0.0,0.0,0.0,0.0,0.0,0.0,0.0,ff800ed8,2018,1,50.349999999999994
22.0,1648.0,81.7,53.9,65.1,19.0,24.2,48.9,60.6,54.8,0.81,0.2129854368932039,0.16929611650485438,2.7305825242718447,2.3483009708737868,6.935679611650486,1.4745145631067962,1.58373786407767,3.3859223300970878,1.58373786407767,68.5,41.2,48.2,0.0,,,,,,,,,,,,,,0.0,0.0,1.0,1.0,0.0,0.0,0.0,0.0,0.0,0.0,0.0,0.0,0.0,0.0,ffa90327,2018,1,48.25
21.0,1888.0,40.3,55.0,47.5,50.4,80.1,54.1,65.3,59.7,0.72,0.057203389830508475,0.08103813559322033,2.3358050847457625,5.052966101694915,4.671610169491525,1.2394067796610169,4.528601694915254,1.048728813559322,1.1917372881355932,82.3,44.8,61.7,0.0,,,,,,,,,,,,,,0.0,0.0,1.0,0.0,0.0,0.0,0.0,0.0,0.0,0.0,1.0,0.0,0.0,0.0,ffbbc83b,2018,1,63.599999999999994
23.0,2282.0,68.9,48.3,39.9,39.6,20.5,43.8,49.7,46.8,1.23,0.22085889570552147,0.07887817703768625,2.1297107800175286,3.825591586327783,3.9439088518843124,0.946538124452235,1.577563540753725,3.15512708150745,0.9859772129710781,75.5,13.9,66.7,1.0,-9.600000000000001,0.6000000000000085,-8.700000000000003,-16.800000000000004,2.700000000000003,-36.0,0.09145558873212103,-0.02140938586669909,-0.5230570129371803,-0.8440135061315037,-1.0917340786614336,-14.599999999999994,-500.0,0.0,0.0,1.0,1.0,0.0,0.0,0.0,0.0,0.0,0.0,0.0,0.0,0.0,0.0,0000acda,2019,0,
22.0,2789.0,51.0,28.6,36.5,49.6,58.8,47.9,52.8,50.3,0.01,0.048404446038006456,0.01936177841520258,0.7099318752240947,2.420222301900323,1.6134815346002152,0.19361778415202582,2.452491932592327,0.48404446038006455,0.22588741484403013,82.6,66.7,91.1,1.0,6.299999999999997,1.7000000000000028,-12.100000000000001,15.0,0.10000000000000142,10.299999999999997,0.00492618516844124,0.013564676965927218,0.30413477377481934,-0.937243103080944,-0.30441537925909756,0.29999999999999716,-316.0,1.0,0.0,0.0,0.0,0.0,0.0,0.0,0.0,0.0,0.0,0.0,1.0,0.0,0.0,00242715,2019,1,53.1
23.0,3209.0,26.1,10.1,10.3,46.3,74.0,29.4,51.9,40.6,0.71,0.07291991274540355,0.014023060143346837,0.8413836086008102,1.9912745403552508,1.4864443751947647,0.25241508258024303,3.337488314116547,1.2901215331879088,0.36459956372701774,74.8,56.6,93.8,0.0,,,,,,,,,,,,,,0.0,0.0,1.0,0.0,0.0,0.0,0.0,0.0,0.0,0.0,1.0,0.0,0.0,0.0,00b28772,2019,1,41.85
21.0,2298.0,28.0,58.6,54.5,34.7,41.4,43.8,46.0,44.9,0.03,0.007832898172323759,0.027415143603133157,0.9399477806788511,4.073107049608355,3.485639686684073,0.6266318537859007,3.681462140992167,0.5483028720626631,0.4308093994778068,81.5,42.5,67.2,0.0,,,,,,,,,,,,,,1.0,0.0,0.0,0.0,0.0,0.0,0.0,0.0,0.0,1.0,0.0,0.0,0.0,0.0,0118c54c,2019,1,54.7
22.0,2741.0,85.0,72.7,91.5,26.4,29.4,46.3,63.0,54.6,1.14,0.06895293688434878,0.21014228383801534,2.9879605983217803,4.629697190806275,5.089383436701934,0.9850419554906968,2.9551258664720903,1.7074060561838744,1.871579715432324,73.2,33.3,89.6,1.0,12.600000000000001,19.299999999999997,40.2,28.9,7.399999999999999,-17.5,-0.037270239081316464,0.021837562807972444,0.5737975081930249,2.1441044667448526,2.360383886085245,28.699999999999996,877.0,1.0,0.0,0.0,0.0,1.0,0.0,0.0,0.0,0.0,0.0,0.0,0.0,0.0,0.0,016ff750,2019,1,46.4
19.0,1746.0,56.6,35.4,42.2,19.4,64.7,41.1,47.4,44.2,0.15,0.15463917525773196,0.11855670103092783,2.061855670103093,2.577319587628866,3.0927835051546393,0.8762886597938145,2.525773195876289,3.0927835051546393,0.9278350515463918,68.3,54.8,57.1,1.0,3.1000000000000014,22.300000000000004,14.099999999999998,18.900000000000002,-10.200000000000003,-7.0,0.10475794010333767,0.05442368440384944,0.7791953375615253,0.6699806547983447,-0.415554521634792,15.800000000000004,483.0,0.0,0.0,1.0,0.0,0.0,0.0,0.0,0.0,0.0,0.0,1.0,0.0,0.0,0.0,01c3aff5,2019,1,52.2
23.0,1919.0,62.6,62.1,78.6,17.7,36.9,52.8,56.3,54.6,0.5,0.10317873892652424,0.2157373632100052,3.7988535695674828,2.9077644606565918,6.5190203230849395,3.048462741010943,2.8139656070870243,5.7686294945284,1.5476810838978634,73.9,42.9,56.1,1.0,1.2000000000000028,-18.999999999999993,1.6000000000000014,4.8999999999999915,3.3999999999999986,10.899999999999999,-0.13250701340370213,0.10788117146566431,0.8827417187019702,-0.19203160767404803,-0.12818760325818834,-9.800000000000004,-334.0,0.0,0.0,1.0,0.0,0.0,0.0,0.0,0.0,1.0,0.0,0.0,0.0,0.0,0.0,01eb744d,2019,1,67.45
23.0,2813.0,60.0,36.3,18.6,48.9,29.7,42.8,47.3,45.0,0.58,0.49911126910771414,0.047991468183434055,1.8876644152150728,1.1837895485247067,3.359402772840384,1.9836473515819408,0.6398862424457874,4.159260575897618,0.6398862424457874,80.2,35.2,82.3,0.0,,,,,,,,,,,,,,0.0,1.0,0.0,0.0,0.0,0.0,0.0,1.0,0.0,0.0,0.0,0.0,0.0,0.0,02ef8778,2019,1,49.5
23.0,3031.0,39.9,45.9,31.2,40.9,41.8,39.6,40.1,39.8,0.12,0.25833058396568787,0.0653249752556912,2.0785219399538106,1.3658858462553614,3.295941933355328,1.2768063345430551,0.653249752556912,4.988452655889145,0.861101946552293,75.8,35.4,88.6,1.0,-17.6,-16.200000000000003,-25.1,-52.8,16.7,-3.1000000000000014,-0.003103285008354162,-0.1627343572535795,-0.8695621144343231,-0.4865055326520884,-0.747834796513489,41.3,1413.0,0.0,1.0,0.0,0.0,0.0,1.0,0.0,0.0,0.0,0.0,0.0,0.0,0.0,0.0,03f946ed,2019,1,65.7
22.0,1378.0,91.4,66.5,87.6,25.8,29.1,60.7,63.4,62.0,0.51,0.2612481857764877,0.2612481857764877,3.4615384615384612,2.808417997097242,11.429608127721334,3.788098693759071,0.9143686502177067,7.053701015965166,1.7634252539912916,79.6,39.1,45.0,1.0,-2.0,5.6000000000000085,-2.5999999999999943,-2.1000000000000085,-1.3000000000000007,-7.899999999999999,0.08952225342609738,-0.019757885342332804,-1.4560677830408966,-1.4498367985579375,0.23252901184138786,7.299999999999997,225.0,0.0,0.0,1.0,0.0,0.0,0.0,0.0,0.0,1.0,0.0,0.0,0.0,0.0,0.0,042e8a49,2019,1,68.4
21.0,2106.0,50.4,45.3,11.7,9.3,56.9,38.2,40.6,39.4,0.02,0.3034188034188034,0.09829059829059829,1.3675213675213675,1.5811965811965814,2.0085470085470085,1.4529914529914532,0.982905982905983,5.085470085470086,0.6410256410256411,56.2,55.9,61.6,1.0,9.5,18.7,14.999999999999996,-3.700000000000001,-9.3,-7.399999999999999,0.05529850266692368,0.04753871859135017,-0.0986440460124669,-0.13431013431013428,0.45337703232440085,14.899999999999991,510.0,0.0,1.0,0.0,0.0,0.0,0.0,0.0,1.0,0.0,0.0,0.0,0.0,0.0,0.0,04e17fd5,2019,1,43.05
22.0,1548.0,47.7,43.2,22.3,40.3,54.7,40.8,40.2,40.5,0.51,0.11046511627906977,0.05232558139534884,1.9767441860465118,2.8488372093023258,3.9534883720930236,2.0348837209302326,2.616279069767442,2.0930232558139537,0.813953488372093,86.6,62.5,45.3,0.0,,,,,,,,,,,,,,0.0,0.0,1.0,0.0,0.0,0.0,0.0,0.0,1.0,0.0,0.0,0.0,0.0,0.0,0557ff4f,2019,0,
23.0,2175.0,58.5,49.1,51.1,13.8,35.5,41.8,43.8,42.8,0.28,0.12413793103448276,0.09517241379310344,2.606896551724138,2.193103448275862,5.255172413793103,2.3586206896551722,1.6551724137931034,3.1448275862068966,1.0758620689655172,69.9,35.7,63.6,0.0,,,,,,,,,,,,,,0.0,0.0,1.0,0.0,0.0,0.0,0.0,0.0,1.0,0.0,0.0,0.0,0.0,0.0,05816e19,2019,0,
21.0,3018.0,55.8,63.9,58.4,48.4,59.8,57.9,58.1,58.0,0.14,0.1550695825049702,0.06858846918489066,3.0119284294234596,4.2644135188866805,4.592445328031809,1.371769383697813,2.6838966202783303,3.5785288270377738,1.2226640159045727,86.1,50.0,88.20000000000002,1.0,0.6000000000000014,0.7999999999999972,-2.500000000000007,-4.399999999999999,12.0,3.6999999999999957,0.03374605309320547,-0.03619094257981523,-0.2693215705765404,-1.2255693778505439,0.018089989474916024,-7.199999999999989,-246.0,0.0,0.0,1.0,1.0,0.0,0.0,0.0,0.0,0.0,0.0,0.0,0.0,0.0,0.0,05e19d6a,2019,1,59.85
17.0,1762.0,44.9,45.1,28.2,72.2,44.7,50.0,51.5,50.8,0.24,0.04086265607264472,0.00510783200908059,0.510783200908059,3.524404086265607,2.502837684449489,0.1021566401816118,2.6049943246311007,0.5618615209988649,0.1532349602724177,91.1,72.9,51.5,0.0,,,,,,,,,,,,,,1.0,0.0,0.0,0.0,0.0,0.0,0.0,0.0,0.0,1.0,0.0,0.0,0.0,0.0,06df8256,2019,1,62.5
23.0,2260.0,26.8,12.2,6.6,28.6,53.4,22.7,18.4,20.5,0.91,0.20309734513274336,0.03584070796460177,1.2743362831858407,0.8362831858407079,1.154867256637168,0.6769911504424779,0.7168141592920354,2.5486725663716814,0.5176991150442478,65.4,42.4,66.1,1.0,-3.8999999999999986,3.1000000000000014,-3.200000000000001,-19.5,3.3000000000000007,10.699999999999996,0.012484866598112543,-0.010524489516794903,-0.5802716160700265,0.38211396528055674,-0.5031558525107517,39.810475100171715,513.0,0.0,1.0,0.0,0.0,0.0,0.0,0.0,0.0,0.0,0.0,0.0,0.0,1.0,0.0,06f33dc8,2019,0,
19.0,1625.0,47.9,34.4,49.9,42.7,43.7,44.7,45.9,45.3,0.11,0.36,0.02769230769230769,2.1599999999999997,1.2184615384615383,2.492307692307692,0.8861538461538461,1.0523076923076922,4.541538461538461,1.0523076923076922,72.9,31.7,47.5,0.0,,,,,,,,,,,,,,0.0,1.0,0.0,0.0,0.0,0.0,0.0,1.0,0.0,0.0,0.0,0.0,0.0,0.0,08aa9cd1,2019,1,35.8
22.0,1577.0,40.3,29.8,7.6,46.6,55.7,33.8,36.5,35.2,0.39,0.38807863031071654,0.017121116043119847,1.14140773620799,1.1984781230183894,2.339885859226379,1.2555485098287889,1.0272669625871909,4.50856055802156,0.39949270767279643,76.59142857142857,45.42285714285715,23.06854787571337,1.0,-7.399999999999999,-22.5,13.9,-0.5,-2.6000000000000014,15.300000000000004,-0.1500221903223432,0.006570119560118675,0.08630808790787281,0.4407064922861681,0.45990836920830735,-1.8314521242866242,724.0,0.0,1.0,0.0,0.0,0.0,0.0,0.0,1.0,0.0,0.0,0.0,0.0,0.0,0.0,0a447501,2019,1,38.5
21.0,1887.0,52.5,75.4,85.1,29.1,29.4,45.2,59.4,52.3,0.79,0.01907790143084261,0.11446740858505565,2.098569157392687,5.48489666136725,5.723370429252783,0.8585055643879174,5.007949125596185,1.6693163751987283,1.0492845786963434,73.50666666666667,56.5,51.5906200317965,1.0,-11.100000000000001,-15.799999999999997,-5.799999999999997,-3.0,11.5,-34.2,-0.037704432954015446,0.02219611520966132,-0.03076838203948995,-2.0842005486651987,0.5164424026921708,10.190620031796499,619.0,1.0,0.0,0.0,0.0,1.0,0.0,0.0,0.0,0.0,0.0,0.0,0.0,0.0,0.0,0a89e877,2019,1,61.9
23.0,2633.0,76.6,45.9,49.2,10.6,35.2,42.5,52.1,47.3,0.28,0.26661602734523354,0.10938093429548044,2.6661602734523355,1.6407140144322065,5.50322825674136,1.9483478921382453,2.5977971895176606,4.819597417394607,1.0596278009874667,67.3,27.8,77.0,0.0,,,,,,,,,,,,,,0.0,0.0,1.0,1.0,0.0,0.0,0.0,0.0,0.0,0.0,0.0,0.0,0.0,0.0,0b0cbe5b,2019,1,58.6
21.0,1345.0,46.8,50.8,62.8,11.5,41.4,46.7,47.6,47.2,0.61,0.2810408921933086,0.1940520446096654,2.8104089219330857,1.5390334572490707,3.1449814126394053,1.4052044609665428,1.6728624535315986,5.085501858736059,1.2044609665427508,67.1,31.1,44.0,1.0,-2.1999999999999957,-0.20000000000000284,-8.200000000000003,18.299999999999997,-18.2,-14.5,-0.12048250280125072,0.17446553753676008,0.26416300245539226,-1.1640501433997676,-0.027887108583355857,14.0,426.0,0.0,1.0,0.0,0.0,0.0,0.0,0.0,0.0,0.0,0.0,0.0,0.0,1.0,0.0,0b4f388a,2019,1,61.05
22.0,1852.0,66.6,33.5,21.3,32.0,48.7,45.7,38.0,41.8,0.15,0.38390928725701945,0.18952483801295894,1.6036717062634989,1.1177105831533476,2.4298056155507557,0.7289416846652267,1.1177105831533476,4.227861771058315,0.7289416846652267,73.4,31.4,54.2,1.0,-11.700000000000003,-1.6000000000000085,-18.1,-20.599999999999998,-12.200000000000003,-4.099999999999994,-0.056245152897420714,0.09686074534886627,-0.65501555242376,-0.6396924539473141,-0.3301658647231003,8.800000000000011,298.0,0.0,1.0,0.0,0.0,0.0,0.0,0.0,0.0,0.0,0.0,0.0,0.0,1.0,0.0,0b90bb97,2019,1,38.7
22.0,1343.0,50.3,62.8,84.9,12.8,54.9,54.2,57.7,56.0,0.49,0.053611317944899484,0.20104244229337304,3.5517498138495904,3.5517498138495904,6.768428890543559,2.9486224869694713,3.4177215189873418,4.221891288160834,1.6753536857781086,67.9,44.2,39.3,0.0,,,,,,,,,,,,,,0.0,0.0,1.0,0.0,0.0,0.0,0.0,0.0,1.0,0.0,0.0,0.0,0.0,0.0,0be95d34,2019,1,53.0
20.0,1972.0,84.0,49.1,50.4,17.2,34.9,46.1,46.6,46.4,0.48,0.36511156186612576,0.10040567951318459,2.464503042596349,1.643002028397566,5.431034482758621,2.6470588235294117,1.4148073022312373,4.335699797160244,1.0040567951318458,74.6,46.7,64.4,0.0,,,,,,,,,,,,,,0.0,0.0,1.0,0.0,0.0,0.0,0.0,0.0,1.0,0.0,0.0,0.0,0.0,0.0,0c61c77c,2019,1,51.4
22.0,1377.0,34.6,50.5,10.7,66.8,54.5,51.4,55.7,53.6,1.03,0.013071895424836602,0.0,0.19607843137254902,3.856209150326797,3.3986928104575163,0.45751633986928103,3.202614379084967,0.26143790849673204,0.06535947712418301,86.3,49.1,40.3,1.0,18.0,0.6000000000000014,22.2,-22.8,11.399999999999999,29.5,-0.005678104575163398,-0.00625,-0.303921568627451,0.7736928104575163,1.856209150326797,-1.8000000000000043,-63.0,1.0,0.0,0.0,0.0,0.0,0.0,0.0,0.0,0.0,0.0,0.0,1.0,0.0,0.0,0eb03d5b,2019,0,
21.0,962.0,83.9,38.1,33.1,14.9,12.1,35.4,46.7,41.0,0.21,0.2713097713097713,0.09355509355509356,1.6839916839916842,0.5613305613305614,4.116424116424117,1.9646569646569647,2.1517671517671517,4.677754677754678,0.5613305613305614,71.5,10.0,31.4,1.0,-10.799999999999997,-6.3999999999999915,-15.899999999999999,-36.300000000000004,3.0,-22.4,-0.14597157747842687,-0.11508558083900552,-1.3507817617406659,-4.2292028593398445,-0.38703614046079793,0.3999999999999986,13.0,0.0,0.0,1.0,1.0,0.0,0.0,0.0,0.0,0.0,0.0,0.0,0.0,0.0,0.0,0f26fd24,2019,0,
20.0,2665.0,36.9,47.5,40.5,38.0,64.8,45.2,52.9,49.0,0.14,0.05065666041275797,0.07767354596622889,2.0938086303939962,3.275797373358349,4.99812382739212,1.2157598499061915,3.1407129455909946,1.3846153846153846,0.8105065666041276,81.5,53.00000000000001,77.9,0.0,,,,,,,,,,,,,,0.0,0.0,1.0,0.0,0.0,0.0,0.0,0.0,0.0,0.0,1.0,0.0,0.0,0.0,0f8418aa,2019,1,53.3
23.0,1046.0,28.8,26.2,20.8,36.1,54.6,31.8,42.7,37.2,0.71,0.0688336520076482,0.0344168260038241,1.892925430210325,2.7533460803059273,2.581261950286807,1.2045889101338432,5.076481835564054,1.2906309751434035,0.6883365200764818,75.7,18.5,30.6,0.0,,,,,,,,,,,,,,0.0,0.0,1.0,0.0,0.0,0.0,0.0,0.0,0.0,0.0,1.0,0.0,0.0,0.0,10e25802,2019,0,
20.0,2672.0,69.5,63.3,62.2,32.8,36.0,45.0,53.6,49.3,0.61,0.08083832335329341,0.07747005988023951,1.1788922155688621,3.1661676646706587,5.288173652694611,0.9431137724550898,2.7619760479041915,1.3473053892215567,0.6736526946107784,79.5,36.99999999999999,78.1,1.0,5.699999999999996,32.1,-1.2000000000000028,5.700000000000003,9.499999999999996,2.0,0.07094821346318352,0.03790962031979995,0.0909801276567741,0.04641541093636903,-0.295370796867803,51.49999999999999,1762.0,1.0,0.0,0.0,0.0,1.0,0.0,0.0,0.0,0.0,0.0,0.0,0.0,0.0,0.0,10e7f486,2019,1,49.45
23.0,1739.0,56.5,49.2,50.3,15.9,47.4,48.8,48.8,48.8,0.18,0.26912018401380106,0.17596319723979298,2.22541690626797,1.242093156986774,2.639447958596895,1.5526164462334675,0.4140310523289247,6.262219666474985,0.983323749281196,61.1,55.1,56.8,1.0,2.0999999999999943,2.799999999999997,15.0,11.899999999999999,-11.700000000000001,-11.100000000000001,-0.06014810866912579,0.08052311240416202,-0.06514512978717324,0.4443260073773825,0.5262925207195417,-4.800000000000004,-147.0,0.0,1.0,0.0,0.0,0.0,0.0,0.0,0.0,0.0,0.0,0.0,0.0,0.0,1.0,1238a3f9,2019,1,27.8
23.0,1023.0,50.7,76.4,73.3,48.4,60.8,61.1,66.2,63.6,0.81,0.14956011730205276,0.15835777126099707,3.167155425219941,2.903225806451613,8.005865102639296,1.847507331378299,2.727272727272727,4.926686217008798,1.7595307917888563,80.5,29.399999999999995,29.9,1.0,2.0,-31.299999999999997,10.900000000000006,-13.100000000000009,21.299999999999997,22.5,-0.045714713941920226,-0.03257761928866543,-0.9987076413181493,-0.2824666234937805,-0.48153793511058574,-30.700000000000003,-1051.0,0.0,1.0,0.0,0.0,0.0,1.0,0.0,0.0,0.0,0.0,0.0,0.0,0.0,0.0,130a7a3f,2019,1,48.7
21.0,1289.0,59.6,42.6,39.7,59.9,42.5,47.4,48.3,47.8,0.38,0.04189294026377036,0.027928626842513578,0.5585725368502715,2.5833979829325058,4.60822342901474,0.27928626842513576,3.281613653995345,0.4887509697439876,0.2094647013188518,83.8,45.49999999999999,37.7,1.0,-5.800000000000004,18.0,-9.0,2.8000000000000043,-3.6000000000000014,-11.299999999999997,0.026481981359660775,0.027928626842513578,-0.36608499739630385,-1.01677657098526,-0.6529033869305079,3.5,121.0,1.0,0.0,0.0,0.0,0.0,0.0,0.0,0.0,0.0,1.0,0.0,0.0,0.0,0.0,15d0c248,2019,1,50.1
23.0,2924.0,71.5,27.8,25.9,52.0,55.8,47.0,51.9,49.4,1.02,0.0954172366621067,0.012311901504787963,0.40013679890560877,2.0622435020519836,1.2311901504787963,0.12311901504787963,3.077975376196991,0.8002735978112175,0.18467852257181944,82.5,58.9,85.5,0.0,,,,,,,,,,,,,,1.0,0.0,0.0,0.0,0.0,0.0,0.0,0.0,0.0,0.0,0.0,1.0,0.0,0.0,16324e1d,2019,1,50.8
23.0,2425.0,61.9,61.0,47.8,48.0,78.2,58.5,65.7,62.1,0.8,0.14103092783505156,0.08907216494845362,2.3381443298969073,5.901030927835052,4.453608247422681,1.2989690721649485,3.303092783505155,1.8927835051546393,0.8907216494845361,81.19999999999999,59.1,70.9,1.0,-1.6999999999999957,-16.000000000000007,-13.099999999999994,-14.800000000000004,21.4,16.0,-0.09799173505446687,-0.0670893081393651,-0.40264887123623705,-0.19936625682661102,0.32383546041295563,-11.699999999999989,-399.0,0.0,0.0,1.0,0.0,0.0,0.0,0.0,0.0,0.0,0.0,1.0,0.0,0.0,0.0,16657b95,2019,1,56.75
21.0,2426.0,63.3,27.9,27.0,36.2,67.8,47.6,54.9,51.2,1.51,0.06306677658697445,0.011129431162407255,0.37098103874690846,2.0774938169826878,1.4097279472382522,0.40807914262159933,2.8565539983511954,1.001648804616653,0.2225886232481451,77.3,67.8,70.9,1.0,-0.8999999999999986,-2.1000000000000085,-2.1000000000000014,-18.6,-7.199999999999996,5.099999999999994,0.009917170287761845,-0.018398127892710857,-0.2195701423554537,-1.070587013391669,0.01056468312442016,26.299999999999997,902.0,1.0,0.0,0.0,0.0,0.0,0.0,0.0,0.0,0.0,0.0,0.0,1.0,0.0,0.0,167d5018,2019,0,
23.0,1626.0,38.2,48.4,58.4,25.8,33.7,42.2,44.5,43.4,0.42,0.08302583025830258,0.09963099630996311,1.992619926199262,3.4317343173431736,4.70479704797048,1.4391143911439115,3.265682656826568,2.822878228782288,0.996309963099631,70.2,22.7,53.1,1.0,-6.100000000000001,-30.89999999999999,4.899999999999999,4.199999999999996,4.100000000000001,-17.9,-0.06573450032020982,-0.034253301210698056,-0.28837180933792794,0.8866152297886623,0.2581805983349095,-6.199999999999996,-189.0,0.0,0.0,1.0,0.0,0.0,0.0,0.0,0.0,1.0,0.0,0.0,0.0,0.0,0.0,16daec92,2019,0,
23.0,1752.0,46.1,52.9,63.7,29.6,74.1,56.3,55.7,56.0,0.09,0.020547945205479454,0.03082191780821918,1.3356164383561644,4.212328767123288,4.263698630136987,0.6164383561643836,5.753424657534247,0.565068493150685,0.5136986301369864,72.8,60.0,51.2,1.0,-7.799999999999997,-21.999999999999993,-21.199999999999996,-1.5,0.8000000000000007,-3.6000000000000085,-0.019452054794520546,-0.015844748858447482,0.2022831050228311,-1.4029680365296802,-0.587671232876712,7.100000000000001,402.0,1.0,0.0,0.0,0.0,1.0,0.0,0.0,0.0,0.0,0.0,0.0,0.0,0.0,0.0,17370b95,2019,0,
21.0,2355.0,60.8,72.4,62.4,33.3,53.8,60.0,63.2,61.6,0.97,0.33630573248407647,0.20254777070063693,3.057324840764331,2.6751592356687897,7.222929936305732,2.3312101910828025,1.7961783439490444,5.54140127388535,1.070063694267516,74.8,32.2,68.9,0.0,,,,,,,,,,,,,,0.0,1.0,0.0,0.0,0.0,1.0,0.0,0.0,0.0,0.0,0.0,0.0,0.0,0.0,178ae8f8,2019,1,73.1
23.0,2966.0,65.1,25.0,29.7,42.4,39.9,45.2,51.0,48.1,1.16,0.4399865138233311,0.07889413351314903,2.2757923128792985,0.9406608226567768,1.638570465273095,0.667565745111261,0.8192852326365475,5.826028320971004,0.8496291301416049,73.99181818181819,36.129090909090905,43.59106540795685,0.0,,,,,,,,,,,,,,0.0,1.0,0.0,0.0,0.0,0.0,0.0,1.0,0.0,0.0,0.0,0.0,0.0,0.0,17f3620a,2019,1,38.8
21.0,1375.0,83.6,64.6,93.8,22.0,19.3,58.0,72.5,65.2,0.78,0.1570909090909091,0.25527272727272726,4.385454545454545,3.861818181818182,6.4799999999999995,1.8981818181818182,1.44,5.04,2.029090909090909,72.6,50.0,40.2,1.0,1.8000000000000043,17.5,-3.9000000000000057,19.700000000000003,-7.300000000000001,-23.2,-0.17437426304680106,0.11115743503894024,1.1428604701943366,-0.8698799039231391,1.7000887983113766,3.700000000000003,126.0,0.0,0.0,1.0,1.0,0.0,0.0,0.0,0.0,0.0,0.0,0.0,0.0,0.0,0.0,1880614f,2019,1,59.4
21.0,973.0,47.5,39.4,76.2,35.0,44.9,44.6,49.9,47.2,0.83,0.018499486125385406,0.03699897225077081,2.0349434737923944,3.792394655704008,3.4224049331963,0.18499486125385406,3.607399794450154,1.2949640287769784,1.0174717368961972,73.2,35.0,28.5,0.0,,,,,,,,,,,,,,1.0,0.0,0.0,0.0,1.0,0.0,0.0,0.0,0.0,0.0,0.0,0.0,0.0,0.0,18f9dbd0,2019,0,
20.0,2504.0,68.0,43.7,67.1,25.1,31.3,46.4,55.5,51.0,0.12,0.14376996805111822,0.1689297124600639,2.7675718849840254,2.803514376996805,3.9177316293929714,1.8690095846645367,2.1924920127795526,2.336261980830671,1.6174121405750799,69.6,32.3,73.2,0.0,,,,,,,,,,,,,,0.0,0.0,1.0,1.0,0.0,0.0,0.0,0.0,0.0,0.0,0.0,0.0,0.0,0.0,19709006,2019,1,48.3
22.0,2006.0,88.8,69.8,81.7,38.4,44.6,54.0,64.9,59.4,1.35,0.12562313060817548,0.11665004985044866,2.1086739780658026,4.082751744765703,6.23629112662014,1.1665004985044867,4.127617148554338,2.7816550348953144,1.0767696909272184,83.4,46.3,58.7,1.0,-1.3999999999999986,14.0,-5.6000000000000085,-4.099999999999994,-4.5,2.3000000000000043,0.05962313060817548,-0.015349950149551345,0.3686739780658028,1.01629112662014,-1.077248255234296,14.800000000000004,506.0,1.0,0.0,0.0,0.0,1.0,0.0,0.0,0.0,0.0,0.0,0.0,0.0,0.0,0.0,197640fd,2019,1,51.5
23.0,1778.0,45.1,44.1,18.1,18.3,65.1,38.8,44.6,41.7,1.59,0.2935883014623172,0.09617547806524183,1.5691788526434196,1.670416197975253,2.530933633295838,0.7086614173228346,0.8605174353205849,6.124859392575928,0.8605174353205849,65.1,60.2,52.0,1.0,4.300000000000004,3.6000000000000014,19.5,1.7000000000000028,5.300000000000001,-4.900000000000006,0.04129719634102336,0.008843941677101674,0.16217076639005024,0.6387503448861345,0.6030307532313177,-2.200000000000003,-77.0,0.0,1.0,0.0,0.0,0.0,0.0,0.0,0.0,0.0,0.0,0.0,0.0,0.0,1.0,19ba6c6d,2019,1,47.0
22.0,1986.0,39.7,55.6,77.6,24.6,40.2,43.1,51.8,47.4,0.88,0.00906344410876133,0.0770392749244713,1.7220543806646527,4.395770392749244,4.712990936555891,0.7250755287009063,4.078549848942599,0.4078549848942598,0.9516616314199395,79.3,34.9,58.1,0.0,,,,,,,,,,,,,,1.0,0.0,0.0,0.0,1.0,0.0,0.0,0.0,0.0,0.0,0.0,0.0,0.0,0.0,19f8e480,2019,0,
20.0,1144.0,48.4,33.8,50.6,19.3,72.1,42.2,50.9,46.6,0.09,0.05506993006993007,0.0944055944055944,1.8881118881118881,3.618881118881119,2.5174825174825175,0.8653846153846154,2.8321678321678325,1.8094405594405596,0.7080419580419581,70.8,43.3,37.4,0.0,,,,,,,,,,,,,,0.0,0.0,1.0,0.0,0.0,0.0,0.0,0.0,0.0,0.0,1.0,0.0,0.0,0.0,1ae836b1,2019,1,32.05
19.0,932.0,95.4,63.6,83.7,18.4,45.8,60.7,62.2,61.4,0.79,0.463519313304721,0.2510729613733906,5.118025751072961,2.221030042918455,10.718884120171673,4.44206008583691,1.5450643776824033,6.856223175965665,1.448497854077253,76.2,42.9,30.5,1.0,7.199999999999996,55.00000000000001,-11.399999999999999,27.1,-13.200000000000003,-7.900000000000006,0.26021783632817885,0.05950041576087972,2.576757288866185,1.4530283425869648,-0.43752773292863445,-44.7,-1370.0,0.0,0.0,1.0,0.0,0.0,0.0,0.0,0.0,1.0,0.0,0.0,0.0,0.0,0.0,1bf33a9a,2019,1,53.7
19.0,3003.0,20.9,28.5,8.7,67.7,83.1,39.4,64.2,51.8,1.03,0.03596403596403596,0.011988011988011988,0.8691308691308691,2.1878121878121877,3.086913086913087,0.8091908091908092,5.2147852147852145,0.7792207792207793,0.2697302697302697,87.4,59.6,87.79999999999998,1.0,1.8999999999999986,-7.900000000000002,6.800000000000001,-19.400000000000002,10.700000000000003,23.89999999999999,0.02337662337662337,0.005694305694305694,0.3656343656343657,0.12887112887112906,0.04795204795204766,45.999999999999986,1573.0,0.0,0.0,1.0,0.0,0.0,0.0,0.0,0.0,0.0,0.0,1.0,0.0,0.0,0.0,1c7012b8,2019,1,60.900000000000006
22.0,1178.0,60.6,62.3,89.7,47.3,20.7,44.6,58.4,51.5,1.03,0.038200339558573854,0.2444821731748727,2.2920203735144313,1.9100169779286928,8.480475382003396,0.9932088285229203,2.979626485568761,3.8200339558573857,1.2224108658743633,85.6,0.0,34.4,1.0,2.700000000000003,3.0,-4.400000000000006,-4.700000000000003,9.199999999999996,8.399999999999999,0.019694513650417585,0.13344721772593507,-0.2987952536274463,-0.06304757892874768,-0.9583860378355289,-50.9,-1740.0,1.0,0.0,0.0,0.0,1.0,0.0,0.0,0.0,0.0,0.0,0.0,0.0,0.0,0.0,1d1691ad,2019,1,48.6
20.0,2354.0,38.7,33.1,60.7,34.6,58.6,43.6,44.5,44.0,0.66,0.07646559048428207,0.12234494477485133,2.5233644859813085,2.5998300764655906,3.364485981308411,0.6499575191163977,2.255734919286321,3.3262531860662703,1.2234494477485132,76.5,41.2,68.8,0.0,,,,,,,,,,,,,,0.0,0.0,1.0,1.0,0.0,0.0,0.0,0.0,0.0,0.0,0.0,0.0,0.0,0.0,1daec722,2019,1,52.699999999999996
22.0,963.0,50.4,61.0,45.2,52.3,40.0,51.4,51.1,51.2,0.62,0.15887850467289721,0.07476635514018692,1.4953271028037385,4.672897196261682,6.4485981308411215,0.28037383177570097,1.4018691588785048,2.6168224299065423,0.7476635514018692,77.7,35.7,28.2,1.0,-8.599999999999994,-19.800000000000004,4.600000000000001,-32.8,17.699999999999996,1.7000000000000028,0.013060870912535494,-0.12530900281007684,-1.6923141933530061,0.03940446090894323,0.6374789596377184,-49.39999999999999,-1691.0,0.0,0.0,1.0,1.0,0.0,0.0,0.0,0.0,0.0,0.0,0.0,0.0,0.0,0.0,1ea5f91c,2019,1,44.2
22.0,2772.0,50.2,40.0,58.6,38.7,62.8,51.2,50.0,50.6,0.26,0.022727272727272724,0.05519480519480519,1.4285714285714286,2.75974025974026,2.9545454545454546,0.2922077922077922,3.4415584415584415,0.6818181818181818,0.6818181818181818,68.8,55.4,81.1,1.0,1.0,-0.3999999999999986,7.100000000000001,-13.399999999999999,1.0,4.5,-0.010949060294242714,-0.012157860848225684,-0.04476814111987171,0.4709158942086913,0.23401528312660247,18.599999999999994,634.0,1.0,0.0,0.0,0.0,1.0,0.0,0.0,0.0,0.0,0.0,0.0,0.0,0.0,0.0,1fe0492d,2019,1,53.599999999999994
20.0,2180.0,31.1,69.5,76.7,66.4,32.3,59.0,48.6,53.8,0.02,0.020642201834862386,0.13623853211009174,3.3440366972477067,9.1651376146789,7.389908256880735,0.9495412844036698,2.4357798165137616,0.8256880733944955,1.81651376146789,89.9,33.3,63.7,1.0,-7.400000000000006,0.9000000000000021,-0.7999999999999972,-3.8999999999999915,0.0,5.299999999999997,-0.038138639964847336,0.02520805315508448,-1.2278065538408276,-2.668146895514041,-0.04386093394229107,23.400000000000006,802.0,0.0,0.0,1.0,0.0,0.0,0.0,0.0,0.0,0.0,0.0,1.0,0.0,0.0,0.0,20094685,2019,1,56.3
23.0,1793.0,61.5,58.7,35.3,19.9,55.4,50.9,51.3,51.1,0.02,0.3162297824874512,0.0853318460680424,1.857222532069158,1.4054656999442277,3.6140546569994427,1.7066369213608479,1.6564417177914113,5.370886781929727,0.6023424428332405,69.6,45.8,52.4,1.0,-1.1999999999999957,18.299999999999997,-8.399999999999991,-11.5,-2.900000000000002,-20.1,0.04012012191303865,0.020710436146371372,-0.7863806010901111,-2.143125499658521,-0.06320270736647737,7.600000000000001,261.0,0.0,1.0,0.0,0.0,0.0,1.0,0.0,0.0,0.0,0.0,0.0,0.0,0.0,0.0,2054d037,2019,0,
19.0,1287.0,69.4,25.5,33.6,39.8,40.8,47.6,53.8,50.7,0.58,0.3006993006993007,0.11888111888111887,1.7482517482517481,0.6993006993006993,2.5174825174825175,0.979020979020979,0.6293706293706294,4.755244755244755,0.7692307692307692,68.8,32.2,37.6,0.0,,,,,,,,,,,,,,0.0,1.0,0.0,0.0,0.0,0.0,0.0,1.0,0.0,0.0,0.0,0.0,0.0,0.0,20730eae,2019,1,64.5
21.0,1950.0,52.1,79.5,77.1,33.4,52.5,55.5,63.8,59.6,0.52,0.018461538461538463,0.0923076923076923,2.0307692307692307,4.938461538461538,5.861538461538461,0.7384615384615384,4.661538461538461,0.923076923076923,0.8769230769230769,80.9,46.4,57.0,1.0,-4.600000000000001,-24.6,6.099999999999994,-13.400000000000006,-12.300000000000004,2.200000000000003,-0.02757426716506001,-0.04004524886877829,-0.32856580759394083,0.6249655715128855,0.7952390320676752,11.299999999999997,386.0,1.0,0.0,0.0,0.0,1.0,0.0,0.0,0.0,0.0,0.0,0.0,0.0,0.0,0.0,2146785a,2019,1,58.8
23.0,2449.0,74.9,54.9,35.1,67.1,53.9,56.6,57.4,57.0,0.54,0.08452429563086973,0.014699877501020826,0.8452429563086974,2.8664761126990608,3.123723968966925,0.33074724377296855,3.711719069007758,0.7717435688035933,0.1837484687627603,88.5,70.6,80.0,0.0,,,,,,,,,,,,,,1.0,0.0,0.0,0.0,0.0,0.0,0.0,0.0,0.0,1.0,0.0,0.0,0.0,0.0,2200181e,2019,1,47.7
20.0,951.0,26.8,48.4,54.7,31.4,46.9,43.1,45.0,44.0,1.19,0.00946372239747634,0.028391167192429023,1.135646687697161,1.9873817034700316,4.069400630914827,1.135646687697161,2.365930599369085,1.135646687697161,0.6624605678233438,74.3,51.60000000000001,27.8,0.0,,,,,,,,,,,,,,1.0,0.0,0.0,0.0,1.0,0.0,0.0,0.0,0.0,0.0,0.0,0.0,0.0,0.0,228b0d9d,2019,1,44.5
20.0,1029.0,51.1,50.7,41.0,39.5,12.4,40.9,43.3,42.1,1.2,0.12244897959183672,0.08746355685131195,2.4489795918367347,2.186588921282799,6.909620991253644,1.836734693877551,1.661807580174927,2.0991253644314867,1.0495626822157433,84.4,20.0,30.1,0.0,,,,,,,,,,,,,,0.0,0.0,1.0,0.0,0.0,0.0,0.0,0.0,1.0,0.0,0.0,0.0,0.0,0.0,22bfb57e,2019,1,43.7
20.0,2162.0,37.6,57.4,52.4,19.0,80.9,47.0,51.6,49.3,0.09,0.26225716928769655,0.16234967622571692,2.872340425531915,2.0814061054579094,4.037927844588344,2.1230342275670675,1.4153561517113784,4.703977798334875,1.2488436632747457,63.70000000000001,57.29999999999999,70.7,0.0,,,,,,,,,,,,,,0.0,1.0,0.0,0.0,0.0,1.0,0.0,0.0,0.0,0.0,0.0,0.0,0.0,0.0,2374aaca,2019,1,64.8
19.0,1036.0,39.1,35.4,25.9,56.5,29.3,36.5,37.5,37.0,0.81,0.2519305019305019,0.08687258687258688,2.5193050193050195,1.303088803088803,2.5193050193050195,1.6505791505791505,0.5212355212355212,5.386100386100386,0.8687258687258688,78.6,39.3,30.3,0.0,,,,,,,,,,,,,,0.0,1.0,0.0,0.0,0.0,0.0,0.0,1.0,0.0,0.0,0.0,0.0,0.0,0.0,23c63b7f,2019,1,47.3
21.0,2160.0,77.3,63.5,77.8,24.1,53.4,51.7,60.5,56.1,1.79,0.05833333333333333,0.10416666666666667,1.9166666666666667,3.7083333333333335,4.541666666666667,1.5416666666666667,4.083333333333333,1.8333333333333333,1.0,72.8,58.29999999999999,63.2,0.0,,,,,,,,,,,,,,1.0,0.0,0.0,0.0,1.0,0.0,0.0,0.0,0.0,0.0,0.0,0.0,0.0,0.0,246d153b,2019,1,49.400000000000006
21.0,926.0,68.0,63.6,75.4,16.4,41.6,53.9,57.1,55.5,0.39,0.2041036717062635,0.15550755939524838,4.47084233261339,2.526997840172786,6.8034557235421165,3.012958963282937,2.0410367170626347,3.2073434125269977,2.3326133909287257,73.8,50.0,27.1,1.0,1.1000000000000014,0.09999999999999432,5.0,-3.0999999999999943,-7.300000000000001,-4.899999999999999,0.09328059976847998,-0.042807411440785315,0.3295591180962161,0.3873831376704384,-1.4393015765478876,-18.0,-617.0,0.0,0.0,1.0,0.0,0.0,0.0,0.0,0.0,1.0,0.0,0.0,0.0,0.0,0.0,24eb7ed6,2019,1,53.05
21.0,1937.0,90.2,64.9,72.6,37.5,38.6,49.6,60.0,54.8,1.18,0.10221992772328344,0.10221992772328344,1.6262261228704182,3.2524522457408365,6.1331956633970055,1.0686628807434178,2.369643779039752,4.321115126484254,0.8828084667010841,80.8,68.2,56.6,1.0,4.399999999999999,-0.5999999999999943,12.200000000000003,-2.9000000000000057,-1.3999999999999986,7.100000000000001,0.0038179092203397824,-0.011320862857036165,0.2637366359065829,2.12142106289238,0.4517794114262861,21.800000000000004,748.0,1.0,0.0,0.0,0.0,1.0,0.0,0.0,0.0,0.0,0.0,0.0,0.0,0.0,0.0,24f59bb2,2019,1,61.7
23.0,1996.0,25.1,41.2,18.2,46.1,73.7,40.1,56.7,48.4,0.55,0.036072144288577156,0.027054108216432865,1.4428857715430863,3.8777555110220443,3.7424849699398797,1.1272545090180361,3.2915831663326656,0.7214428857715431,0.5861723446893787,84.1,54.0,65.2,1.0,0.19999999999999574,-19.5,4.700000000000003,-7.600000000000001,4.600000000000001,2.799999999999997,-0.01855608029412391,-0.07537381287613162,0.14546543770393594,0.94278846007645,0.3269209131464752,22.1,678.0,0.0,0.0,1.0,0.0,0.0,0.0,0.0,0.0,0.0,0.0,1.0,0.0,0.0,0.0,26db8853,2019,1,47.8
23.0,3240.0,58.0,68.6,84.2,30.9,48.0,52.0,61.7,56.8,0.81,0.022222222222222223,0.175,2.0555555555555554,4.277777777777778,4.722222222222222,0.8055555555555556,2.5277777777777777,0.7222222222222222,1.4722222222222223,72.6,51.5,94.7,1.0,10.199999999999996,22.200000000000003,10.699999999999996,2.4000000000000057,-1.1000000000000014,18.9,0.01699270449996772,0.12270482277745495,0.12063399832138932,0.7477887533088001,0.19875395441926536,44.40000000000001,1519.0,1.0,0.0,0.0,0.0,1.0,0.0,0.0,0.0,0.0,0.0,0.0,0.0,0.0,0.0,276cce2e,2019,0,
18.0,2211.0,71.3,78.9,83.5,19.8,40.1,48.7,62.7,55.7,1.35,0.06512890094979648,0.11804613297150611,1.7096336499321574,4.436906377204885,7.3270013568521035,1.6689280868385346,3.6635006784260518,1.6282225237449117,0.9362279511533242,69.8,42.89999999999999,64.6,0.0,,,,,,,,,,,,,,1.0,0.0,0.0,0.0,1.0,0.0,0.0,0.0,0.0,0.0,0.0,0.0,0.0,0.0,27d0a506,2019,0,
21.0,1016.0,37.1,45.8,41.2,69.1,56.6,55.0,57.7,56.4,0.45,0.017716535433070866,0.017716535433070866,0.7086614173228346,2.6574803149606296,2.2145669291338583,0.08858267716535433,2.3031496062992125,0.7086614173228346,0.26574803149606296,87.0,56.4,29.7,0.0,,,,,,,,,,,,,,1.0,0.0,0.0,0.0,0.0,0.0,0.0,0.0,0.0,0.0,0.0,1.0,0.0,0.0,283699b4,2019,0,
22.0,1050.0,76.0,43.5,27.9,39.5,54.8,47.1,49.9,48.5,1.15,0.1285714285714286,0.008571428571428572,0.5142857142857143,2.0571428571428574,1.885714285714286,0.4285714285714286,2.0571428571428574,0.8571428571428572,0.17142857142857143,78.3,71.4,30.7,0.0,,,,,,,,,,,,,,1.0,0.0,0.0,0.0,0.0,0.0,0.0,0.0,0.0,0.0,0.0,1.0,0.0,0.0,288e1e13,2019,1,56.849999999999994
19.0,918.0,46.9,65.7,82.2,59.1,14.7,44.3,56.8,50.6,0.61,0.009803921568627453,0.18627450980392157,2.1568627450980395,2.450980392156863,6.372549019607844,1.2745098039215688,2.450980392156863,2.7450980392156863,1.2745098039215688,92.1,20.0,26.8,0.0,,,,,,,,,,,,,,1.0,0.0,0.0,0.0,1.0,0.0,0.0,0.0,0.0,0.0,0.0,0.0,0.0,0.0,29c02c9f,2019,1,50.6
20.0,1444.0,30.2,16.0,12.5,42.9,25.4,24.6,22.8,23.7,0.18,0.24307479224376732,0.031163434903047092,1.4958448753462603,0.9349030470914127,1.371191135734072,0.997229916897507,0.24930747922437674,3.3033240997229916,0.685595567867036,79.8,35.0,42.2,0.0,,,,,,,,,,,,,,0.0,1.0,0.0,0.0,0.0,0.0,0.0,0.0,0.0,0.0,0.0,0.0,1.0,0.0,29ef0f49,2019,1,29.4
21.0,2095.0,72.7,41.4,64.0,15.5,28.2,43.5,40.2,41.8,0.59,0.15465393794749402,0.12458233890214797,2.9212410501193316,2.79236276849642,4.424821002386635,1.1599045346062051,2.79236276849642,1.7183770883054892,1.675417661097852,60.99999999999999,23.800000000000004,61.3,0.0,,,,,,,,,,,,,,0.0,0.0,1.0,0.0,0.0,0.0,1.0,0.0,0.0,0.0,0.0,0.0,0.0,0.0,2a657da0,2019,1,43.6
22.0,1867.0,71.7,83.6,90.2,32.6,46.7,71.4,76.1,73.8,0.75,0.32297803963577937,0.35672201392608466,3.6636314943760047,3.4708087841456883,7.520085698982325,2.6995179432244245,1.8318157471880023,9.68934118907338,1.7354043920728441,78.5,25.8,54.6,1.0,6.0,20.400000000000006,5.5,-2.299999999999997,-6.399999999999999,-13.199999999999996,0.10718639019386123,0.1037249076838358,-0.35455784005971314,0.5626652773204812,1.0152486353238608,-16.1,-552.0,0.0,1.0,0.0,0.0,0.0,1.0,0.0,0.0,0.0,0.0,0.0,0.0,0.0,0.0,2b114be3,2019,1,68.4
21.0,2900.0,31.1,71.7,74.5,25.0,28.4,47.0,55.6,51.3,1.82,0.19551724137931034,0.20482758620689653,4.437931034482759,2.110344827586207,9.713793103448277,5.151724137931034,0.496551724137931,5.6482758620689655,1.8310344827586207,74.1,44.4,84.8,1.0,-6.700000000000003,-2.799999999999997,-1.0,-11.700000000000003,-7.899999999999999,-23.5,0.04034482758620689,-0.0020689655172413945,0.7376657824933686,-2.142970822281166,-0.7145888594164456,19.561184792219265,638.0,0.0,1.0,0.0,0.0,0.0,1.0,0.0,0.0,0.0,0.0,0.0,0.0,0.0,0.0,2b16cb1a,2019,1,52.349999999999994
22.0,970.0,69.8,25.3,37.2,45.0,57.4,43.1,45.8,44.4,0.17,0.1577319587628866,0.21340206185567007,2.783505154639175,1.8556701030927834,3.2474226804123707,0.7422680412371133,4.360824742268041,1.8556701030927834,1.0206185567010309,79.04444444444444,48.51851851851851,24.386288659793813,0.0,,,,,,,,,,,,,,0.0,0.0,1.0,1.0,0.0,0.0,0.0,0.0,0.0,0.0,0.0,0.0,0.0,0.0,2b28ba9f,2019,0,
20.0,1456.0,58.0,34.8,23.3,19.8,30.4,32.3,32.1,32.2,0.24,0.1668956043956044,0.08035714285714286,1.5453296703296704,1.0508241758241759,3.090659340659341,2.0398351648351647,1.9162087912087913,3.3997252747252746,0.8653846153846154,75.3,28.6,42.6,0.0,,,,,,,,,,,,,,0.0,0.0,1.0,0.0,0.0,0.0,0.0,0.0,1.0,0.0,0.0,0.0,0.0,0.0,2c92d3c0,2019,0,
18.0,1350.0,70.2,45.7,40.1,30.3,64.7,50.1,53.9,52.0,0.21,0.08666666666666667,0.006666666666666667,0.9333333333333333,2.466666666666667,3.2,0.7333333333333333,4.2,1.4666666666666666,0.13333333333333333,80.0,66.7,44.1,0.0,,,,,,,,,,,,,,1.0,0.0,0.0,0.0,0.0,0.0,0.0,0.0,0.0,0.0,0.0,1.0,0.0,0.0,2d61d13a,2019,1,47.85
21.0,2878.0,56.1,63.7,92.2,29.5,19.4,39.9,56.1,48.0,0.67,0.02501737317581654,0.15323141070187632,2.970813064628214,3.2522585128561503,6.785962473940236,1.1883252258512855,2.376650451702571,1.0945100764419735,1.8763029881862405,74.5,35.9,94.1,1.0,5.899999999999999,20.9,18.0,16.5,-3.0,-8.200000000000003,0.02182021509411139,0.0637109844141321,1.3082908621415357,1.7344527048460971,0.6625604666749783,11.799999999999997,63.0,1.0,0.0,0.0,0.0,1.0,0.0,0.0,0.0,0.0,0.0,0.0,0.0,0.0,0.0,2f3e911a,2019,1,40.45
22.0,1597.0,25.7,63.1,17.5,61.0,38.7,44.3,47.5,45.9,0.11,0.05635566687539136,0.016906700062617408,1.2398246712586098,4.846587351283657,7.0444583594239205,0.9016906700062618,2.4232936756418284,0.7326236693800877,0.39448966812773956,92.2,37.5,46.7,1.0,-7.899999999999999,4.699999999999999,-0.9999999999999929,-27.700000000000003,7.0,-21.299999999999997,0.044727759898647176,-0.04123283482110352,-0.504361375253018,0.8816676617495016,0.07914549081854005,24.1,823.0,0.0,0.0,1.0,0.0,0.0,0.0,0.0,0.0,1.0,0.0,0.0,0.0,0.0,0.0,2f7acede,2019,1,55.6
22.0,1840.0,50.4,41.1,40.6,10.6,56.9,38.7,38.9,38.8,0.46,0.13695652173913045,0.06358695652173914,2.3967391304347827,1.7608695652173914,4.4021739130434785,1.7608695652173914,2.9347826086956523,3.472826086956522,0.782608695652174,62.7,50.49999999999999,53.8,1.0,-10.400000000000006,-13.0,-13.699999999999996,-18.4,-7.700000000000001,10.699999999999996,0.0065217391304348005,-0.06117674858223063,0.014886578449905485,-1.7793005671077502,-0.8478260869565217,7.399999999999999,253.0,0.0,0.0,1.0,0.0,0.0,0.0,0.0,0.0,1.0,0.0,0.0,0.0,0.0,0.0,3010aefb,2019,1,41.400000000000006
23.0,3150.0,42.7,61.9,25.7,65.2,55.6,55.6,57.7,56.6,0.06,0.04285714285714286,0.011428571428571429,0.5428571428571428,3.7142857142857144,3.914285714285714,0.3142857142857143,2.4285714285714284,0.8857142857142857,0.17142857142857143,92.8,59.6,92.1,1.0,-7.999999999999993,-27.0,5.399999999999999,-14.599999999999998,-4.599999999999994,-11.399999999999999,-0.041353383458646614,0.003533834586466165,-0.22030075187969933,0.17744360902255618,0.4248120300751883,-7.900000000000006,-270.0,1.0,0.0,0.0,0.0,0.0,0.0,0.0,0.0,0.0,0.0,0.0,1.0,0.0,0.0,30f5ffa9,2019,1,51.5
23.0,1792.0,24.5,41.9,33.1,46.9,58.9,41.1,42.7,41.9,0.35,0.05524553571428572,0.045200892857142856,2.2098214285714284,3.6160714285714284,3.8169642857142856,1.2555803571428572,2.5111607142857144,0.9040178571428571,0.7533482142857143,77.2,60.49999999999999,58.6,1.0,0.8999999999999986,-10.700000000000003,19.0,-5.899999999999999,-5.600000000000001,-8.100000000000001,0.028539304260279782,-0.008211570050869019,0.8745098558711315,1.5024242263671046,0.32230288257736284,25.6,781.0,0.0,0.0,1.0,0.0,0.0,0.0,1.0,0.0,0.0,0.0,0.0,0.0,0.0,0.0,3189f61a,2019,1,48.6
21.0,2971.0,60.0,59.7,86.5,31.7,33.1,44.8,56.9,50.8,0.79,0.03332211376640862,0.08179064288118479,2.2113766408616624,3.726018175698418,4.786267250084147,0.6361494446314372,3.8168966677886234,1.2117132278694043,1.0299562436889935,75.1,34.9,86.9,0.0,,,,,,,,,,,,,,1.0,0.0,0.0,0.0,1.0,0.0,0.0,0.0,0.0,0.0,0.0,0.0,0.0,0.0,31a62dc7,2019,1,61.45
21.0,1119.0,50.2,78.2,79.7,45.6,43.8,55.0,64.0,59.5,0.71,0.0160857908847185,0.1447721179624665,2.332439678284182,3.780160857908847,6.997319034852547,0.9651474530831099,3.2171581769436997,1.6085790884718498,1.2064343163538873,85.0,60.9,32.7,0.0,,,,,,,,,,,,,,1.0,0.0,0.0,0.0,1.0,0.0,0.0,0.0,0.0,0.0,0.0,0.0,0.0,0.0,3353737a,2019,1,53.8
23.0,2068.0,38.4,29.6,12.6,67.2,63.0,51.1,58.9,55.0,0.33,0.02611218568665377,0.004352030947775629,0.17408123791102514,2.5676982591876207,2.2195357833655707,0.21760154738878143,3.1769825918762087,0.3481624758220503,0.043520309477756286,88.0,60.0,67.6,1.0,1.7000000000000028,-13.899999999999999,-3.299999999999997,-4.700000000000001,4.200000000000003,4.0,0.0065639667466016426,-0.019105831780286922,-0.02140095148949614,0.4601960787608792,0.10462267274105264,-7.6000000000000085,-234.0,1.0,0.0,0.0,0.0,0.0,0.0,0.0,0.0,0.0,0.0,0.0,1.0,0.0,0.0,3376a776,2019,1,46.2
23.0,2454.0,53.8,30.4,45.0,13.3,44.1,42.3,39.5,40.9,0.72,0.41075794621026895,0.08801955990220049,2.4938875305623474,0.8068459657701712,1.9804400977995111,1.17359413202934,1.3569682151589242,5.1711491442542785,1.2469437652811737,67.8,25.0,71.8,1.0,-10.700000000000003,-11.600000000000009,-9.899999999999999,3.0,-10.8,-3.299999999999997,-0.018528244583593645,0.0009615212097388443,0.12230647652632332,-0.5412410229476536,-0.03371440781221713,-15.90000000000002,-544.0,0.0,1.0,0.0,0.0,0.0,0.0,0.0,0.0,0.0,0.0,0.0,0.0,1.0,0.0,343c0d52,2019,1,44.3
22.0,1455.0,34.9,55.1,29.2,67.8,42.7,49.7,52.8,51.2,1.19,0.012371134020618556,0.006185567010309278,0.43298969072164945,3.958762886597938,4.45360824742268,0.3092783505154639,2.783505154639175,0.37113402061855666,0.18556701030927833,93.9,47.8,47.5,1.0,-1.7999999999999972,22.7,12.399999999999999,20.6,2.299999999999997,-38.3,0.0031118747613592974,-0.01233295150820924,-0.4929362352042764,-0.31491027109583847,-0.1616074837724324,-16.0,-489.0,1.0,0.0,0.0,0.0,0.0,0.0,0.0,0.0,0.0,1.0,0.0,0.0,0.0,0.0,346d51d9,2019,0,
22.0,1412.0,46.2,39.1,62.0,48.7,41.0,44.9,47.4,46.2,0.09,0.0254957507082153,0.0254957507082153,1.1473087818696885,3.2507082152974505,2.8045325779036827,0.3824362606232295,4.015580736543909,0.19121813031161475,0.6373937677053825,79.8,46.2,41.3,0.0,,,,,,,,,,,,,,1.0,0.0,0.0,0.0,1.0,0.0,0.0,0.0,0.0,0.0,0.0,0.0,0.0,0.0,34bb6fbd,2019,0,
23.0,1945.0,65.2,24.7,48.1,36.1,57.0,42.6,40.3,41.4,0.86,0.12493573264781492,0.1480719794344473,2.961439588688946,2.1748071979434447,2.2210796915167097,0.2776349614395887,3.377892030848329,1.8508997429305913,1.9897172236503857,68.2,32.2,56.9,1.0,-2.1000000000000014,-2.799999999999997,-3.1000000000000014,-8.299999999999997,-2.1000000000000014,9.700000000000003,0.00955111726319953,0.0012188325813004552,0.39150951875887596,-0.4012979308609128,-0.3951228719866253,6.699999999999989,229.0,0.0,0.0,1.0,0.0,0.0,0.0,1.0,0.0,0.0,0.0,0.0,0.0,0.0,0.0,3515d404,2019,1,55.25
22.0,2032.0,29.7,49.1,49.1,27.4,46.1,41.5,43.3,42.4,0.96,0.0,0.02214566929133858,0.9744094488188976,4.074803149606299,3.543307086614173,1.2401574803149606,3.27755905511811,0.3543307086614173,0.3543307086614173,69.5,45.2,59.4,1.0,0.8999999999999986,-9.2,6.899999999999999,-15.399999999999999,-1.2000000000000028,9.399999999999999,-0.004923413566739606,-0.051705534209755516,-0.05950740019641987,0.3430882682334291,0.874584331225555,5.899999999999999,204.0,1.0,0.0,0.0,0.0,1.0,0.0,0.0,0.0,0.0,0.0,0.0,0.0,0.0,0.0,355c883a,2019,1,42.6
21.0,2062.0,77.9,58.9,74.3,44.2,22.9,56.5,58.1,57.3,0.07,0.24878758486905916,0.1353055286129971,3.229873908826382,3.666343355965082,6.634335596508245,1.3094083414161009,1.7895247332686712,3.448108632395732,1.353055286129971,82.1,23.5,67.4,0.0,,,,,,,,,,,,,,0.0,0.0,1.0,0.0,0.0,0.0,0.0,0.0,1.0,0.0,0.0,0.0,0.0,0.0,36a59ba4,2019,1,56.6
22.0,2290.0,66.6,65.3,62.6,37.3,24.2,53.2,56.6,54.9,0.27,0.16899563318777294,0.07860262008733625,2.9082969432314414,3.576419213973799,7.820960698689957,1.7292576419213974,2.122270742358079,2.9475982532751095,1.0611353711790394,78.1,30.0,67.0,0.0,,,,,,,,,,,,,,0.0,0.0,1.0,0.0,0.0,0.0,0.0,0.0,1.0,0.0,0.0,0.0,0.0,0.0,3708e9fa,2019,1,66.5
23.0,2152.0,58.1,68.2,56.3,29.5,64.9,55.5,57.7,56.6,0.39,0.05018587360594795,0.04600371747211896,1.2128252788104088,4.140334572490707,5.394981412639405,0.8782527881040892,3.680297397769517,1.1291821561338289,0.5018587360594795,78.2,60.900000000000006,62.89999999999999,1.0,-1.0,-4.299999999999997,4.1000000000000085,0.5,-10.799999999999997,1.4000000000000057,0.00022857215419731097,-0.034696538719170535,0.13682186292654874,1.1293964425283889,0.33589392347277336,-5.6000000000000085,-190.0,1.0,0.0,0.0,0.0,1.0,0.0,0.0,0.0,0.0,0.0,0.0,0.0,0.0,0.0,378825c7,2019,1,63.8
20.0,1997.0,44.7,53.3,78.9,46.2,24.9,51.5,53.7,52.6,0.58,0.018027040560841263,0.18027040560841262,3.019529293940911,4.14621932899349,5.813720580871307,1.6224336504757135,1.487230846269404,1.3069604406609914,1.487230846269404,84.9,28.9,58.4,1.0,15.800000000000004,4.5,23.199999999999996,28.60000000000001,-2.8999999999999986,10.399999999999999,-0.04757062707764271,0.12779227149762545,0.3956225884015523,1.2218838461774286,1.9158986292850346,38.3,1311.0,0.0,0.0,1.0,0.0,0.0,0.0,0.0,0.0,1.0,0.0,0.0,0.0,0.0,0.0,379652be,2019,1,46.1
21.0,1959.0,55.5,48.3,34.1,44.2,58.4,47.2,46.6,46.9,0.67,0.17457886676875958,0.03215926493108729,1.4701378254211332,3.0321592649310873,5.191424196018377,1.6998468606431854,3.537519142419602,2.021439509954058,0.6431852986217458,82.6,37.5,64.0,1.0,-1.7000000000000028,22.0,14.799999999999997,15.100000000000001,-8.799999999999997,-13.500000000000007,0.11578095736109409,0.00864010116802109,0.05898799963716117,1.3107621751124539,0.8762359199833525,-11.0,-337.0,0.0,0.0,1.0,0.0,0.0,0.0,0.0,0.0,1.0,0.0,0.0,0.0,0.0,0.0,384d58d9,2019,1,53.4
23.0,3280.0,51.5,40.1,28.4,23.9,53.5,42.0,45.8,43.9,0.9,0.36493902439024395,0.0878048780487805,2.222560975609756,1.7835365853658538,2.030487804878049,0.9054878048780488,0.9054878048780488,4.856707317073171,0.6859756097560976,72.5,47.9,95.9,0.0,,,,,,,,,,,,,,0.0,1.0,0.0,0.0,0.0,0.0,0.0,0.0,0.0,0.0,0.0,0.0,0.0,1.0,3925dbd6,2019,1,53.6
20.0,1914.0,40.9,80.4,67.1,24.7,71.2,55.4,63.5,59.4,1.03,0.23510971786833856,0.20689655172413796,3.479623824451411,2.9153605015673985,6.818181818181818,2.8213166144200628,1.5987460815047023,4.514106583072101,2.0689655172413794,66.3,66.7,62.5,1.0,-9.300000000000004,-50.199999999999996,7.5,-24.30000000000001,10.299999999999999,39.900000000000006,-0.08994671554023931,-0.06533821125554601,-0.9899021349165351,-0.7393802585676177,-0.5383641033987416,-9.900000000000006,-301.0,0.0,1.0,0.0,0.0,0.0,1.0,0.0,0.0,0.0,0.0,0.0,0.0,0.0,0.0,3a233281,2019,1,70.8
19.0,1101.0,36.8,61.9,75.4,21.8,36.2,41.7,51.6,46.7,0.98,0.0,0.10626702997275206,1.553133514986376,3.106267029972752,5.967302452316076,0.8174386920980927,3.1880108991825615,0.9809264305177112,0.899182561307902,68.96229508196721,43.14098360655737,24.16594005449592,0.0,,,,,,,,,,,,,,1.0,0.0,0.0,0.0,1.0,0.0,0.0,0.0,0.0,0.0,0.0,0.0,0.0,0.0,3b61c9ec,2019,1,49.5
21.0,2003.0,42.2,55.4,55.2,53.6,74.2,55.8,63.7,59.8,0.4,0.06739890164752871,0.09435846230654019,2.0668996505242134,3.8642036944583125,4.807788317523714,1.1682476285571641,3.99900149775337,1.2131802296555168,0.9435846230654018,86.5,56.6,58.6,0.0,,,,,,,,,,,,,,0.0,0.0,1.0,0.0,0.0,0.0,0.0,0.0,0.0,0.0,1.0,0.0,0.0,0.0,3b8674e6,2019,1,61.900000000000006
22.0,1970.0,31.2,44.1,40.2,46.5,58.3,44.0,45.3,44.6,0.14,0.054822335025380704,0.05939086294416244,2.467005076142132,3.7918781725888326,4.340101522842639,1.0507614213197969,3.33502538071066,1.2791878172588833,1.0507614213197969,83.9,27.500000000000004,57.6,1.0,10.300000000000004,7.0,16.6,9.700000000000003,4.0,-0.8000000000000043,0.022869672303487215,0.02743820022226895,1.2954074430060374,1.464361877872225,1.6617006577959335,32.900000000000006,1125.0,0.0,0.0,1.0,0.0,0.0,0.0,1.0,0.0,0.0,0.0,0.0,0.0,0.0,0.0,3bb625ac,2019,0,
23.0,2531.0,65.7,89.3,86.8,38.6,48.7,59.0,70.6,64.8,0.43,0.03200316080600553,0.11378901619913077,2.8447254049782695,5.333860134334255,8.143026471750296,1.849071513235875,2.595811932042671,2.204662188858159,1.351244567364678,83.7,60.0,74.0,1.0,1.5999999999999943,-3.5,5.200000000000003,-6.200000000000003,-8.100000000000001,10.900000000000006,-0.0019270936709030462,0.011998252768405049,0.2999563192101262,-0.08506023890003256,0.37156041708637666,12.0,409.0,1.0,0.0,0.0,0.0,1.0,0.0,0.0,0.0,0.0,0.0,0.0,0.0,0.0,0.0,3cefcaef,2019,1,53.45
23.0,2360.0,63.7,60.7,61.5,51.8,38.3,56.2,55.5,55.8,0.94,0.13728813559322034,0.19830508474576272,3.9279661016949152,5.3008474576271185,4.576271186440678,1.1440677966101696,2.0211864406779663,0.6864406779661018,2.211864406779661,83.6,56.3,69.0,1.0,-1.2000000000000028,-3.799999999999997,9.200000000000003,-2.299999999999997,-4.800000000000004,-13.100000000000001,0.02372346682350425,0.03742180398866493,0.7103004865529594,1.547880019248249,0.7582607068384748,41.2,1409.0,0.0,0.0,1.0,0.0,0.0,0.0,1.0,0.0,0.0,0.0,0.0,0.0,0.0,0.0,3e092724,2019,1,52.2
20.0,1004.0,78.5,61.5,75.5,22.9,24.8,53.6,65.1,59.4,1.6,0.34960159362549803,0.15239043824701196,3.944223107569721,2.7788844621513946,8.51593625498008,1.7928286852589643,0.8067729083665339,7.888446215139442,1.4342629482071714,75.0,45.5,29.4,0.0,,,,,,,,,,,,,,0.0,0.0,1.0,1.0,0.0,0.0,0.0,0.0,0.0,0.0,0.0,0.0,0.0,0.0,3ea50f67,2019,1,58.6
23.0,2847.0,42.0,25.1,24.9,75.4,64.1,54.1,61.6,57.8,0.88,0.02845100105374078,0.006322444678609063,0.47418335089567965,2.1812434141201265,1.8967334035827186,0.09483667017913594,2.0547945205479454,0.5690200210748156,0.12644889357218125,91.7,72.9,83.2,1.0,6.299999999999997,-11.5,-10.5,-4.700000000000003,-0.29999999999999716,17.39999999999999,-0.01362294709755544,-0.005152268453562632,-0.25254848080852776,-1.0866920107819222,-0.6874348689227974,14.400000000000006,494.0,1.0,0.0,0.0,0.0,0.0,0.0,0.0,0.0,0.0,0.0,0.0,1.0,0.0,0.0,3ead85f9,2019,1,58.55
22.0,2024.0,42.9,22.4,10.1,51.6,34.9,32.3,27.1,29.7,0.48,0.2801383399209486,0.06669960474308301,1.4673913043478262,0.6669960474308301,1.9120553359683796,0.9782608695652175,0.48913043478260876,3.512845849802372,0.5780632411067194,79.32355555555556,36.11955555555556,46.24999999999999,1.0,-6.699999999999999,-0.5,6.299999999999997,-14.200000000000001,-7.299999999999997,2.6999999999999957,-0.016314362781754077,-0.0017125574190791637,-0.5089600470035254,1.1519202008332443,0.2869284798632625,11.649999999999991,840.0,0.0,1.0,0.0,0.0,0.0,1.0,0.0,0.0,0.0,0.0,0.0,0.0,0.0,0.0,3eaf8817,2019,0,
23.0,2854.0,83.7,75.0,87.1,46.5,36.3,67.2,76.5,71.8,0.41,0.23335669236159776,0.24597056762438682,3.8472319551506655,4.667133847231955,10.28030833917309,1.608269096005606,3.058864751226349,5.991590749824807,2.175893482831114,84.2,28.3,83.5,1.0,5.8999999999999915,34.2,-6.400000000000006,10.199999999999989,-17.5,-17.0,0.027877240306803247,0.08158700598055124,0.3834354776555582,0.8282535446525419,1.0859205399912506,38.7,1321.0,0.0,0.0,1.0,1.0,0.0,0.0,0.0,0.0,0.0,0.0,0.0,0.0,0.0,0.0,3eb22ec9,2019,1,65.9
23.0,2613.0,43.0,35.4,14.3,50.6,57.3,46.2,52.1,49.2,1.18,0.03444316877152698,0.003444316877152698,0.1722158438576349,2.2732491389207805,2.927669345579793,0.1377726750861079,3.5476463834672787,0.6544202066590126,0.03444316877152698,82.4,57.5,76.4,1.0,-3.0,16.6,-25.700000000000003,-29.2,-20.800000000000004,23.299999999999997,0.02110983543819364,-0.009889016456180635,-1.027784156142365,-2.40566398775354,-1.7267508610792195,56.7,1938.0,1.0,0.0,0.0,0.0,0.0,0.0,0.0,0.0,0.0,0.0,0.0,1.0,0.0,0.0,3ecc11d8,2019,1,56.9
23.0,1618.0,78.1,63.0,59.3,18.7,16.2,48.6,59.7,54.2,0.19,0.20024721878862795,0.1334981458590853,2.6699629171817056,3.2818294190358466,7.342398022249691,2.0580964153275647,2.0580964153275647,5.506798516687268,1.0012360939431397,73.43966480446927,26.587709497206703,35.80203955500618,0.0,,,,,,,,,,,,,,0.0,0.0,1.0,1.0,0.0,0.0,0.0,0.0,0.0,0.0,0.0,0.0,0.0,0.0,3ef0fa48,2019,1,51.8
22.0,2159.0,62.5,57.4,54.6,35.9,47.7,55.7,56.6,56.2,0.12,0.4293654469661881,0.1792496526169523,2.5011579434923576,2.5011579434923576,3.2098193608151924,0.7086614173228347,0.5836035201482168,5.585919407132932,1.1672070402964336,72.5,36.9,63.1,1.0,6.200000000000003,11.5,-1.6000000000000014,6.600000000000001,-0.20000000000000284,-4.0,0.06553565973214559,0.09307943985099486,-1.2328846096991315,-1.0029465966316158,1.160732411577464,35.6,1219.0,0.0,1.0,0.0,0.0,0.0,0.0,0.0,1.0,0.0,0.0,0.0,0.0,0.0,0.0,3effaa34,2019,1,62.7
22.0,2151.0,44.7,16.4,37.5,45.3,75.7,50.9,60.5,55.7,2.76,0.03347280334728034,0.029288702928870293,0.6276150627615064,2.6359832635983267,1.589958158995816,0.08368200836820085,4.142259414225942,0.46025104602510464,0.29288702928870297,70.5,56.79999999999999,62.9,0.0,,,,,,,,,,,,,,1.0,0.0,0.0,0.0,0.0,0.0,0.0,0.0,0.0,0.0,0.0,1.0,0.0,0.0,4115ce4e,2019,1,62.25
22.0,3130.0,33.9,29.8,22.0,57.9,42.3,41.3,44.3,42.8,1.01,0.023003194888178913,0.008626198083067093,0.43130990415335463,2.3578274760383384,2.559105431309904,0.23003194888178913,2.3578274760383384,0.5463258785942492,0.14376996805111822,85.3,44.2,91.5,0.0,,,,,,,,,,,,,,1.0,0.0,0.0,0.0,0.0,0.0,0.0,0.0,0.0,0.0,0.0,1.0,0.0,0.0,41b3069f,2019,1,48.0
20.0,1007.0,64.7,53.8,65.0,17.0,67.5,51.7,54.9,53.3,1.03,0.03574975173783516,0.08043694141012911,1.3406156901688184,2.9493545183714005,3.932472691161867,0.893743793445879,3.3962264150943398,2.323733862959285,0.5362462760675274,56.0,52.2,29.4,0.0,,,,,,,,,,,,,,1.0,0.0,0.0,0.0,1.0,0.0,0.0,0.0,0.0,0.0,0.0,0.0,0.0,0.0,41c12f75,2019,1,53.6
20.0,2796.0,75.0,54.1,79.2,18.8,12.7,49.0,51.8,50.4,0.49,0.16416309012875535,0.19957081545064378,3.6051502145922747,2.703862660944206,5.665236051502146,2.5107296137339055,0.8369098712446352,3.2510729613733904,1.8025751072961373,75.2,18.8,81.8,1.0,7.0,22.4,-5.199999999999996,22.800000000000004,5.0,5.199999999999999,0.08300076547945676,0.07331831044062376,0.5390179500632164,-1.0081106418846275,0.3591732821866911,52.599999999999994,1798.0,0.0,0.0,1.0,0.0,0.0,0.0,0.0,0.0,1.0,0.0,0.0,0.0,0.0,0.0,42eaa028,2019,1,51.400000000000006
19.0,2343.0,95.6,87.8,92.4,49.5,8.5,80.1,81.0,80.6,0.44,1.0140845070422535,0.20742637644046094,4.225352112676056,2.9193341869398206,7.528809218950063,2.8040973111395644,0.4609475032010243,9.180537772087067,1.6901408450704225,77.4,28.6,68.5,1.0,1.7999999999999972,3.799999999999997,3.5,1.7000000000000028,5.899999999999999,-12.100000000000001,0.4246011122083052,-0.1288282361056645,-0.008965230497375742,0.8452298831567049,0.7606626002239536,9.313837638376384,175.0,0.0,1.0,0.0,0.0,0.0,0.0,0.0,1.0,0.0,0.0,0.0,0.0,0.0,0.0,42fd9c7f,2019,1,81.85
19.0,2994.0,42.4,48.2,23.6,56.7,47.1,47.1,47.8,47.4,0.4,0.030060120240480964,0.015030060120240482,0.4208416833667335,3.5470941883767537,2.8857715430861726,0.36072144288577157,3.096192384769539,0.27054108216432865,0.18036072144288579,88.8,66.7,87.5,1.0,-5.800000000000004,-10.800000000000004,-18.700000000000003,-14.299999999999997,-6.099999999999994,10.0,-0.024402814706568965,-0.012201407353284482,-0.46418100952282776,-3.513623313192194,0.00700341681850869,48.8,1672.0,1.0,0.0,0.0,0.0,0.0,0.0,0.0,0.0,0.0,1.0,0.0,0.0,0.0,0.0,4315f30d,2019,0,
23.0,942.0,45.5,37.6,17.3,43.6,21.8,33.6,33.7,33.7,0.8,0.12420382165605096,0.03821656050955414,1.4331210191082802,3.057324840764331,3.4394904458598727,1.1464968152866242,2.5796178343949046,1.8152866242038217,0.47770700636942676,84.3,21.4,30.8,0.0,,,,,,,,,,,,,,0.0,0.0,1.0,0.0,0.0,0.0,0.0,0.0,1.0,0.0,0.0,0.0,0.0,0.0,434cf5b7,2019,0,
23.0,2226.0,63.9,46.2,97.0,26.2,24.8,38.6,53.4,46.0,1.51,0.04043126684636118,0.16172506738544473,3.0323450134770886,2.911051212938005,3.477088948787062,0.36388140161725063,1.738544474393531,1.3746630727762803,2.0215633423180592,63.6,60.0,65.1,0.0,,,,,,,,,,,,,,1.0,0.0,0.0,0.0,1.0,0.0,0.0,0.0,0.0,0.0,0.0,0.0,0.0,0.0,438dfc6a,2019,0,
23.0,2754.0,41.7,23.2,27.3,55.1,74.4,53.0,62.5,57.8,1.27,0.0392156862745098,0.00980392156862745,0.5555555555555556,1.7647058823529411,0.9477124183006536,0.5228758169934641,3.9215686274509802,0.5882352941176471,0.06535947712418301,84.19999999999999,60.2,80.5,1.0,9.599999999999994,-11.699999999999996,-24.500000000000004,4.699999999999999,6.700000000000003,18.000000000000007,-0.017927170868347345,0.006232492997198879,0.09126984126984128,-1.1594304388422036,-1.592436974789916,6.799999999999997,234.0,1.0,0.0,0.0,0.0,0.0,0.0,0.0,0.0,0.0,0.0,0.0,1.0,0.0,0.0,43e7a164,2019,1,57.05
18.0,2304.0,45.4,40.8,30.3,46.0,66.9,51.7,57.7,54.7,0.28,0.04296875,0.00390625,0.5078125,3.671875,3.203125,0.1953125,2.96875,0.5859375,0.1953125,80.5,64.0,75.3,0.0,,,,,,,,,,,,,,1.0,0.0,0.0,0.0,0.0,0.0,0.0,0.0,0.0,0.0,0.0,1.0,0.0,0.0,441197b8,2019,1,65.55000000000001
20.0,937.0,30.7,36.1,17.8,48.8,34.4,33.9,30.2,32.0,0.0,0.05763073639274279,0.0384204909284952,1.8249733191035218,3.3617929562433297,2.497331910352188,0.768409818569904,2.1131270010672356,1.9210245464247597,0.576307363927428,81.1,42.9,30.6,0.0,,,,,,,,,,,,,,0.0,0.0,1.0,1.0,0.0,0.0,0.0,0.0,0.0,0.0,0.0,0.0,0.0,0.0,442b56fa,2019,1,55.55
22.0,1985.0,66.0,51.8,37.8,18.4,23.1,40.2,42.6,41.4,0.15,0.20403022670025187,0.05894206549118388,1.9496221662468511,2.040302267002519,6.846347607052897,2.0856423173803527,1.45088161209068,4.171284634760705,0.5894206549118387,73.7,26.4,58.0,1.0,-5.899999999999999,4.0,0.8999999999999986,-27.299999999999997,-5.800000000000001,-2.299999999999997,0.07144330860950349,-0.12137614311223391,-0.6490814283318174,-0.04817213366601969,0.5022940171498376,8.399999999999999,288.0,0.0,0.0,1.0,0.0,0.0,0.0,0.0,0.0,1.0,0.0,0.0,0.0,0.0,0.0,4468ec10,2019,1,53.0
21.0,3007.0,42.2,42.9,26.1,54.7,78.1,47.1,46.9,47.0,0.48,0.07183239108746259,0.05686730961090788,1.4965081476554705,4.908546724309943,4.040571998669771,0.44895244429664116,4.220152976388427,0.11972065181243764,0.6285334220152976,81.1,54.7,87.89999999999999,0.0,,,,,,,,,,,,,,0.0,0.0,1.0,0.0,0.0,0.0,1.0,0.0,0.0,0.0,0.0,0.0,0.0,0.0,44bfb6c5,2019,1,52.4
22.0,2610.0,46.0,46.0,43.6,63.5,64.4,57.5,61.4,59.4,0.82,0.03103448275862069,0.020689655172413793,0.6896551724137931,2.7586206896551726,2.6551724137931036,0.4482758620689655,2.1379310344827585,0.7931034482758621,0.4827586206896552,83.8,64.6,85.3,1.0,-1.8999999999999986,-2.799999999999997,-5.899999999999999,15.200000000000003,2.299999999999997,-4.799999999999997,0.0016227180527383367,-0.011663286004056798,0.1602434077079108,-0.05070993914807298,-0.21196754563894515,-14.700000000000003,-450.0,1.0,0.0,0.0,0.0,0.0,0.0,0.0,0.0,0.0,0.0,0.0,1.0,0.0,0.0,45a03961,2019,1,66.30000000000001
22.0,1779.0,44.3,81.2,86.9,63.6,32.0,60.9,67.6,64.2,0.62,0.20741989881956155,0.25295109612141653,3.1871838111298483,3.8954468802698146,9.510961214165262,1.821247892074199,1.4671163575042159,5.36256323777403,1.669477234401349,82.5,11.1,52.0,1.0,-11.599999999999994,-44.5,-0.7000000000000028,-7.599999999999994,15.700000000000003,7.699999999999999,-0.012211337622954732,-0.05941332904127333,-1.5958964491738397,-0.8361103693488392,-0.8388264386022031,-1.8999999999999986,-65.0,0.0,1.0,0.0,0.0,0.0,1.0,0.0,0.0,0.0,0.0,0.0,0.0,0.0,0.0,45af8a54,2019,1,64.94999999999999
23.0,1927.0,70.7,91.6,95.4,57.5,44.4,75.9,80.2,78.1,0.02,0.37363777893098077,0.30825116761805915,5.5111572392319665,3.4561494551115723,9.247535028541774,2.802283341982356,1.3077322262584328,7.145822522055008,2.3819408406850027,84.7,35.2,56.3,1.0,22.299999999999997,10.400000000000006,28.89999999999999,20.700000000000003,26.5,9.299999999999997,0.19258161799217105,0.1573710335023844,2.040914154571447,3.514089932146134,-0.24041383072245948,21.4,734.0,0.0,1.0,0.0,0.0,0.0,0.0,0.0,0.0,0.0,0.0,0.0,0.0,1.0,0.0,45b9b619,2019,1,68.69999999999999
23.0,1254.0,70.9,73.7,90.5,8.6,6.3,53.5,60.3,56.9,0.68,0.17224880382775118,0.21531100478468898,4.23444976076555,3.588516746411483,8.54066985645933,4.6650717703349285,1.3636363636363635,4.7368421052631575,1.7942583732057416,66.4,7.1,36.7,1.0,-10.899999999999999,8.000000000000007,-3.8999999999999915,-1.9000000000000057,-20.5,-24.2,-0.18820892026633654,-0.0993743099006257,-0.22836015658982234,-0.213303442968515,0.6705256466022016,-9.299999999999997,-319.0,0.0,0.0,1.0,0.0,0.0,0.0,0.0,0.0,1.0,0.0,0.0,0.0,0.0,0.0,4737cebe,2019,1,64.05
23.0,2754.0,57.1,56.8,17.7,69.0,43.1,50.4,53.8,52.1,0.38,0.05555555555555555,0.013071895424836602,0.42483660130718953,3.333333333333333,3.888888888888889,0.32679738562091504,1.8300653594771241,0.6209150326797386,0.09803921568627451,94.5,59.7,80.5,0.0,,,,,,,,,,,,,,1.0,0.0,0.0,0.0,0.0,0.0,0.0,0.0,0.0,1.0,0.0,0.0,0.0,0.0,47af88b8,2019,1,48.1
21.0,2623.0,61.4,60.9,31.4,61.6,60.3,57.9,58.1,58.0,0.77,0.04803659931376286,0.02401829965688143,0.4803659931376286,3.7056805184902784,6.793747617232176,0.1715592832634388,2.9851315287838354,0.6519252764010675,0.10293556995806329,92.5,62.4,85.7,1.0,-2.5,-3.8999999999999986,-9.800000000000004,-24.6,13.600000000000001,-1.4000000000000057,-0.0013800101577539498,-0.031575385998574984,-0.6932784818108956,2.0373989555986833,-0.4329605247492543,-9.5,-291.0,1.0,0.0,0.0,0.0,0.0,0.0,0.0,0.0,0.0,1.0,0.0,0.0,0.0,0.0,48035304,2019,1,65.75
21.0,1430.0,24.7,66.4,31.0,66.9,16.8,45.7,50.2,48.0,0.05,0.01888111888111888,0.06923076923076923,1.6363636363636362,5.160839160839161,6.986013986013986,1.132867132867133,1.6363636363636362,0.6923076923076923,1.06993006993007,93.0,14.3,41.8,0.0,,,,,,,,,,,,,,0.0,0.0,1.0,0.0,0.0,0.0,0.0,0.0,1.0,0.0,0.0,0.0,0.0,0.0,48b3dd60,2019,1,45.5
23.0,3060.0,81.4,94.1,99.3,38.3,27.3,53.3,63.9,58.6,0.05,0.06470588235294118,0.3588235294117647,4.294117647058823,6.205882352941177,9.088235294117647,1.1764705882352942,1.9705882352941178,2.0294117647058822,2.2941176470588234,85.4,50.0,100.0,1.0,-3.6000000000000014,18.500000000000007,1.0999999999999943,-0.20000000000000284,-13.400000000000006,5.600000000000001,0.04538428510090168,0.11923572348647488,0.6230141691713178,0.7799484757406603,0.17754401030485134,23.900000000000006,731.0,1.0,0.0,0.0,0.0,0.0,0.0,0.0,0.0,0.0,1.0,0.0,0.0,0.0,0.0,49296448,2019,1,71.3
21.0,1321.0,57.3,43.9,62.6,12.0,46.5,43.7,44.5,44.1,0.69,0.08856926570779713,0.149886449659349,2.316426949280848,1.9076457229371688,5.382286146858441,2.316426949280848,3.6790310370931114,2.79333838001514,1.0900832702498109,67.4,35.3,38.6,1.0,-2.799999999999997,14.299999999999997,-13.200000000000003,6.899999999999999,0.5999999999999996,-9.600000000000001,-0.003959863832984217,0.03268288557435929,0.034041753941574715,-2.2051024754856305,-0.9916003360073136,-4.100000000000001,-138.0,0.0,0.0,1.0,0.0,0.0,0.0,0.0,0.0,1.0,0.0,0.0,0.0,0.0,0.0,49ea92be,2019,0,
22.0,2509.0,86.7,66.3,72.1,34.9,25.4,68.4,71.1,69.8,0.05,0.5990434436030291,0.1972897568752491,3.01315265045835,1.9370267038660822,5.559984057393384,1.3630928656835393,0.8250298923874054,7.532881626145875,1.1837385412514947,72.3,13.3,82.0,1.0,6.599999999999994,8.200000000000003,0.5999999999999943,13.299999999999997,1.2999999999999972,-13.100000000000001,0.18043879244023842,0.024074039152715027,0.667523139632368,-0.35821963145986313,0.34921595807618644,0.5,15.0,0.0,1.0,0.0,0.0,0.0,0.0,0.0,1.0,0.0,0.0,0.0,0.0,0.0,0.0,49fe9070,2019,1,57.949999999999996
22.0,1821.0,78.9,60.2,82.3,26.2,44.1,58.2,55.8,57.0,0.22,0.20757825370675453,0.22734761120263589,4.448105436573311,4.200988467874794,4.250411861614498,1.5321252059308073,2.5205930807248764,3.014827018121911,2.817133443163097,74.4,36.4,53.2,1.0,-6.799999999999997,5.700000000000003,-10.599999999999994,-6.5,-1.9000000000000021,-15.299999999999997,0.07736122532612014,0.022005374140866257,0.2911772228838281,-1.7095213604222304,-1.6587778092537544,0.7000000000000028,24.0,0.0,0.0,1.0,0.0,0.0,0.0,1.0,0.0,0.0,0.0,0.0,0.0,0.0,0.0,4a5a45c7,2019,1,68.25
21.0,1635.0,71.9,65.1,78.3,21.9,45.1,57.1,65.8,61.4,0.01,0.17064220183486237,0.19816513761467888,3.63302752293578,4.238532110091743,5.834862385321101,2.036697247706422,3.3577981651376145,3.7981651376146788,1.9816513761467889,75.8,40.6,47.8,1.0,4.5,-5.599999999999994,7.599999999999994,9.5,-2.200000000000003,16.700000000000003,-0.01183000222007552,-0.03139666748669459,0.5133414536094225,1.2436262832936311,0.5890880289929852,3.0999999999999943,106.0,0.0,0.0,1.0,1.0,0.0,0.0,0.0,0.0,0.0,0.0,0.0,0.0,0.0,0.0,4b96c347,2019,1,57.95
21.0,2040.0,44.8,65.5,67.0,23.3,63.6,53.3,57.1,55.2,1.77,0.022058823529411763,0.07058823529411765,1.676470588235294,5.735294117647059,3.8382352941176467,1.6323529411764706,5.691176470588235,0.6176470588235293,0.8823529411764706,71.5,66.7,59.6,0.0,,,,,,,,,,,,,,1.0,0.0,0.0,0.0,1.0,0.0,0.0,0.0,0.0,0.0,0.0,0.0,0.0,0.0,4bf69118,2019,1,55.05
21.0,2960.0,53.5,29.8,38.7,46.7,47.9,44.6,42.3,43.4,0.5,0.35574324324324325,0.09121621621621623,2.1891891891891895,1.489864864864865,2.067567567567568,0.516891891891892,0.3952702702702703,4.1959459459459465,0.820945945945946,73.2,46.7,86.5,1.0,-8.0,-14.5,3.1000000000000014,6.0,-8.899999999999999,10.199999999999996,-0.07841581803446213,-0.02319056344480072,0.22373938475633426,-0.10322773882095859,0.31646199654674234,-3.200000000000017,-108.0,0.0,1.0,0.0,0.0,0.0,0.0,0.0,0.0,0.0,0.0,0.0,0.0,1.0,0.0,4c2e9442,2019,1,30.0
19.0,1341.0,63.4,57.4,88.3,21.5,42.1,55.0,57.3,56.2,0.51,0.087248322147651,0.20134228187919462,4.093959731543624,2.214765100671141,7.449664429530201,2.013422818791946,2.1476510067114094,4.697986577181208,2.214765100671141,74.5,45.0,39.2,0.0,,,,,,,,,,,,,,0.0,0.0,1.0,0.0,0.0,0.0,0.0,0.0,1.0,0.0,0.0,0.0,0.0,0.0,4c3a6744,2019,1,52.6
21.0,1278.0,53.4,47.2,40.2,72.4,34.5,48.0,51.8,49.9,1.28,0.06338028169014084,0.007042253521126762,0.9154929577464789,3.7323943661971835,2.323943661971831,0.49295774647887325,3.028169014084507,0.28169014084507044,0.28169014084507044,86.5,31.8,37.4,1.0,3.5,17.299999999999997,-5.599999999999994,-22.599999999999994,17.900000000000006,5.199999999999999,0.051717214735497216,-0.016283880388160494,-0.25081373771788396,-0.4751924071426399,-0.46630973747452265,-30.300000000000004,-1037.0,1.0,0.0,0.0,0.0,0.0,0.0,0.0,0.0,0.0,1.0,0.0,0.0,0.0,0.0,4c700f46,2019,0,
19.0,3330.0,37.5,54.0,33.5,42.5,61.9,51.4,55.0,53.2,0.33,0.02702702702702703,0.021621621621621623,0.5405405405405406,3.3513513513513513,2.675675675675676,0.5405405405405406,2.5405405405405403,0.6216216216216216,0.21621621621621623,82.0,54.9,97.4,1.0,-4.399999999999999,-29.0,-6.100000000000001,-11.799999999999997,-23.900000000000006,12.0,-0.04660418757335057,0.015957682036977193,-0.30905039715612403,-1.2324426377289814,-1.2930791080570816,50.900000000000006,1741.0,1.0,0.0,0.0,0.0,0.0,0.0,0.0,0.0,0.0,0.0,0.0,1.0,0.0,0.0,4d1666ff,2019,1,59.05
20.0,2243.0,84.6,62.7,64.1,30.1,44.1,66.6,69.8,68.2,0.38,0.5657601426660722,0.15648684797146678,2.4476148016049937,2.5278644672313866,2.5679893000445833,0.8024966562639323,0.8426214890771289,6.259473918858672,1.0833704859563085,72.2,32.1,73.3,1.0,7.0,1.8999999999999915,23.700000000000003,29.39999999999999,-21.4,-4.199999999999996,-0.21308601118008152,0.03148684797146678,0.5245378785280708,0.7410662231215064,1.6624798518467712,42.699999999999996,1307.0,0.0,1.0,0.0,0.0,0.0,0.0,0.0,1.0,0.0,0.0,0.0,0.0,0.0,0.0,4d8cd038,2019,1,45.0
22.0,1817.0,69.3,65.6,73.9,33.3,29.7,56.0,59.2,57.6,0.46,0.14859658778205834,0.16345624656026414,2.922399559713814,4.012107870115575,6.488717666483214,2.9719317556411666,2.6252063841496973,2.3775454045129334,1.8326912493120526,80.9,23.8,53.1,1.0,-4.799999999999997,-4.0,-10.5,-12.399999999999991,3.799999999999997,11.8,0.008562946066330818,-0.09768757177447096,-1.0136811804039323,-2.026841627040757,-1.0215338456119278,-16.4,-561.0,0.0,0.0,1.0,0.0,0.0,0.0,0.0,0.0,1.0,0.0,0.0,0.0,0.0,0.0,4dbd0916,2019,1,67.7
19.0,1265.0,81.0,45.1,55.7,28.1,26.9,46.5,46.4,46.4,0.22,0.23478260869565215,0.2490118577075099,2.1343873517786562,2.91699604743083,4.482213438735178,1.7786561264822134,1.7786561264822134,3.699604743083004,1.2806324110671936,77.9,34.6,41.3,0.0,,,,,,,,,,,,,,0.0,0.0,1.0,0.0,0.0,0.0,0.0,0.0,1.0,0.0,0.0,0.0,0.0,0.0,4e204552,2019,0,
23.0,2396.0,77.8,78.5,81.8,30.7,62.1,67.0,58.4,62.7,0.05,0.24040066777963273,0.16903171953255425,3.9816360601001666,6.085141903171953,5.7095158597662765,1.6527545909849748,2.7796327212020033,4.620200333889816,1.6527545909849748,78.0,51.0,70.1,1.0,-6.8999999999999915,-1.7999999999999972,-6.200000000000003,5.200000000000003,7.099999999999998,5.399999999999999,0.03786902221001248,-0.014512584264914086,0.6904968195938377,-0.42972464656283726,-0.33890872973943864,-13.100000000000009,-448.0,0.0,0.0,1.0,0.0,0.0,0.0,0.0,0.0,0.0,0.0,1.0,0.0,0.0,0.0,4e6dbac4,2019,1,62.6
23.0,1933.0,47.1,34.2,8.3,73.3,52.1,49.2,54.6,51.9,0.38,0.04190377651319193,0.0,0.04655975168132437,2.2348680807035697,2.374547335747543,0.18623900672529747,3.3988618727366786,0.4190377651319193,0.0,89.4,58.1,56.5,1.0,1.6999999999999957,-19.800000000000004,-7.399999999999999,-13.399999999999999,7.599999999999994,5.0,-0.03607023215058682,-0.020993002332555816,-0.3433102916375694,0.6651171458108549,-0.0743621758775701,-31.200000000000003,-1068.0,1.0,0.0,0.0,0.0,0.0,0.0,0.0,0.0,0.0,0.0,0.0,1.0,0.0,0.0,4f28a6ff,2019,1,64.2
23.0,2970.0,51.3,39.5,37.6,64.2,46.7,49.0,50.3,49.6,0.54,0.03333333333333333,0.0393939393939394,0.696969696969697,2.787878787878788,2.272727272727273,0.24242424242424243,1.1818181818181819,0.8181818181818182,0.30303030303030304,85.3,64.8,86.8,0.0,,,,,,,,,,,,,,1.0,0.0,0.0,0.0,0.0,0.0,0.0,0.0,0.0,0.0,0.0,1.0,0.0,0.0,4fdf1fd9,2019,0,
21.0,2483.0,66.8,40.2,37.8,22.4,48.9,49.5,53.6,51.6,1.03,0.500201369311317,0.11598872331856626,2.211035038260169,1.2323801852597664,2.537253322593637,1.3773660894079742,0.6524365686669351,5.7269432138542085,0.9061619009262989,69.2,50.8,81.1,0.0,,,,,,,,,,,,,,0.0,1.0,0.0,0.0,0.0,0.0,0.0,1.0,0.0,0.0,0.0,0.0,0.0,0.0,50e6dc35,2019,1,45.4
21.0,1486.0,79.2,40.6,76.9,51.2,35.8,55.1,63.9,59.5,1.28,0.2483176312247644,0.15746971736204574,3.4522207267833105,3.7550471063257063,3.9367429340511437,0.6662180349932705,1.5141318977119782,3.4522207267833105,1.6352624495289365,82.1,50.0,43.5,1.0,4.5,30.700000000000003,-9.100000000000001,10.900000000000006,-2.8999999999999986,-23.0,-0.015438349636479609,-0.025544636704939894,0.7070054157785259,0.1688003503190867,1.7095925608711608,-5.399999999999999,-186.0,0.0,0.0,1.0,1.0,0.0,0.0,0.0,0.0,0.0,0.0,0.0,0.0,0.0,0.0,5148dcc5,2019,1,64.8
21.0,1151.0,49.4,87.3,93.3,50.2,44.1,59.5,70.8,65.2,0.09,0.015638575152041704,0.11728931364031277,2.7367506516072977,7.662901824500434,9.695916594265855,0.5473501303214595,3.6750651607298,1.2510860121633363,1.094700260642919,90.4,44.4,33.7,0.0,,,,,,,,,,,,,,1.0,0.0,0.0,0.0,1.0,0.0,0.0,0.0,0.0,0.0,0.0,0.0,0.0,0.0,51cf8561,2019,1,61.1
21.0,1902.0,72.4,64.1,46.1,60.3,62.6,61.2,62.1,61.6,0.1,0.10410094637223975,0.023659305993690854,0.6624605678233438,3.359621451104101,5.205047318611988,0.23659305993690852,4.211356466876972,0.9463722397476341,0.18927444794952683,91.9,61.39999999999999,55.6,1.0,3.200000000000003,5.700000000000003,20.39999999999999,3.3999999999999986,-0.30000000000000426,-0.3999999999999986,0.04321299711219747,0.008437318678680283,-0.25085867107729043,2.3889796653350324,1.1143783221400416,-21.699999999999996,-463.0,1.0,0.0,0.0,0.0,0.0,0.0,0.0,0.0,0.0,0.0,0.0,1.0,0.0,0.0,51dbeea9,2019,1,47.1
22.0,2382.0,34.0,47.2,41.6,56.2,69.6,49.3,59.7,54.5,0.42,0.056675062972292196,0.04534005037783376,1.8136020151133503,4.609571788413098,4.458438287153653,0.6801007556675064,4.080604534005038,0.8690176322418136,0.6045340050377834,86.90000000000002,43.20000000000001,69.6,1.0,-1.2000000000000028,-1.2999999999999972,-3.299999999999997,0.20000000000000284,-5.399999999999999,2.6999999999999886,0.017052421462858236,-0.033905232641034164,-0.3090394943206116,1.0905137588517664,-1.5036357587567126,-23.400000000000006,-798.0,0.0,0.0,1.0,0.0,0.0,0.0,0.0,0.0,0.0,0.0,1.0,0.0,0.0,0.0,52611641,2019,1,57.7
23.0,2639.0,54.2,46.3,61.7,39.7,33.0,47.3,47.9,47.6,0.67,0.105721864342554,0.11254262978400909,3.2398635846911708,2.0121258052292537,5.149677908298598,2.2508525956801817,2.216748768472906,2.182644941265631,1.3300492610837438,84.2,34.8,77.2,1.0,0.0,9.200000000000003,-5.800000000000004,19.1,-9.299999999999997,-9.5,0.023816082757971563,0.05954477111163221,0.7345102656333551,-0.005568344378061418,-1.119565843593016,22.6,771.0,0.0,0.0,1.0,0.0,0.0,0.0,0.0,0.0,1.0,0.0,0.0,0.0,0.0,0.0,5313ed43,2019,1,55.900000000000006
20.0,1895.0,49.1,58.8,77.0,30.1,41.2,45.9,54.5,50.2,1.18,0.023746701846965697,0.07124010554089709,2.04221635883905,3.4195250659630605,4.369393139841688,1.2348284960422162,4.844327176781002,0.9498680738786279,1.092348284960422,75.8,35.3,55.4,0.0,,,,,,,,,,,,,,1.0,0.0,0.0,0.0,1.0,0.0,0.0,0.0,0.0,0.0,0.0,0.0,0.0,0.0,5314e067,2019,1,50.8
19.0,1712.0,58.8,43.8,47.5,11.1,55.4,41.4,43.6,42.5,2.22,0.036799065420560745,0.010514018691588786,0.7885514018691588,1.8925233644859814,4.626168224299065,1.314252336448598,3.4696261682242993,1.3668224299065421,0.2628504672897196,61.4,52.3,50.1,0.0,,,,,,,,,,,,,,1.0,0.0,0.0,0.0,1.0,0.0,0.0,0.0,0.0,0.0,0.0,0.0,0.0,0.0,531a4aa8,2019,0,
23.0,2875.0,46.1,72.9,79.6,39.7,68.6,59.8,65.8,62.8,0.55,0.25356521739130433,0.1408695652173913,3.9130434782608696,4.664347826086956,7.168695652173914,1.8469565217391306,2.2226086956521742,3.725217391304348,1.596521739130435,71.6,40.8,84.1,1.0,6.0,5.800000000000004,-0.19999999999998863,4.099999999999994,6.300000000000004,12.499999999999993,0.026213301014997747,-0.004165277988183613,-0.6731934555370391,2.6216573246477815,0.7052885926374795,17.0,579.0,0.0,1.0,0.0,0.0,0.0,1.0,0.0,0.0,0.0,0.0,0.0,0.0,0.0,0.0,53a0e358,2019,1,72.4
23.0,1173.0,30.1,27.6,8.9,65.3,55.0,46.2,53.2,49.7,0.64,0.015345268542199489,0.0,0.23017902813299232,1.6112531969309463,2.6854219948849103,0.07672634271099744,2.6854219948849103,0.3069053708439898,0.0,89.1,73.0,34.3,0.0,,,,,,,,,,,,,,1.0,0.0,0.0,0.0,0.0,0.0,0.0,0.0,0.0,0.0,0.0,1.0,0.0,0.0,545e2f01,2019,0,
23.0,2806.0,68.2,43.7,26.8,60.7,48.7,49.5,51.3,50.4,0.9,0.08339272986457591,0.012829650748396294,0.6414825374198146,2.7263007840342124,2.277263007840342,0.38488952245188884,1.8923734853884533,0.8018531717747683,0.12829650748396293,84.6,56.1,82.0,1.0,10.0,12.400000000000006,15.000000000000004,-0.1999999999999993,29.900000000000002,-0.5,0.036712231939264706,0.003493551163334052,0.2213580560920138,1.110250559707562,0.3922758877686521,25.6,878.0,1.0,0.0,0.0,0.0,0.0,0.0,0.0,0.0,0.0,0.0,0.0,1.0,0.0,0.0,555f3a0b,2019,1,56.25
21.0,2766.0,69.0,63.4,56.9,41.7,57.4,57.7,55.7,56.7,0.33,0.11713665943600868,0.15292841648590022,2.5704989154013016,6.117136659436008,5.1735357917570495,1.2039045553145336,2.407809110629067,1.3015184381778742,1.2689804772234272,79.68928571428572,58.585714285714296,42.30759219088937,1.0,3.0,22.5,0.6000000000000014,-0.20000000000000284,2.9000000000000057,-1.3000000000000043,0.042566869761056475,0.08983090214555604,-0.699099554961987,-0.5626018755469655,1.6429492789388762,-3.592407809110618,1197.0,0.0,0.0,1.0,0.0,0.0,0.0,1.0,0.0,0.0,0.0,0.0,0.0,0.0,0.0,56f7a928,2019,1,57.849999999999994
18.0,2259.0,56.1,67.1,54.1,38.6,46.9,54.1,57.1,55.6,0.71,0.11553784860557768,0.11553784860557768,2.6693227091633465,4.5019920318725095,7.051792828685259,2.0717131474103585,4.103585657370518,2.0318725099601593,0.99601593625498,78.5,23.9,66.1,0.0,,,,,,,,,,,,,,0.0,0.0,1.0,0.0,0.0,0.0,0.0,0.0,1.0,0.0,0.0,0.0,0.0,0.0,570bb4b9,2019,1,62.35
23.0,3324.0,95.1,64.2,88.1,19.8,22.6,58.5,74.1,66.3,0.02,0.36010830324909754,0.25992779783393505,4.765342960288809,3.113718411552347,6.28158844765343,3.2761732851985563,1.0018050541516246,5.144404332129964,1.8140794223826717,76.7,52.5,97.2,1.0,8.5,48.49999999999999,-5.599999999999994,20.19999999999999,-15.900000000000002,-32.699999999999996,0.12568380483304684,0.13637975137142183,1.755839264407077,1.117913685245827,0.4210045783950078,14.100000000000009,483.0,0.0,0.0,1.0,1.0,0.0,0.0,0.0,0.0,0.0,0.0,0.0,0.0,0.0,0.0,57e3f0c7,2019,1,53.2
22.0,2676.0,30.2,22.5,12.0,35.3,67.3,30.8,30.2,30.5,0.32,0.043721973094170405,0.05044843049327354,1.0762331838565022,3.0269058295964126,1.412556053811659,1.3452914798206277,3.396860986547085,0.8408071748878924,0.5044843049327354,69.7,46.9,78.2,1.0,3.6000000000000014,-1.6999999999999993,7.4,3.5,-3.700000000000003,10.799999999999997,-0.02407463707532112,-0.030060044082997638,0.2287755567378582,-0.2399863190696967,0.8235159990879382,16.1,552.0,0.0,0.0,1.0,0.0,0.0,0.0,1.0,0.0,0.0,0.0,0.0,0.0,0.0,0.0,58afe001,2019,1,39.6
20.0,3066.0,37.6,62.2,59.1,18.1,79.4,49.0,50.7,49.8,0.31,0.23483365949119372,0.15557729941291584,2.99412915851272,1.7025440313111544,3.9041095890410955,1.8199608610567513,1.8786692759295498,5.98825831702544,1.2915851272015655,67.0,50.8,89.6,0.0,,,,,,,,,,,,,,0.0,1.0,0.0,0.0,0.0,0.0,0.0,0.0,0.0,0.0,0.0,0.0,0.0,1.0,58e933d2,2019,1,42.4
23.0,2301.0,33.3,65.0,46.3,51.5,83.7,56.6,68.5,62.6,1.07,0.06649282920469361,0.06258148631029987,2.8161668839634943,5.593220338983051,4.9282920469361144,2.307692307692308,4.85006518904824,1.3689700130378097,0.9778357235984355,87.0,61.7,67.3,1.0,7.399999999999999,-19.700000000000003,18.6,22.299999999999997,-1.7000000000000028,8.100000000000009,-0.06897283401261588,0.01178186260380882,1.1228460937471256,0.35632591335191943,2.121912719039495,5.099999999999994,175.0,0.0,0.0,1.0,0.0,0.0,0.0,0.0,0.0,0.0,0.0,1.0,0.0,0.0,0.0,59bf127b,2019,1,51.6
22.0,1778.0,51.4,56.7,77.2,27.0,21.0,36.8,49.7,43.2,1.32,0.020247469066366704,0.07086614173228346,1.670416197975253,2.530933633295838,5.922384701912261,1.1642294713160855,3.1889763779527556,1.9235095613048367,0.8098987626546681,79.6,20.0,52.0,1.0,-0.7999999999999972,-3.8999999999999986,-5.199999999999996,18.700000000000003,11.5,-15.600000000000001,-0.006942863259917283,0.02554892118847682,0.5828029049238934,0.30304935448023684,-0.46000292259540077,23.0,785.0,1.0,0.0,0.0,0.0,1.0,0.0,0.0,0.0,0.0,0.0,0.0,0.0,0.0,0.0,59d53e8a,2019,0,
21.0,1784.0,41.0,42.2,20.2,8.6,75.3,37.3,44.4,40.8,0.9,0.2774663677130045,0.07062780269058296,1.7152466367713004,1.1603139013452914,2.320627802690583,1.1603139013452914,1.4630044843049328,4.84304932735426,0.6053811659192825,62.8,44.5,52.2,1.0,-3.6000000000000014,-1.8999999999999986,5.0,-34.099999999999994,-1.700000000000001,10.0,0.047923328393132014,-0.053708010274347975,-0.43671935685250385,-0.21390992313300883,-0.27433009440391154,-2.799999999999997,-98.0,0.0,1.0,0.0,0.0,0.0,0.0,0.0,0.0,0.0,0.0,0.0,0.0,0.0,1.0,59e6e5bf,2019,1,43.4
23.0,1467.0,58.4,21.3,17.6,49.5,77.3,40.2,58.0,49.1,1.88,0.2085889570552147,0.07361963190184048,1.4723926380368098,2.0245398773006134,2.2085889570552144,0.7361963190184049,3.987730061349693,2.0245398773006134,0.49079754601226994,80.3,56.7,42.9,0.0,,,,,,,,,,,,,,0.0,0.0,1.0,0.0,0.0,0.0,0.0,0.0,0.0,0.0,1.0,0.0,0.0,0.0,5a7301ae,2019,1,52.8
22.0,2246.0,87.3,65.3,47.1,53.9,60.3,59.7,59.8,59.8,0.07,0.21237756010685663,0.05609973285841496,0.8815672306322351,3.5262689225289403,4.728406055209261,0.4808548530721282,3.967052537845058,2.0035618878005343,0.40071237756010686,83.6,62.2,65.7,1.0,7.899999999999999,21.200000000000003,21.9,27.6,-1.2000000000000028,-4.900000000000006,0.09395650747527767,0.05609973285841496,0.618409335895393,1.9652481604724188,-0.2895205511552703,45.7,1562.0,1.0,0.0,0.0,0.0,0.0,0.0,0.0,0.0,0.0,0.0,0.0,1.0,0.0,0.0,5aa53281,2019,1,58.150000000000006
21.0,2032.0,24.4,35.3,15.4,55.0,60.1,37.3,51.1,44.2,0.61,0.031003937007874013,0.017716535433070866,1.1515748031496063,3.543307086614173,2.524606299212598,1.5944881889763778,3.1446850393700787,0.4872047244094488,0.44291338582677164,85.2,34.5,59.4,0.0,,,,,,,,,,,,,,0.0,0.0,1.0,0.0,0.0,0.0,0.0,0.0,0.0,0.0,1.0,0.0,0.0,0.0,5ae499d0,2019,1,59.4
21.0,2549.0,17.3,29.3,8.1,63.8,73.2,36.7,58.2,47.4,0.8,0.017653981953707334,0.03530796390741467,0.5296194586112201,2.471557473519027,2.9305610043154178,1.306394664574343,3.1777167516673206,0.28246371125931735,0.21184778344448804,86.6,57.8,74.5,1.0,-0.5,-9.899999999999999,-4.099999999999998,-16.0,-3.799999999999997,13.400000000000006,-0.016480025631627683,0.02392996137896966,-0.49440076894883045,-0.9379598553558841,-0.5436131965188995,28.200000000000003,967.0,0.0,0.0,1.0,0.0,0.0,0.0,0.0,0.0,0.0,0.0,1.0,0.0,0.0,0.0,5c7845f6,2019,1,52.9
21.0,2690.0,45.7,78.4,80.0,55.4,54.9,65.7,69.6,67.6,0.22,0.06356877323420074,0.1204460966542751,3.412639405204461,7.5278810408921935,8.096654275092936,2.141263940520446,3.312267657992565,1.1375464684014869,1.6059479553903346,88.8,53.8,78.7,1.0,2.799999999999997,0.10000000000000142,4.200000000000003,3.9000000000000057,7.299999999999997,-6.0,0.004449762415035363,-0.03952299144464298,-0.6213636859856471,0.09819987014703191,2.2767218446016217,15.544667697063375,102.0,0.0,0.0,1.0,0.0,0.0,0.0,0.0,0.0,1.0,0.0,0.0,0.0,0.0,0.0,5cdddffa,2019,1,56.95
22.0,1314.0,45.0,35.2,32.1,36.0,57.2,40.8,44.9,42.8,0.01,0.36986301369863017,0.10273972602739727,2.191780821917808,0.9589041095890412,1.8493150684931507,1.095890410958904,0.8219178082191781,5.958904109589041,0.8904109589041096,74.5,48.8,38.4,1.0,-8.400000000000006,-1.8999999999999986,-31.200000000000003,-15.699999999999996,-1.1000000000000014,-2.299999999999997,0.08861301369863017,-0.10592962881131239,-0.8928965974370304,-1.5075397702165267,-0.5834346000883781,9.399999999999999,322.0,0.0,1.0,0.0,0.0,0.0,0.0,0.0,0.0,0.0,0.0,0.0,0.0,0.0,1.0,5d4f7d61,2019,1,55.7
23.0,2916.0,39.8,42.3,57.7,22.7,58.8,45.4,46.2,45.8,0.97,0.009259259259259259,0.08333333333333334,1.2962962962962963,2.4074074074074074,3.7654320987654324,1.1419753086419753,4.598765432098766,0.6481481481481481,0.7716049382716049,70.7,50.5,85.3,1.0,-1.4000000000000057,-15.100000000000001,3.8999999999999986,-7.700000000000003,-1.3000000000000007,1.0999999999999943,-0.02962962962962963,0.03611111111111112,0.07407407407407396,0.5432098765432101,-0.14814814814814792,-9.400000000000006,-324.0,1.0,0.0,0.0,0.0,1.0,0.0,0.0,0.0,0.0,0.0,0.0,0.0,0.0,0.0,5d8d7454,2019,1,54.1
23.0,3245.0,18.2,29.6,10.2,52.6,72.6,35.1,55.3,45.2,0.33,0.03882896764252696,0.013867488443759629,1.1648690292758088,2.9399075500770415,2.884437596302003,1.081664098613251,4.742681047765793,0.49922958397534667,0.3882896764252696,81.0,51.8,94.9,1.0,10.0,5.0,-3.5,-1.8000000000000007,-0.7999999999999972,11.499999999999993,0.01798759365564931,-0.013921010205410577,-0.12034903324831325,-0.971216591270363,-0.7073328976265478,19.10000000000001,654.0,0.0,0.0,1.0,0.0,0.0,0.0,0.0,0.0,0.0,0.0,1.0,0.0,0.0,0.0,5e22e2a4,2019,1,52.7
22.0,3060.0,47.2,47.9,21.5,40.5,61.8,48.9,53.8,51.4,0.31,0.052941176470588235,0.0058823529411764705,0.6176470588235294,2.3823529411764706,2.735294117647059,0.6176470588235294,2.8529411764705883,0.9117647058823529,0.14705882352941177,84.2,57.1,100.0,1.0,-7.0,-14.799999999999997,-5.800000000000004,2.6000000000000014,6.399999999999999,-14.700000000000003,-0.018173836698858657,0.0058823529411764705,0.18305531167690958,-0.188323090430202,-0.9363476733977176,25.599999999999994,782.0,1.0,0.0,0.0,0.0,0.0,0.0,0.0,0.0,0.0,0.0,0.0,1.0,0.0,0.0,5e66fa06,2019,1,57.5
19.0,2149.0,20.5,69.7,37.4,53.8,60.9,51.4,57.3,54.4,0.12,0.025127966496044672,0.07538389948813402,2.303396928804095,5.821312238250349,8.752908329455561,1.0888785481619359,3.1828757561656587,1.005118659841787,0.7538389948813402,88.1,43.5,62.79999999999999,0.0,,,,,,,,,,,,,,0.0,0.0,1.0,0.0,0.0,0.0,0.0,0.0,0.0,0.0,1.0,0.0,0.0,0.0,5ea8ef20,2019,1,56.400000000000006
19.0,2431.0,54.4,48.4,43.6,37.4,71.7,54.8,59.7,57.2,0.87,0.06293706293706293,0.014808720691073632,0.7774578362813657,3.5911147675853554,3.406005758946935,0.6663924310983134,3.1468531468531467,0.7774578362813657,0.1851090086384204,79.7,74.5,79.4,1.0,-3.1999999999999957,12.0,2.1000000000000014,10.700000000000003,-25.4,3.4000000000000057,0.040950092253023845,-0.021836230448991516,0.04455881348006274,0.4011197654615928,0.3663590672596224,39.300000000000004,1203.0,1.0,0.0,0.0,0.0,0.0,0.0,0.0,0.0,0.0,0.0,0.0,1.0,0.0,0.0,5ed9b537,2019,1,63.0
22.0,1348.0,43.5,46.0,39.9,15.8,65.5,41.3,42.0,41.6,0.3,0.09347181008902077,0.04673590504451038,2.6038575667655786,2.6706231454005933,4.940652818991098,2.4035608308605343,4.13946587537092,2.336795252225519,0.6008902077151336,71.3,32.1,39.4,1.0,-7.0,-31.599999999999994,1.2999999999999972,-21.700000000000003,-4.099999999999998,7.5,-0.11767188492564197,-0.10282421225754237,-0.035438620917705776,-0.4259160959649133,0.4712096556645231,9.5,325.0,0.0,0.0,1.0,0.0,0.0,0.0,0.0,0.0,1.0,0.0,0.0,0.0,0.0,0.0,5eebbfdf,2019,1,36.6
20.0,2372.0,52.2,55.5,41.1,28.2,59.5,47.3,48.6,48.0,0.68,0.0948566610455312,0.12141652613827994,1.8591905564924116,3.642495784148398,4.477234401349072,2.769814502529511,3.1492411467116357,2.352445193929174,0.6829679595278246,76.3,36.0,69.4,1.0,-4.799999999999997,-16.200000000000003,-9.799999999999997,3.200000000000003,-17.599999999999998,26.700000000000003,-0.08584607180444093,0.04612372078412488,-0.24900799342392999,-2.198727673386009,-0.42331570497597504,17.000000000000007,579.0,0.0,0.0,1.0,0.0,0.0,0.0,0.0,0.0,1.0,0.0,0.0,0.0,0.0,0.0,6191093d,2019,1,52.05
22.0,2178.0,35.2,64.6,56.6,20.3,87.1,49.1,55.3,52.2,0.17,0.243801652892562,0.09504132231404958,3.0991735537190084,2.190082644628099,4.5041322314049586,2.1074380165289255,3.677685950413223,4.62809917355372,0.9090909090909092,69.9,43.7,63.7,0.0,,,,,,,,,,,,,,0.0,1.0,0.0,0.0,0.0,1.0,0.0,0.0,0.0,0.0,0.0,0.0,0.0,0.0,62437b4f,2019,1,54.3
23.0,1762.0,61.3,57.7,54.5,19.4,31.4,46.0,49.1,47.6,1.17,0.0970488081725312,0.11237230419977298,3.1157775255391598,2.6049943246311007,7.610669693530079,3.2690124858115777,2.8093076049943244,3.473325766174801,1.2258796821793416,72.9,13.3,51.5,0.0,,,,,,,,,,,,,,0.0,0.0,1.0,0.0,0.0,0.0,0.0,0.0,1.0,0.0,0.0,0.0,0.0,0.0,636eae97,2019,1,54.2
22.0,2095.0,89.3,64.2,85.8,24.3,35.6,46.2,60.4,53.3,2.28,0.15894988066825777,0.1675417661097852,1.8902147971360381,3.3937947494033414,6.057279236276849,1.7183770883054892,3.6515513126491648,3.3937947494033414,1.0739856801909307,73.2,47.60000000000001,61.3,1.0,7.699999999999996,24.39999999999999,18.200000000000003,30.799999999999997,7.199999999999999,-14.0,0.055671192143667614,0.02368930709339176,-0.3966704487656012,0.5613775969325863,1.2913357330098987,-10.0,-345.0,1.0,0.0,0.0,0.0,1.0,0.0,0.0,0.0,0.0,0.0,0.0,0.0,0.0,0.0,63f04c6c,2019,1,54.349999999999994
22.0,2735.0,41.2,49.6,13.1,69.3,86.2,50.5,70.6,60.6,1.46,0.08884826325411335,0.04606946983546618,1.3162705667276051,4.244972577696527,4.606946983546618,0.6910420475319927,4.541133455210238,0.8555758683729433,0.5594149908592322,91.2,63.2,80.0,1.0,-0.6000000000000014,11.500000000000004,-2.799999999999997,-14.9,-1.7000000000000028,3.1000000000000085,0.0470137420269674,-0.001342987555299241,-0.5802277289030116,0.5629432649225086,-0.6078318846524047,-14.40000000000002,-492.0,0.0,0.0,1.0,0.0,0.0,0.0,0.0,0.0,0.0,0.0,1.0,0.0,0.0,0.0,6434f10d,2019,1,67.15
23.0,1600.0,58.3,61.1,75.8,22.1,20.2,49.7,53.8,51.8,1.19,0.07874999999999999,0.11249999999999999,3.20625,2.9812499999999997,7.199999999999999,3.09375,1.5187499999999998,3.15,1.18125,77.0,30.0,46.8,0.0,,,,,,,,,,,,,,0.0,0.0,1.0,0.0,0.0,0.0,0.0,0.0,1.0,0.0,0.0,0.0,0.0,0.0,6481421d,2019,0,
21.0,1621.0,41.0,41.7,42.7,60.6,32.9,42.7,44.3,43.5,0.47,0.2609500308451573,0.1721159777914867,1.7766810610734114,1.554595928439235,2.9981492905613814,1.7211597779148673,0.8883405305367057,3.8864898210980874,1.165946946329426,83.0,30.200000000000003,47.4,0.0,,,,,,,,,,,,,,0.0,1.0,0.0,0.0,0.0,0.0,0.0,0.0,0.0,0.0,0.0,0.0,1.0,0.0,64e8ed6d,2019,1,48.6
22.0,921.0,42.0,35.5,37.9,15.4,42.5,34.0,34.3,34.2,0.59,0.048859934853420196,0.08794788273615636,1.8566775244299676,2.247557003257329,4.299674267100977,1.7589576547231272,2.247557003257329,1.954397394136808,0.7817589576547231,67.7,35.0,30.1,1.0,-7.399999999999999,19.4,-15.100000000000001,-17.200000000000003,-8.9,-19.5,-0.06486780782320245,-0.025779859940466276,-0.21109961514498932,0.4742865588873073,0.386557577639868,-26.799999999999997,-820.0,0.0,0.0,1.0,0.0,0.0,0.0,0.0,0.0,1.0,0.0,0.0,0.0,0.0,0.0,66385c46,2019,0,
20.0,1066.0,60.7,42.7,35.4,55.8,67.1,55.9,61.0,58.4,0.92,0.0675422138836773,0.008442776735459663,0.8442776735459662,2.7016885553470917,3.123827392120075,0.08442776735459662,2.7016885553470917,0.9287054409005628,0.25328330206378985,87.7,74.5,31.2,0.0,,,,,,,,,,,,,,1.0,0.0,0.0,0.0,0.0,0.0,0.0,0.0,0.0,0.0,0.0,1.0,0.0,0.0,67ac5bb8,2019,1,53.3
21.0,3107.0,38.6,70.1,61.9,30.6,57.5,54.0,52.0,53.0,0.04,0.052140328290955905,0.08979723205664628,2.7808175088509812,4.576762149983907,6.662375281622143,1.535242999678146,3.678789829417444,1.8828451882845187,1.2455745091728354,79.5,32.2,90.8,1.0,3.3999999999999986,8.200000000000003,13.399999999999991,14.199999999999996,-1.0999999999999979,-6.100000000000001,0.015592104940702102,0.03192921175207775,0.5879241078357529,2.1547610684241745,0.19097534795344995,4.3999999999999915,152.0,0.0,0.0,1.0,0.0,0.0,0.0,0.0,0.0,0.0,0.0,1.0,0.0,0.0,0.0,6928979a,2019,1,68.69999999999999
22.0,2263.0,83.9,71.1,74.6,31.2,43.1,50.9,61.7,56.3,3.02,0.15510384445426423,0.1034025629695095,2.982766239505082,3.102076889085285,9.703932832523199,4.374723817940787,3.4600088378258946,3.579319487406098,1.0737958462218293,80.4,51.6,66.2,0.0,,,,,,,,,,,,,,1.0,0.0,0.0,0.0,1.0,0.0,0.0,0.0,0.0,0.0,0.0,0.0,0.0,0.0,6a827d8e,2019,1,57.599999999999994
18.0,2300.0,65.1,41.2,57.8,17.0,50.8,44.7,51.4,48.0,0.0,0.15652173913043477,0.14869565217391303,2.778260869565217,2.0739130434782607,4.695652173913043,1.2130434782608694,2.6999999999999997,3.5217391304347823,1.3304347826086955,70.2,31.7,67.3,0.0,,,,,,,,,,,,,,0.0,0.0,1.0,1.0,0.0,0.0,0.0,0.0,0.0,0.0,0.0,0.0,0.0,0.0,6aa3e78b,2019,1,51.0
22.0,1800.0,28.5,66.0,78.3,24.7,47.0,47.4,55.3,51.4,1.76,0.0,0.06999999999999999,1.95,4.4,5.6,2.2,3.3,0.35,1.0,74.2,40.4,52.6,0.0,,,,,,,,,,,,,,1.0,0.0,0.0,0.0,1.0,0.0,0.0,0.0,0.0,0.0,0.0,0.0,0.0,0.0,6b2c894b,2019,1,51.2
21.0,2790.0,43.5,28.0,14.0,68.8,53.3,47.7,44.7,46.2,0.09,0.03225806451612903,0.025806451612903226,0.25806451612903225,2.161290322580645,1.935483870967742,0.16129032258064516,3.4838709677419355,0.5806451612903226,0.12903225806451613,84.4,56.5,91.2,0.0,,,,,,,,,,,,,,1.0,0.0,0.0,0.0,0.0,0.0,0.0,0.0,0.0,1.0,0.0,0.0,0.0,0.0,6b32d0a6,2019,0,
21.0,3296.0,37.7,39.7,18.0,47.1,95.0,44.9,68.0,56.4,2.51,0.10103155339805826,0.04915048543689321,1.4472087378640777,3.8774271844660197,3.3040048543689324,1.0103155339805825,6.471480582524272,1.0922330097087378,0.5734223300970874,80.7,58.3,96.4,1.0,5.399999999999999,8.000000000000004,7.100000000000001,2.9000000000000004,6.300000000000004,3.9000000000000057,0.03581416209371044,0.030516945064222405,0.42236401736718343,0.5710855997105475,0.4923340167641568,11.700000000000003,398.0,0.0,0.0,1.0,0.0,0.0,0.0,0.0,0.0,0.0,0.0,1.0,0.0,0.0,0.0,6b47c5db,2019,1,54.05
22.0,1517.0,25.5,60.1,18.0,45.6,74.4,45.7,59.8,52.8,1.16,0.04746209624258405,0.011865524060646013,1.779828609096902,4.330916282135795,5.6954515491100866,1.839156229400132,5.992089650626236,0.6526038233355307,0.3559657218193804,87.8,52.2,44.4,1.0,-9.0,-9.399999999999999,-5.699999999999996,-20.799999999999997,-9.100000000000001,-6.799999999999997,-0.011578494163320005,-0.1062156567511621,-0.7293964831540203,0.012794722541821457,-0.6875339023660496,-26.9,-922.0,0.0,0.0,1.0,0.0,0.0,0.0,0.0,0.0,0.0,0.0,1.0,0.0,0.0,0.0,6bb2c084,2019,1,56.2
22.0,2672.0,31.4,53.9,29.8,38.7,62.2,43.9,45.4,44.6,0.46,0.04715568862275449,0.06399700598802395,1.6504491017964071,3.502994011976048,5.827095808383233,1.5830838323353293,2.593562874251497,0.9094311377245509,0.7073353293413174,79.1,54.2,87.3,1.0,-10.100000000000001,-2.5,6.100000000000001,16.9,-3.6999999999999957,-28.299999999999997,0.005472940648999183,0.011893571020829816,0.5041735325181362,1.6935566343191653,-0.21371768235046718,2.5999999999999943,81.0,0.0,0.0,1.0,0.0,0.0,0.0,0.0,0.0,1.0,0.0,0.0,0.0,0.0,0.0,6bd603db,2019,0,
21.0,1774.0,33.3,47.2,26.8,31.9,67.1,41.0,41.4,41.2,0.19,0.09131905298759864,0.050732807215332576,2.282976324689966,2.4859075535512964,6.087936865839909,2.3337091319052985,4.819616685456595,1.7249154453213076,0.6595264937993235,81.1,35.3,51.9,1.0,-19.199999999999996,-19.200000000000003,-29.299999999999997,-9.900000000000002,-22.700000000000003,2.5,-0.029757180196257865,0.010374062820713743,-0.08089298985199411,-3.079263646652082,-3.5102487565063587,6.299999999999997,213.0,0.0,0.0,1.0,0.0,0.0,0.0,0.0,0.0,1.0,0.0,0.0,0.0,0.0,0.0,6c203af0,2019,1,53.7
22.0,1550.0,77.9,64.5,88.8,10.9,55.7,68.5,70.4,69.4,2.23,0.36000000000000004,0.23806451612903226,4.412903225806452,1.6258064516129034,6.67741935483871,2.264516129032258,1.4516129032258065,5.283870967741936,1.8580645161290323,61.5,22.6,50.7,0.0,,,,,,,,,,,,,,0.0,1.0,0.0,0.0,0.0,1.0,0.0,0.0,0.0,0.0,0.0,0.0,0.0,0.0,6c6a3300,2019,1,44.599999999999994
22.0,1970.0,77.6,76.7,92.1,20.2,15.6,59.4,65.3,62.4,0.21,0.1598984771573604,0.3197969543147208,4.020304568527918,5.025380710659898,11.375634517766498,2.238578680203046,1.8274111675126903,5.847715736040609,1.8274111675126903,75.9,7.500000000000001,57.6,1.0,-9.600000000000001,-3.0,-5.799999999999997,4.8999999999999915,-23.900000000000002,-11.500000000000002,-0.03190480153116418,0.14766580677373722,0.13505866688857404,1.7854705833402686,-0.6795373221269871,4.100000000000001,140.0,0.0,0.0,1.0,0.0,0.0,0.0,0.0,0.0,1.0,0.0,0.0,0.0,0.0,0.0,6ca5ec4b,2019,1,54.25
21.0,1235.0,36.8,38.7,45.4,29.7,33.6,37.9,39.0,38.4,0.06,0.19676113360323888,0.14574898785425103,2.404858299595142,1.1659919028340082,2.7692307692307696,1.6761133603238867,0.9473684210526316,3.57085020242915,0.8744939271255061,74.1,31.8,36.1,0.0,,,,,,,,,,,,,,0.0,1.0,0.0,0.0,0.0,1.0,0.0,0.0,0.0,0.0,0.0,0.0,0.0,0.0,6e2c94ad,2019,0,
19.0,1247.0,62.1,38.6,20.9,38.8,73.6,52.0,60.0,56.0,0.95,0.03608660785886127,0.014434643143544507,0.28869286287089013,3.0312750601443463,1.5878107457898958,0.2165196471531676,3.103448275862069,1.0104250200481155,0.07217321571772253,74.1,64.3,40.8,1.0,5.700000000000003,-18.6,-0.8999999999999986,-31.9,13.799999999999997,10.099999999999994,-0.1105197269827677,-0.018144542376817487,-0.9330265941426844,-0.2854924216309185,0.8321800375199122,4.699999999999996,142.0,1.0,0.0,0.0,0.0,0.0,0.0,0.0,0.0,0.0,0.0,0.0,1.0,0.0,0.0,6e33125f,2019,1,55.9
23.0,2403.0,54.8,62.8,53.7,41.2,46.0,52.9,55.2,54.0,0.06,0.08614232209737828,0.08239700374531836,2.209737827715356,4.307116104868914,5.805243445692884,1.4981273408239701,3.6329588014981273,1.3857677902621723,0.8239700374531835,81.7,38.8,70.3,1.0,-4.600000000000001,-24.60000000000001,2.799999999999997,-15.299999999999997,17.500000000000004,11.899999999999999,-0.15080917905735614,-0.067256575931356,-0.7417633270190551,-0.30561105777131825,1.0230514397418937,7.0,238.0,0.0,0.0,1.0,0.0,0.0,0.0,0.0,0.0,1.0,0.0,0.0,0.0,0.0,0.0,6e7f1353,2019,1,42.3
20.0,1843.0,36.1,61.7,50.1,35.6,21.3,44.2,48.9,46.6,0.64,0.03906673901247965,0.08790016277807922,2.2951709169831798,5.029842647856755,5.713510580575149,2.0510037981551816,2.344004340748779,1.0743353228431904,1.0743353228431904,78.7,22.2,53.9,0.0,,,,,,,,,,,,,,0.0,0.0,1.0,0.0,0.0,0.0,0.0,0.0,1.0,0.0,0.0,0.0,0.0,0.0,6ed1a2a2,2019,1,50.7
20.0,1490.0,28.6,48.8,24.2,54.1,72.2,45.4,46.5,46.0,0.07,0.09664429530201342,0.030201342281879193,1.4496644295302012,4.771812080536912,4.10738255033557,1.3288590604026844,3.140939597315436,0.6040268456375838,0.6644295302013422,82.8,62.20000000000001,43.6,0.0,,,,,,,,,,,,,,0.0,0.0,1.0,0.0,0.0,0.0,1.0,0.0,0.0,0.0,0.0,0.0,0.0,0.0,6f7d826d,2019,1,50.5
20.0,2571.0,69.2,55.0,54.4,13.3,40.7,46.5,48.6,47.6,0.85,0.21003500583430573,0.10501750291715287,3.0105017502917155,2.2403733955659275,5.3558926487747955,3.955659276546091,2.030338389731622,6.021003500583431,1.1201866977829638,71.6,50.9,75.2,1.0,-2.799999999999997,25.400000000000006,-4.700000000000003,-5.300000000000004,-12.099999999999998,-4.099999999999994,-0.05590589618746722,-0.006957613723593631,0.21112383427305303,0.8302316845446249,0.4207777501537968,18.800000000000004,642.0,0.0,0.0,1.0,0.0,0.0,0.0,0.0,0.0,1.0,0.0,0.0,0.0,0.0,0.0,6f8cd6d0,2019,1,58.3
21.0,1623.0,64.5,63.8,49.4,28.8,46.9,51.5,54.0,52.8,0.1,0.1719038817005545,0.1053604436229205,2.43992606284658,4.768946395563771,5.101663585951941,1.99630314232902,2.32902033271719,1.6081330868761552,0.7763401109057301,75.9,38.1,53.0,0.0,,,,,,,,,,,,,,0.0,0.0,1.0,0.0,0.0,0.0,0.0,0.0,1.0,0.0,0.0,0.0,0.0,0.0,70678132,2019,1,52.2
19.0,952.0,36.1,70.8,69.0,37.3,48.8,51.0,57.8,54.4,0.07,0.23634453781512604,0.17016806722689076,2.8361344537815127,3.2142857142857144,6.334033613445379,3.0252100840336134,1.134453781512605,4.632352941176471,1.6071428571428572,81.6,33.3,27.8,0.0,,,,,,,,,,,,,,0.0,1.0,0.0,0.0,0.0,1.0,0.0,0.0,0.0,0.0,0.0,0.0,0.0,0.0,706a60e1,2019,1,53.5
19.0,2150.0,55.9,65.7,64.0,19.0,63.5,56.5,60.3,58.4,0.3,0.3851162790697674,0.18418604651162793,3.13953488372093,2.1348837209302327,4.730232558139535,2.0511627906976746,1.2976744186046512,5.358139534883721,1.0883720930232559,66.5,33.9,62.9,0.0,,,,,,,,,,,,,,0.0,1.0,0.0,0.0,0.0,1.0,0.0,0.0,0.0,0.0,0.0,0.0,0.0,0.0,71b47ab9,2019,1,50.9
21.0,1727.0,26.8,33.8,23.3,65.7,71.3,42.7,59.7,51.2,1.0,0.046902142443543716,0.02605674580196873,1.6155182397220613,3.543717429067747,3.28314997104806,0.5211349160393746,4.116965836711059,0.5211349160393746,0.5211349160393746,87.5,46.2,50.5,1.0,4.200000000000003,1.8000000000000007,15.099999999999998,6.600000000000001,-0.20000000000000284,-0.5,-0.01344268514266319,0.008815366491623903,0.4948285845496474,1.0417706607032322,1.2736024865390112,-41.09999999999998,-1405.0,0.0,0.0,1.0,0.0,0.0,0.0,0.0,0.0,0.0,0.0,1.0,0.0,0.0,0.0,71ec39ef,2019,1,50.05
19.0,1690.0,49.6,15.5,13.9,59.4,45.5,40.0,45.5,42.8,1.48,0.03195266272189349,0.021301775147928994,0.10650887573964496,1.331360946745562,1.4378698224852071,0.42603550295857984,2.3431952662721893,0.2662721893491124,0.05325443786982248,83.4,43.8,49.4,0.0,,,,,,,,,,,,,,1.0,0.0,0.0,0.0,0.0,0.0,0.0,0.0,0.0,0.0,0.0,1.0,0.0,0.0,75b86fb3,2019,1,57.35
23.0,1723.0,60.5,42.7,33.0,3.5,75.0,47.2,39.5,43.4,0.0,0.4178757980266976,0.2350551363900174,2.298316889146837,1.30586186883343,1.9849100406268136,0.9924550203134068,1.1491584445734184,5.641323273360418,1.2536273940800928,59.5,51.4,56.3,0.0,,,,,,,,,,,,,,0.0,1.0,0.0,0.0,0.0,0.0,0.0,0.0,0.0,0.0,0.0,0.0,1.0,0.0,773968e4,2019,0,
23.0,2974.0,48.8,38.3,55.3,28.0,36.3,37.2,41.7,39.4,0.61,0.021183591123066576,0.09683927370544722,1.1499663752521856,2.632817753866846,2.6630800268997983,0.3328850033624748,2.390719569603228,0.7565568258238063,0.605245460659045,70.2,50.8,87.0,1.0,-3.6000000000000014,3.0999999999999943,-8.700000000000003,13.799999999999997,-2.5,-11.800000000000004,-0.007357635092578245,0.08732553163356561,0.5791418509392892,-1.1424168018528444,-0.506717129854084,59.3,2028.0,1.0,0.0,0.0,0.0,1.0,0.0,0.0,0.0,0.0,0.0,0.0,0.0,0.0,0.0,77cf6852,2019,1,40.5
22.0,1048.0,74.6,87.5,95.2,38.8,54.9,62.4,74.3,68.4,0.21,0.06011450381679389,0.15458015267175573,2.6622137404580153,6.440839694656489,8.330152671755725,0.42938931297709926,4.122137404580153,2.404580152671756,1.8034351145038168,81.2,45.2,30.6,1.0,13.200000000000003,3.5999999999999943,20.700000000000003,10.299999999999997,9.099999999999998,13.699999999999996,0.020935399339181954,0.003460749686681114,0.9831092628460751,3.1808989404124413,2.3550187991341014,-16.4,-560.0,1.0,0.0,0.0,0.0,1.0,0.0,0.0,0.0,0.0,0.0,0.0,0.0,0.0,0.0,77d7c96f,2019,1,56.0
23.0,975.0,17.0,45.6,17.4,62.4,62.8,41.6,55.6,48.6,0.19,0.018461538461538463,0.04615384615384615,1.2923076923076922,4.338461538461538,5.169230769230769,0.6461538461538461,4.061538461538461,0.1846153846153846,0.8307692307692307,86.0,30.0,28.5,1.0,7.399999999999999,-17.6,25.1,-2.700000000000003,9.699999999999996,5.0,0.005803310613437198,-0.01713729308666017,0.27964946445959105,2.131256085686465,2.819474196689386,7.699999999999999,264.0,0.0,0.0,1.0,0.0,0.0,0.0,0.0,0.0,0.0,0.0,1.0,0.0,0.0,0.0,788b31e2,2019,0,
23.0,999.0,62.6,44.1,57.0,23.3,19.8,41.7,43.0,42.4,0.58,0.13513513513513514,0.11711711711711713,2.2522522522522523,2.1621621621621623,5.765765765765766,1.6216216216216217,2.5225225225225225,1.5315315315315317,1.0810810810810811,72.3,17.4,29.2,0.0,,,,,,,,,,,,,,0.0,0.0,1.0,0.0,0.0,0.0,0.0,0.0,1.0,0.0,0.0,0.0,0.0,0.0,7958dc65,2019,0,
23.0,1353.0,54.2,38.2,26.9,20.3,31.8,33.8,34.2,34.0,0.06,0.1130820399113082,0.03991130820399113,1.729490022172949,4.124168514412417,2.5942350332594235,1.796008869179601,2.12860310421286,1.3303769401330376,0.7317073170731707,68.8,40.0,39.6,1.0,-13.899999999999999,-16.5,-10.799999999999997,-27.700000000000003,3.6000000000000014,8.5,-0.06636581284942798,-0.07972059363649966,-1.4453566035939218,-1.6849060710350545,1.2714077782160977,-17.6,-603.0,0.0,0.0,1.0,0.0,0.0,0.0,0.0,0.0,1.0,0.0,0.0,0.0,0.0,0.0,796b1c41,2019,1,44.4
23.0,2563.0,84.3,50.3,59.5,27.4,36.1,50.5,60.3,55.4,0.45,0.24580569644947328,0.20366757705813499,2.6336324619586424,4.354272337104955,3.371049551307062,1.5099492781896215,2.4580569644947325,2.4580569644947325,1.2641435817401483,75.1,39.3,83.8,1.0,19.5,33.9,20.4,41.6,-5.800000000000004,-8.199999999999996,0.11274118032044103,0.16737725447748983,0.9400840748618684,0.4678237448554494,2.055885240330762,59.5,1819.0,0.0,0.0,1.0,1.0,0.0,0.0,0.0,0.0,0.0,0.0,0.0,0.0,0.0,0.0,79ca3e23,2019,1,50.55
21.0,1063.0,39.8,43.2,45.5,49.9,64.3,53.4,57.5,55.4,0.25,0.025399811853245528,0.03386641580432737,0.761994355597366,2.793979303857008,1.777986829727187,0.16933207902163686,3.725305738476011,0.592662276575729,0.5079962370649106,86.3,66.7,31.1,1.0,-6.600000000000001,-5.600000000000001,-34.8,-21.5,2.8999999999999986,2.0999999999999943,0.011204228257031016,-0.037111502176745186,-0.46828955607455847,-3.6163349368343276,-3.3101216425152318,-24.5,-839.0,1.0,0.0,0.0,0.0,0.0,0.0,0.0,0.0,0.0,0.0,0.0,1.0,0.0,0.0,7a11550b,2019,0,
23.0,2476.0,33.3,24.6,30.0,28.6,47.7,31.9,30.4,31.2,0.69,0.2835218093699515,0.05815831987075929,2.1809369951534734,0.8723747980613893,1.7447495961227786,0.5815831987075929,1.1631663974151858,4.252827140549273,0.9814216478190629,74.7,32.6,72.4,1.0,-1.5999999999999979,-13.100000000000001,6.0,15.4,-21.699999999999996,-1.5,0.006210885000203614,-0.03007697424688776,1.0464832136408684,0.3581949742740391,0.4942235375571876,51.62913165266107,1762.0,0.0,1.0,0.0,0.0,0.0,0.0,0.0,0.0,0.0,0.0,0.0,0.0,1.0,0.0,7b536033,2019,0,
20.0,1050.0,85.6,54.1,56.4,24.3,44.8,51.9,60.8,56.4,0.19,0.31714285714285717,0.18000000000000002,2.5714285714285716,1.6285714285714286,7.800000000000001,2.6571428571428575,1.6285714285714286,4.457142857142857,0.942857142857143,77.4,54.2,30.7,0.0,,,,,,,,,,,,,,0.0,0.0,1.0,1.0,0.0,0.0,0.0,0.0,0.0,0.0,0.0,0.0,0.0,0.0,7b9a9e25,2019,1,46.1
22.0,1849.0,77.8,51.6,73.4,15.2,30.7,49.5,61.3,55.4,0.97,0.19469983775013522,0.22877230935640888,4.283396430502974,2.7744726879394266,5.938345051379124,1.2655489453758788,2.190373174689021,3.5532720389399675,2.239048134126555,66.0,31.8,54.1,1.0,-3.3999999999999986,-13.0,-3.6999999999999957,-2.1999999999999886,1.1999999999999993,9.0,-0.16444674462837128,0.04030925127659854,1.4386710255247048,-0.5689643125086672,0.3920151612701259,-19.9,-682.0,0.0,0.0,1.0,1.0,0.0,0.0,0.0,0.0,0.0,0.0,0.0,0.0,0.0,0.0,7c2965bb,2019,1,53.0
20.0,1156.0,76.7,73.1,76.1,52.9,39.4,65.1,67.7,66.4,0.43,0.20242214532871972,0.24134948096885814,3.036332179930796,4.048442906574394,8.252595155709342,2.2577854671280275,2.102076124567474,4.126297577854671,1.3235294117647058,89.4,52.6,33.8,1.0,5.200000000000003,8.900000000000006,-7.6000000000000085,34.99999999999999,-10.399999999999999,-11.200000000000003,-0.13989164230994905,0.14150795957424642,0.18371728294188916,1.548950147785411,0.6253050301877061,15.299999999999997,525.0,0.0,0.0,1.0,0.0,0.0,0.0,0.0,0.0,1.0,0.0,0.0,0.0,0.0,0.0,7c56da38,2019,1,77.35
22.0,1220.0,52.8,55.4,63.5,15.3,29.7,44.8,48.2,46.5,0.02,0.11065573770491803,0.2581967213114754,2.8032786885245904,3.3934426229508197,5.754098360655738,1.3278688524590163,2.5081967213114753,2.360655737704918,1.180327868852459,68.1,44.4,35.7,1.0,4.100000000000001,-16.700000000000003,10.600000000000001,18.200000000000003,-11.2,-9.7,-0.018057133582210685,0.10968186982632691,0.2785262132770656,-0.4340204512254502,0.6706703457230967,-17.5,-598.0,0.0,0.0,1.0,0.0,0.0,0.0,0.0,0.0,1.0,0.0,0.0,0.0,0.0,0.0,7cf431a5,2019,0,
20.0,1607.0,42.5,46.8,44.4,23.9,74.4,45.3,54.6,50.0,0.72,0.09520846297448662,0.05040448039825763,2.24019912881145,3.752333540759179,4.312383322962042,1.9041692594897326,4.984443061605476,1.6801493466085875,0.8400746733042938,74.5,47.3,47.0,0.0,,,,,,,,,,,,,,0.0,0.0,1.0,0.0,0.0,0.0,0.0,0.0,0.0,0.0,1.0,0.0,0.0,0.0,7d3cbc67,2019,0,
22.0,2153.0,55.1,37.3,39.6,48.3,37.7,42.7,41.6,42.2,0.38,0.07942405945192754,0.10032512772875059,2.591732466326057,3.0515559684161637,3.3859730608453322,0.9196470041802137,1.9647004180213656,1.1704598235020902,1.1704598235020902,81.8,37.2,63.0,0.0,,,,,,,,,,,,,,0.0,0.0,1.0,0.0,0.0,0.0,1.0,0.0,0.0,0.0,0.0,0.0,0.0,0.0,7d937aa1,2019,1,56.1
22.0,995.0,34.0,24.2,10.6,39.8,35.8,27.8,33.7,30.8,0.06,0.09045226130653267,0.027135678391959798,1.2663316582914572,2.261306532663317,2.8040201005025125,1.085427135678392,2.170854271356784,0.9949748743718593,0.36180904522613067,72.87387387387388,19.23153153153153,14.67889447236181,0.0,,,,,,,,,,,,,,0.0,0.0,1.0,0.0,0.0,0.0,0.0,0.0,0.0,0.0,1.0,0.0,0.0,0.0,7f267d66,2019,1,41.3
21.0,1402.0,39.8,55.4,31.7,61.6,65.6,57.9,56.1,57.0,0.28,0.01925820256776034,0.02567760342368046,0.5777460770328103,3.9158345221112696,4.814550641940086,0.06419400855920114,4.108416547788873,0.5135520684736091,0.0,88.2,64.9,45.8,1.0,2.299999999999997,-3.9000000000000057,10.5,-7.0000000000000036,5.600000000000001,-4.0,-0.004551321241763467,0.02567760342368046,-0.374634875348142,1.3621696895591335,0.9396440459207933,21.099999999999998,646.0,1.0,0.0,0.0,0.0,0.0,0.0,0.0,0.0,0.0,1.0,0.0,0.0,0.0,0.0,7f609bfc,2019,1,57.0
20.0,1109.0,18.3,40.1,14.9,47.6,68.0,37.5,53.6,45.6,0.38,0.016230838593327322,0.06492335437330929,1.217312894499549,4.138863841298467,3.1650135256988277,1.1361587015329124,4.54463480613165,0.0811541929666366,0.5680793507664562,81.71219512195121,28.67073170731707,22.225698827772767,1.0,7.0,-12.599999999999998,-5.399999999999999,2.0,-0.6999999999999957,14.100000000000001,-0.03734058997810125,0.024744782944737864,0.14588432307097765,-0.11623647430117234,-0.07988615870153293,-17.07430117222723,-235.0,0.0,0.0,1.0,0.0,0.0,0.0,0.0,0.0,0.0,0.0,1.0,0.0,0.0,0.0,7f622eef,2019,0,
21.0,1333.0,49.6,41.6,34.6,31.6,50.1,40.7,39.0,39.8,0.39,0.08102025506376594,0.11477869467366841,2.0255063765941483,3.3083270817704427,4.051012753188297,1.0802700675168793,2.430607651912978,1.0802700675168793,1.5528882220555138,77.4,55.1,39.0,0.0,,,,,,,,,,,,,,0.0,0.0,1.0,0.0,0.0,0.0,1.0,0.0,0.0,0.0,0.0,0.0,0.0,0.0,80556f08,2019,1,39.0
23.0,2025.0,61.2,43.0,38.1,60.9,76.2,61.2,67.8,64.5,1.77,0.07555555555555556,0.013333333333333332,0.6222222222222222,3.7333333333333334,2.933333333333333,0.17777777777777778,3.6,0.8444444444444444,0.3111111111111111,83.2,65.6,66.2,1.0,10.700000000000003,-13.700000000000003,-10.600000000000001,-5.199999999999996,6.0,23.300000000000004,0.025611049451227032,-0.08655567887532371,0.02288814897027991,0.0365519792822786,-0.062449130595634283,36.800000000000004,1124.0,1.0,0.0,0.0,0.0,0.0,0.0,0.0,0.0,0.0,0.0,0.0,1.0,0.0,0.0,815c314f,2019,1,62.650000000000006
22.0,2561.0,71.7,51.5,55.3,27.7,18.6,45.6,47.4,46.5,0.12,0.22842639593908629,0.10894181960171809,2.846544318625537,2.1085513471300272,6.009371339320578,1.757126122608356,2.1085513471300272,3.689964857477548,1.159703240921515,79.0,20.0,74.9,1.0,-14.5,15.0,-16.5,-15.700000000000003,-11.000000000000004,-32.5,-0.09779008866865949,-0.007244873546246172,-0.2815589584350393,-2.079009991364626,0.008253432532211669,16.000000000000007,547.0,0.0,0.0,1.0,0.0,0.0,0.0,0.0,0.0,1.0,0.0,0.0,0.0,0.0,0.0,81d3318f,2019,0,
22.0,1090.0,48.1,17.4,15.1,52.2,36.9,34.7,39.4,37.0,0.62,0.355045871559633,0.057798165137614675,1.7339449541284404,0.4954128440366973,1.4862385321100917,1.3211009174311927,1.4036697247706422,4.7889908256880735,0.4954128440366973,80.7,25.0,31.9,0.0,,,,,,,,,,,,,,0.0,1.0,0.0,0.0,0.0,0.0,0.0,1.0,0.0,0.0,0.0,0.0,0.0,0.0,822a7761,2019,0,
19.0,912.0,50.8,40.7,20.7,33.5,41.5,36.9,36.7,36.8,0.72,0.11842105263157895,0.05921052631578948,1.381578947368421,2.1710526315789473,5.131578947368421,2.072368421052632,3.947368421052632,0.986842105263158,0.493421052631579,78.9,50.0,26.7,0.0,,,,,,,,,,,,,,0.0,0.0,1.0,0.0,0.0,0.0,0.0,0.0,1.0,0.0,0.0,0.0,0.0,0.0,822d51d7,2019,1,53.9
22.0,2479.0,66.6,65.3,72.5,28.4,34.5,55.0,62.6,58.8,0.26,0.13432835820895522,0.21419927390076646,3.3037515127067367,4.138765631302944,5.409439290036305,1.8878580072609923,2.4687373941105286,2.6865671641791047,1.5611133521581282,77.6,17.9,72.5,1.0,-4.800000000000004,-4.200000000000003,4.099999999999994,-13.799999999999997,-6.0,-6.899999999999999,0.038145152102084995,-0.08122057342747782,-0.5435767315680726,-0.12109506110873358,-0.3612343686970556,-4.099999999999994,-141.0,0.0,0.0,1.0,1.0,0.0,0.0,0.0,0.0,0.0,0.0,0.0,0.0,0.0,0.0,82927de4,2019,1,57.55
23.0,1055.0,59.5,40.9,55.8,19.0,39.0,42.0,48.7,45.4,1.76,0.2132701421800948,0.1023696682464455,2.9857819905213274,2.6445497630331753,3.7535545023696684,1.109004739336493,2.3033175355450237,5.033175355450237,1.6208530805687205,72.9,46.7,30.8,1.0,2.6000000000000014,-11.700000000000003,5.899999999999999,6.699999999999996,-4.800000000000001,25.1,-0.021905737216890153,-0.05139917597466004,0.453118673938413,0.6781776179475578,0.7450522755959894,13.40422110552764,60.0,0.0,0.0,1.0,1.0,0.0,0.0,0.0,0.0,0.0,0.0,0.0,0.0,0.0,0.0,833fb62e,2019,1,38.55
21.0,1474.0,38.0,16.2,13.8,66.7,46.6,41.9,47.7,44.8,0.27,0.0305291723202171,0.0,0.2442333785617368,1.8928086838534601,1.3432835820895523,0.0,1.587516960651289,0.4884667571234736,0.0,88.0,59.2,43.1,1.0,2.299999999999997,14.7,-18.900000000000002,-20.499999999999996,28.0,-12.100000000000001,0.025762223167674726,-0.009533898305084746,-0.2324615366925005,-1.040190994181634,-1.5393947059770485,-12.100000000000001,-414.0,1.0,0.0,0.0,0.0,0.0,0.0,0.0,0.0,0.0,0.0,0.0,1.0,0.0,0.0,84594618,2019,0,
23.0,1681.0,91.2,60.2,70.0,13.3,25.9,52.3,66.0,59.2,0.2,0.39619274241522906,0.14455681142177276,2.569898869720405,3.64069006543724,6.531826293872695,2.1415823914336705,2.73051754907793,4.443783462224866,1.124330755502677,66.5,25.0,54.9,0.0,,,,,,,,,,,,,,0.0,0.0,1.0,1.0,0.0,0.0,0.0,0.0,0.0,0.0,0.0,0.0,0.0,0.0,867501bf,2019,1,38.8
22.0,1194.0,62.8,63.8,40.8,51.4,64.6,57.6,57.3,57.4,0.2,0.4522613065326633,0.11306532663316582,2.0351758793969847,1.7336683417085426,3.9195979899497484,1.658291457286432,1.2814070351758793,4.974874371859296,0.9045226130653266,73.40902255639098,31.9,27.177386934673365,1.0,2.6999999999999957,2.3999999999999986,16.099999999999994,-32.0,34.9,18.999999999999993,0.11715492355393986,-0.03055169464342994,-0.9844640551365669,1.3050317051706974,-0.03392576631109745,-44.322613065326635,-1250.0,0.0,1.0,0.0,0.0,0.0,1.0,0.0,0.0,0.0,0.0,0.0,0.0,0.0,0.0,8696bc90,2019,0,
22.0,1352.0,41.1,39.8,46.6,39.0,38.9,40.0,41.3,40.6,1.04,0.013313609467455622,0.09985207100591716,0.7988165680473372,2.3298816568047336,4.127218934911243,0.9319526627218935,3.86094674556213,0.3328402366863905,0.3328402366863905,84.8,45.5,39.5,1.0,-12.299999999999997,2.700000000000003,-35.400000000000006,-31.800000000000004,-15.200000000000003,16.7,0.0032801646514021097,0.049684846925649596,-1.5088757396449703,-1.9931824028813994,-1.482827373295601,13.3,455.0,1.0,0.0,0.0,0.0,1.0,0.0,0.0,0.0,0.0,0.0,0.0,0.0,0.0,0.0,8746d5d0,2019,1,35.3
23.0,1063.0,48.2,77.5,45.5,58.9,68.4,61.6,65.2,63.4,0.34,0.12699905926622765,0.025399811853245528,1.6086547507055502,7.365945437441204,9.651928504233302,1.777986829727187,3.725305738476011,0.8466603951081844,0.592662276575729,92.5,55.6,31.1,1.0,4.799999999999997,3.0,2.700000000000003,-10.299999999999997,1.1999999999999957,14.900000000000006,0.07365443606555025,-0.11558240660568758,-0.677543386466338,-0.21682678789201582,1.6504500945114833,-37.99999999999999,-1299.0,0.0,0.0,1.0,0.0,0.0,0.0,0.0,0.0,0.0,0.0,1.0,0.0,0.0,0.0,8794e251,2019,1,57.900000000000006
21.0,2426.0,53.0,58.3,68.5,43.4,63.1,57.3,58.0,57.6,0.21,0.10387469084913437,0.1001648804616653,3.4872217642209398,3.746908491343776,6.788953009068425,1.0387469084913439,2.6339653751030503,2.3371805441055233,1.2984336356141797,82.4,46.8,70.9,1.0,1.7000000000000028,-6.399999999999999,4.899999999999999,10.899999999999999,-6.100000000000001,2.8000000000000043,-0.02483818043799435,0.020956959669586092,0.7149445364981672,1.4424183556030785,0.47958175867050823,44.300000000000004,1517.0,0.0,0.0,1.0,0.0,0.0,0.0,0.0,0.0,1.0,0.0,0.0,0.0,0.0,0.0,8827bf46,2019,1,56.2
21.0,1804.0,71.9,58.5,81.8,18.4,64.2,53.8,60.8,57.3,1.28,0.0648558758314856,0.08980044345898004,1.8458980044345898,3.592017738359202,4.789356984478935,1.5964523281596452,4.390243902439025,1.1973392461197339,0.9977827050997783,73.8,69.0,59.0,0.0,,,,,,,,,,,,,,1.0,0.0,0.0,0.0,1.0,0.0,0.0,0.0,0.0,0.0,0.0,0.0,0.0,0.0,88d4144a,2019,1,57.9
23.0,1762.0,96.1,69.1,86.6,33.1,20.6,62.2,76.4,69.3,0.69,0.48013620885357544,0.35244040862656073,3.626560726447219,3.626560726447219,8.530079455164586,2.707150964812713,2.911464245175936,8.274687854710555,1.4812712826333712,82.0,18.8,57.6,1.0,-5.299999999999997,22.39999999999999,-9.200000000000003,-0.10000000000000853,-12.899999999999999,-41.6,0.17555757580778913,0.1493879865960365,-0.2553238123716266,1.66212988648509,0.7002169971837815,8.399999999999999,255.0,0.0,0.0,1.0,1.0,0.0,0.0,0.0,0.0,0.0,0.0,0.0,0.0,0.0,0.0,88e357ef,2019,1,73.1
18.0,991.0,49.7,26.6,9.6,54.5,56.5,45.0,40.4,42.7,0.15,0.018163471241170535,0.009081735620585268,0.272452068617558,1.997981836528759,2.2704339051463167,0.7265388496468214,3.1786074672048437,0.3632694248234107,0.0,84.81454545454545,47.7409090909091,21.26316851664985,0.0,,,,,,,,,,,,,,1.0,0.0,0.0,0.0,0.0,0.0,0.0,0.0,0.0,1.0,0.0,0.0,0.0,0.0,88f130ed,2019,1,60.099999999999994
23.0,2205.0,44.4,71.1,47.7,63.7,28.0,48.3,56.6,52.4,1.16,0.02040816326530612,0.024489795918367346,0.7346938775510204,3.795918367346939,6.530612244897959,0.32653061224489793,2.0816326530612246,0.7755102040816326,0.24489795918367346,92.9,56.6,72.1,1.0,-3.700000000000003,0.7999999999999972,-0.7000000000000028,10.100000000000001,1.5,-16.5,0.00049665884052736,0.014534043705977965,0.13734874480765757,0.8558334838360127,-0.0868249954849194,42.599999999999994,1301.0,1.0,0.0,0.0,0.0,0.0,0.0,0.0,0.0,0.0,1.0,0.0,0.0,0.0,0.0,89ac64a6,2019,1,62.25
22.0,2760.0,53.2,58.0,41.9,45.7,78.2,54.6,64.0,59.3,0.49,0.08478260869565217,0.07826086956521738,2.0869565217391304,4.858695652173913,4.923913043478261,0.8478260869565217,4.826086956521739,1.5326086956521738,0.7826086956521738,82.5,57.3,80.7,1.0,6.0,26.800000000000004,15.100000000000001,8.699999999999996,-2.299999999999997,-1.8999999999999915,0.0308903931267899,0.045925540223900024,0.4162978391043999,1.4748112470710755,0.870671700078105,31.900000000000006,1090.0,0.0,0.0,1.0,0.0,0.0,0.0,0.0,0.0,0.0,0.0,1.0,0.0,0.0,0.0,8b04d6c1,2019,1,61.099999999999994
20.0,1229.0,81.1,73.2,80.0,13.3,3.6,53.3,59.4,56.4,0.56,0.3148901545972335,0.16842961757526442,4.979658258746949,4.320585842148088,7.835638730675346,4.100895036615134,0.80553295362083,4.100895036615134,1.7575264442636291,71.8131386861314,7.7,35.65475996745321,0.0,,,,,,,,,,,,,,0.0,0.0,1.0,0.0,0.0,0.0,0.0,0.0,1.0,0.0,0.0,0.0,0.0,0.0,8b66d9cc,2019,1,53.4
22.0,1621.0,59.5,81.8,89.4,40.0,51.5,67.2,73.0,70.1,0.92,0.29981492905613816,0.16101172115977788,3.830968537939543,4.275138803207896,9.771745835903761,1.7766810610734114,1.3880320789636025,7.384330660086365,1.8877236273904996,76.3,51.4,47.4,1.0,2.0,-34.400000000000006,10.799999999999997,2.6000000000000085,15.2,31.3,-0.013080140476099511,-0.12912734331556971,-0.09444233437398397,-2.0613767936790435,0.9186280573166195,1.1000000000000014,39.0,0.0,1.0,0.0,0.0,0.0,1.0,0.0,0.0,0.0,0.0,0.0,0.0,0.0,0.0,8b788c01,2019,1,62.4
22.0,1780.0,70.5,58.2,29.7,44.4,84.3,55.5,67.0,61.2,0.83,0.22247191011235956,0.08595505617977528,2.0224719101123596,4.955056179775281,5.056179775280898,1.0112359550561798,3.235955056179775,2.629213483146067,0.8089887640449438,81.8,66.3,58.2,0.0,,,,,,,,,,,,,,0.0,0.0,1.0,0.0,0.0,0.0,0.0,0.0,0.0,0.0,1.0,0.0,0.0,0.0,8b8e759d,2019,0,
21.0,3153.0,75.0,44.9,62.6,18.1,34.6,46.1,46.4,46.2,0.06,0.25118934348239774,0.142721217887726,2.740247383444339,2.1122740247383445,4.5956232159847765,1.8553758325404377,1.2274024738344436,4.224548049476689,1.1988582302568982,72.6,39.3,92.20000000000002,1.0,-12.599999999999994,18.299999999999997,-20.1,-1.0,-18.799999999999997,-19.5,-0.011797669504615249,-0.01961644444993635,-0.18183053863358278,-0.7290521086905484,0.2291571416214615,11.100000000000023,381.0,0.0,0.0,1.0,0.0,0.0,0.0,0.0,0.0,1.0,0.0,0.0,0.0,0.0,0.0,8c3c640c,2019,1,59.2
21.0,1692.0,38.2,31.2,20.2,50.1,72.9,40.1,56.6,48.4,0.21,0.09042553191489361,0.031914893617021274,1.702127659574468,2.4468085106382977,3.404255319148936,1.1702127659574468,3.5106382978723403,1.2234042553191489,0.6914893617021276,80.7,51.1,49.5,0.0,,,,,,,,,,,,,,0.0,0.0,1.0,0.0,0.0,0.0,0.0,0.0,0.0,0.0,1.0,0.0,0.0,0.0,8ef81d2d,2019,0,
19.0,984.0,43.3,41.5,29.2,44.9,47.1,43.4,42.5,43.0,0.28,0.0,0.04573170731707317,0.5487804878048781,2.2865853658536586,3.75,0.823170731707317,3.475609756097561,0.36585365853658536,0.18292682926829268,83.9,55.99999999999999,28.8,0.0,,,,,,,,,,,,,,1.0,0.0,0.0,0.0,0.0,0.0,0.0,0.0,0.0,1.0,0.0,0.0,0.0,0.0,8f325097,2019,1,41.9
23.0,2880.0,26.3,41.5,45.7,37.3,41.8,40.2,40.5,40.4,0.73,0.003125,0.028125,0.90625,3.5625,3.59375,0.625,3.9375,0.4375,0.375,75.9,41.7,84.2,0.0,,,,,,,,,,,,,,1.0,0.0,0.0,0.0,1.0,0.0,0.0,0.0,0.0,0.0,0.0,0.0,0.0,0.0,90eb507d,2019,1,40.75
23.0,2253.0,28.8,58.9,48.5,49.2,42.3,42.1,46.6,44.4,0.47,0.17177097203728361,0.11185086551264979,2.5166444740346203,2.436750998668442,4.673768308921438,1.9174434087882821,1.4780292942743007,4.314247669773635,0.9187749667110519,72.7,31.7,65.9,1.0,-3.3999999999999986,-18.7,2.6999999999999957,7.399999999999999,-5.5,6.199999999999996,-0.03866948473270007,0.009077619183122873,0.36330026522548486,0.4649591735217644,0.5281049954057995,12.100000000000009,414.0,0.0,1.0,0.0,0.0,0.0,1.0,0.0,0.0,0.0,0.0,0.0,0.0,0.0,0.0,90fcf472,2019,0,
21.0,1021.0,31.9,43.6,20.5,56.6,79.9,45.3,63.2,54.2,0.44,0.04407443682664055,0.04407443682664055,1.4985308521057785,5.553379040156709,3.1733594515181194,0.44074436826640545,4.2311459353574925,0.5288932419196866,0.7051909892262488,84.5,54.2,29.9,1.0,8.300000000000004,15.5,-18.0,-0.6999999999999993,4.0,18.900000000000006,0.0221499544880291,0.029458115267566247,-0.182346127187766,-1.6865674668740853,-0.25660877957532513,-42.1,-1442.0,0.0,0.0,1.0,0.0,0.0,0.0,0.0,0.0,0.0,0.0,1.0,0.0,0.0,0.0,91e58f66,2019,0,
20.0,980.0,21.5,43.8,15.6,38.3,58.3,35.9,47.1,41.5,0.39,0.027551020408163263,0.04591836734693877,1.010204081632653,3.673469387755102,4.86734693877551,0.9183673469387755,4.224489795918367,1.193877551020408,0.45918367346938777,78.4,34.6,28.7,1.0,10.899999999999999,-11.5,15.599999999999998,-13.6,8.599999999999998,19.699999999999996,-0.043501611170784105,0.017497314715359823,-0.22137486573576814,1.362083780880773,1.3997851772287864,-26.900000000000002,-920.0,0.0,0.0,1.0,0.0,0.0,0.0,0.0,0.0,0.0,0.0,1.0,0.0,0.0,0.0,9228b07c,2019,1,38.8
22.0,1111.0,44.0,45.7,31.2,8.4,52.1,39.0,34.9,37.0,0.08,0.3321332133213321,0.1134113411341134,2.106210621062106,2.268226822682268,2.511251125112511,0.972097209720972,0.486048604860486,3.402340234023402,0.729072907290729,65.3,53.8,32.5,1.0,-17.200000000000003,-12.899999999999999,-15.199999999999996,-12.599999999999998,-18.799999999999997,-13.800000000000004,-0.19665644590310977,0.039380788842691555,-0.4319797432152148,-0.34421303469947473,-0.375721473439941,4.699999999999999,260.0,0.0,1.0,0.0,0.0,0.0,0.0,0.0,0.0,0.0,0.0,0.0,0.0,1.0,0.0,923f4dda,2019,1,52.95
23.0,1452.0,39.3,28.2,41.5,46.6,53.3,40.0,40.4,40.2,1.27,0.049586776859504134,0.15495867768595042,2.355371900826446,2.9132231404958677,3.0371900826446283,0.7438016528925621,2.293388429752066,0.12396694214876033,1.3636363636363638,80.3,41.2,42.5,0.0,,,,,,,,,,,,,,0.0,0.0,1.0,0.0,0.0,0.0,1.0,0.0,0.0,0.0,0.0,0.0,0.0,0.0,92948398,2019,0,
23.0,1797.0,57.7,28.2,49.0,44.3,69.6,52.3,58.4,55.4,0.82,0.04507512520868114,0.0651085141903172,0.9515859766277129,2.253756260434057,1.953255425709516,0.4507512520868114,3.6560934891485815,0.7011686143572622,0.4006677796327212,78.8,72.5,52.5,1.0,4.0,12.200000000000003,-7.699999999999999,19.9,1.5,6.099999999999994,0.024055273126158763,0.0616052055098968,0.4260896745646534,-0.7442922582141898,-0.6189568575106685,-22.599999999999994,-772.0,1.0,0.0,0.0,0.0,0.0,0.0,0.0,0.0,0.0,0.0,0.0,1.0,0.0,0.0,92b4758e,2019,1,51.8
19.0,1176.0,47.1,20.0,49.4,33.8,45.6,36.5,39.6,38.0,0.14,0.09183673469387756,0.10714285714285714,2.5255102040816326,1.7602040816326532,2.372448979591837,0.7653061224489796,2.678571428571429,1.836734693877551,0.9948979591836735,75.1,37.5,34.4,0.0,,,,,,,,,,,,,,0.0,0.0,1.0,1.0,0.0,0.0,0.0,0.0,0.0,0.0,0.0,0.0,0.0,0.0,92d83c27,2019,1,46.9
23.0,904.0,37.9,61.8,33.1,44.3,59.5,52.4,52.0,52.2,0.21,0.01991150442477876,0.00995575221238938,0.39823008849557523,6.073008849557522,3.683628318584071,0.8960176991150443,3.584070796460177,0.29867256637168144,0.09955752212389381,79.6,69.6,29.5,0.0,,,,,,,,,,,,,,1.0,0.0,0.0,0.0,0.0,0.0,0.0,0.0,0.0,1.0,0.0,0.0,0.0,0.0,93a50d2c,2019,1,47.8
23.0,1183.0,31.5,21.1,19.8,33.2,57.7,29.9,26.9,28.4,0.07,0.2510566356720203,0.06086221470836856,1.6737109044801353,1.2172442941673711,1.2933220625528319,0.760777683854607,1.1411665257819104,3.1191885038038887,0.8368554522400676,67.0,51.5,34.6,0.0,,,,,,,,,,,,,,0.0,1.0,0.0,0.0,0.0,0.0,0.0,0.0,0.0,0.0,0.0,0.0,1.0,0.0,9453d2f4,2019,0,
21.0,1547.0,52.5,37.6,18.3,74.5,65.1,56.6,63.4,60.0,0.79,0.04654169360051713,0.0,0.5235940530058176,2.5016160310277957,1.3962508080155138,0.0,1.861667744020685,1.3380736910148674,0.05817711700064641,86.4,71.8,45.2,0.0,,,,,,,,,,,,,,1.0,0.0,0.0,0.0,0.0,0.0,0.0,0.0,0.0,0.0,0.0,1.0,0.0,0.0,94f8d10c,2019,1,56.099999999999994
23.0,1348.0,41.5,59.2,60.9,27.6,47.5,45.9,50.8,48.3,0.45,0.013353115727002969,0.10682492581602375,1.2017804154302671,4.27299703264095,4.339762611275964,0.7344213649851632,3.8056379821958455,0.46735905044510384,0.7344213649851632,68.3,61.5,39.4,1.0,4.099999999999994,14.5,24.800000000000004,0.6999999999999957,9.700000000000003,-17.099999999999994,0.013353115727002969,0.07345038935125242,-0.13320104316058567,1.113557419681403,1.3805372056941017,15.7,539.0,1.0,0.0,0.0,0.0,1.0,0.0,0.0,0.0,0.0,0.0,0.0,0.0,0.0,0.0,958a601f,2019,0,
21.0,1588.0,21.6,34.2,20.4,71.9,66.0,41.9,58.2,50.0,0.93,0.028337531486146095,0.06234256926952141,1.7002518891687657,3.910579345088161,3.2871536523929468,0.6801007556675063,4.590680100755667,0.28337531486146095,0.8501259445843828,90.7,42.9,46.4,0.0,,,,,,,,,,,,,,0.0,0.0,1.0,0.0,0.0,0.0,0.0,0.0,0.0,0.0,1.0,0.0,0.0,0.0,958bba56,2019,0,
21.0,1124.0,44.7,32.4,40.6,33.4,33.5,36.3,35.5,35.9,0.66,0.04804270462633452,0.0400355871886121,2.0818505338078293,2.48220640569395,3.6032028469750887,1.6814946619217082,2.0818505338078293,0.8807829181494662,0.800711743772242,76.7,41.7,32.9,0.0,,,,,,,,,,,,,,0.0,0.0,1.0,0.0,0.0,0.0,0.0,0.0,1.0,0.0,0.0,0.0,0.0,0.0,96960855,2019,0,
17.0,1277.0,34.7,28.8,25.9,40.7,62.5,45.3,52.1,48.7,0.15,0.021143304620203602,0.0,0.35238841033672674,1.8324197337509789,1.2685982772122162,0.6342991386061081,3.8057948316366486,0.7047768206734535,0.21143304620203604,85.7,69.0,37.3,0.0,,,,,,,,,,,,,,1.0,0.0,0.0,0.0,0.0,0.0,0.0,0.0,0.0,0.0,0.0,1.0,0.0,0.0,972aeb2a,2019,1,55.349999999999994
19.0,1766.0,74.2,44.3,49.3,21.2,27.9,42.7,43.2,43.0,0.31,0.22423556058890148,0.08663646659116647,2.802944507361268,1.7327293318233294,4.127972819932049,2.39524348810872,2.599093997734994,4.8414496036240084,0.8663646659116647,77.2,24.2,51.6,0.0,,,,,,,,,,,,,,0.0,0.0,1.0,0.0,0.0,0.0,0.0,0.0,1.0,0.0,0.0,0.0,0.0,0.0,9907b1c8,2019,1,57.2
22.0,1449.0,72.5,59.3,81.6,41.3,43.4,51.3,53.6,52.4,0.3,0.06211180124223602,0.09316770186335403,1.9875776397515525,4.285714285714286,4.037267080745341,0.8074534161490683,3.726708074534161,0.5590062111801242,0.9937888198757763,81.2,44.4,47.39999999999999,1.0,11.899999999999999,53.3,17.699999999999996,56.099999999999994,-4.600000000000001,-23.699999999999996,0.03892787543079861,0.05607342056505418,0.689277794311058,0.6524139122754802,0.25171119452417745,-16.000000000000007,-492.0,1.0,0.0,0.0,0.0,0.0,0.0,0.0,0.0,0.0,1.0,0.0,0.0,0.0,0.0,99f7e9aa,2019,1,50.7
22.0,902.0,27.7,72.5,77.7,17.4,84.5,51.3,61.1,56.2,1.95,0.1297117516629712,0.21951219512195125,4.090909090909091,2.494456762749446,8.880266075388027,6.4855875831485585,2.0953436807095343,4.988913525498892,1.5964523281596452,71.3,48.1,26.4,0.0,,,,,,,,,,,,,,0.0,1.0,0.0,0.0,0.0,1.0,0.0,0.0,0.0,0.0,0.0,0.0,0.0,0.0,9a28eba4,2019,1,52.0
23.0,2506.0,28.2,39.0,13.8,58.5,78.8,42.2,62.0,52.1,0.98,0.04668794892258579,0.03950518754988029,1.2928970470869912,3.9505187549880287,2.9090183559457303,0.8978451715881883,3.5913806863527533,0.6105347166799681,0.4668794892258579,84.00000000000001,56.1,73.3,1.0,-1.1000000000000014,0.8000000000000007,7.699999999999999,-2.8999999999999986,-1.5,-7.0,-0.003897531171091019,-0.02372666256721573,-0.1825127889785827,0.4640534847513509,0.5781534154095742,10.899999999999999,371.0,0.0,0.0,1.0,0.0,0.0,0.0,0.0,0.0,0.0,0.0,1.0,0.0,0.0,0.0,9b5ce51a,2019,0,
21.0,1460.0,61.3,55.9,75.3,28.3,48.6,48.3,55.7,52.0,1.1,0.036986301369863014,0.06164383561643836,1.6027397260273974,2.7739726027397262,5.054794520547945,1.7876712328767124,3.945205479452055,0.863013698630137,0.8013698630136987,84.1,54.5,42.7,1.0,-0.6000000000000014,-0.7000000000000028,-3.200000000000003,1.8999999999999915,-4.9999999999999964,3.1000000000000014,0.004612200650438554,-0.019291416182122788,0.17827929437272116,-0.41642850103478857,-0.2691928648861732,-38.599999999999994,-1320.0,1.0,0.0,0.0,0.0,1.0,0.0,0.0,0.0,0.0,0.0,0.0,0.0,0.0,0.0,9b6d9b53,2019,0,
23.0,1722.0,36.4,43.2,49.0,32.6,43.7,41.0,42.5,41.8,0.48,0.010452961672473868,0.05749128919860628,1.1498257839721255,3.2926829268292686,3.5017421602787455,0.31358885017421606,3.554006968641115,0.4181184668989547,0.5749128919860628,71.8,38.5,56.3,1.0,8.699999999999996,11.5,4.900000000000006,2.0,4.600000000000001,13.900000000000002,0.010452961672473868,0.03866283731576109,0.302545449244092,1.5247547125800007,-0.19058067149709146,25.099999999999998,766.0,1.0,0.0,0.0,0.0,1.0,0.0,0.0,0.0,0.0,0.0,0.0,0.0,0.0,0.0,9b88e120,2019,0,
23.0,2591.0,68.7,82.5,86.4,49.3,57.9,64.0,72.2,68.1,0.56,0.04862987263604786,0.13546893091470474,2.2578155152450794,5.522964106522578,6.009262832883057,0.9031262060980316,2.813585488228483,1.7715167888846006,1.0768043226553454,83.6,64.6,75.8,1.0,6.199999999999996,5.700000000000003,2.200000000000003,13.600000000000009,18.699999999999996,-3.0,0.003060252382883301,0.0898993106615402,-0.13458954804605971,-2.6489650152182085,0.8520780305732112,52.699999999999996,1801.0,1.0,0.0,0.0,0.0,1.0,0.0,0.0,0.0,0.0,0.0,0.0,0.0,0.0,0.0,9c94165b,2019,1,60.0
23.0,1909.0,27.4,49.5,39.3,51.5,76.4,48.6,50.4,49.5,0.53,0.04243059193294919,0.03300157150340492,2.3101100052383448,4.6673651126244105,3.724463069669984,0.9429020429544264,3.4887375589313776,0.2828706128863279,0.8014667365112624,80.6,63.29999999999999,62.4,0.0,,,,,,,,,,,,,,0.0,0.0,1.0,0.0,0.0,0.0,1.0,0.0,0.0,0.0,0.0,0.0,0.0,0.0,9ceb7642,2019,0,
20.0,1853.0,42.6,47.2,59.3,27.1,23.3,33.6,42.0,37.8,0.94,0.01457096600107933,0.08256880733944955,1.3113869400971399,2.8170534268753373,3.9341608202914196,0.9228278467350243,2.1856449001618996,0.5342687533729088,0.7285483000539665,69.9,58.6,54.2,0.0,,,,,,,,,,,,,,1.0,0.0,0.0,0.0,1.0,0.0,0.0,0.0,0.0,0.0,0.0,0.0,0.0,0.0,9dd5da03,2019,0,
20.0,3134.0,37.3,57.1,63.7,27.9,60.6,50.9,53.1,52.0,1.15,0.014358647096362476,0.0603063178047224,1.0912571793235482,3.4173580089342694,5.370134014039566,2.0102105934907466,6.748564135290364,0.9476707083599234,0.4020421186981493,75.1,49.3,91.6,1.0,3.200000000000003,-1.7000000000000028,7.5,14.0,-0.7000000000000028,-2.799999999999997,0.014358647096362476,0.031598183833430535,0.08647249032833293,0.6332919087764086,0.25946327209216413,73.3,2507.0,1.0,0.0,0.0,0.0,1.0,0.0,0.0,0.0,0.0,0.0,0.0,0.0,0.0,0.0,9e525177,2019,1,55.9
22.0,1429.0,32.3,11.6,30.1,48.3,52.2,39.9,46.1,43.0,1.01,0.01889433170048985,0.006298110566829951,0.44086773967809656,1.3855843247025892,1.5745276417074876,0.18894331700489853,2.7081875437368788,0.37788663400979705,0.06298110566829951,74.7,55.0,41.8,0.0,,,,,,,,,,,,,,1.0,0.0,0.0,0.0,0.0,0.0,0.0,0.0,0.0,0.0,0.0,1.0,0.0,0.0,a03c82b2,2019,0,
23.0,2418.0,51.2,44.3,52.2,27.9,64.2,46.6,48.1,47.4,0.05,0.09305210918114144,0.0967741935483871,2.1215880893300247,3.3870967741935485,4.875930521091811,0.8560794044665012,4.057071960297766,3.424317617866005,0.9305210918114144,76.5,33.8,70.7,1.0,-2.8999999999999986,-1.6999999999999957,0.0,-24.89999999999999,2.099999999999998,3.8000000000000043,0.0385066546356869,-0.03958944281524926,-0.7875028197608844,-0.30588766072637075,-0.5219941348973607,41.800000000000004,1428.0,0.0,0.0,1.0,1.0,0.0,0.0,0.0,0.0,0.0,0.0,0.0,0.0,0.0,0.0,a0666d3e,2019,1,47.0
21.0,1663.0,47.0,50.2,51.0,54.2,59.5,52.1,52.6,52.4,0.26,0.08117859290438965,0.11365003006614552,2.4894768490679495,5.141310883944678,3.8965724594107036,0.8659049909801564,3.030667468430547,0.5411906193625977,1.3529765484064942,82.5,38.1,48.6,1.0,9.0,9.899999999999999,19.500000000000004,11.899999999999999,3.4000000000000057,-9.0,0.04948845205931923,-0.023673913595826324,0.16553318709611853,2.3120654171571826,1.9722967994376361,23.700000000000003,811.0,0.0,0.0,1.0,0.0,0.0,0.0,1.0,0.0,0.0,0.0,0.0,0.0,0.0,0.0,a10361d2,2019,0,
22.0,2666.0,91.1,86.9,97.8,27.4,23.2,68.3,82.3,75.3,0.41,0.2700675168792198,0.313953488372093,5.0975243810952735,6.447861965491373,8.237059264816203,2.363090772693173,1.282820705176294,4.759939984996249,2.8019504876219052,77.5,41.3,87.1,1.0,10.299999999999997,8.799999999999997,18.900000000000006,9.200000000000003,6.599999999999998,-2.400000000000002,0.06886373356021724,0.0856645803755324,1.1508347852225307,1.7366293422022734,2.5398654048722844,11.099999999999994,340.0,0.0,0.0,1.0,1.0,0.0,0.0,0.0,0.0,0.0,0.0,0.0,0.0,0.0,0.0,a167537f,2019,1,68.45
20.0,2334.0,75.2,64.8,65.1,31.1,50.1,64.2,64.3,64.2,0.22,0.4125964010282776,0.1928020565552699,2.7377892030848328,2.390745501285347,4.627249357326478,1.7737789203084833,1.0025706940874035,6.285347043701799,1.3881748071979434,74.0,37.1,68.2,1.0,8.700000000000003,-14.0,13.5,3.1999999999999957,17.0,12.5,0.15446071432116232,0.0041644393462241525,0.4542812052911209,-1.5779354192868702,0.5043693291948892,15.200000000000003,521.0,0.0,1.0,0.0,0.0,0.0,1.0,0.0,0.0,0.0,0.0,0.0,0.0,0.0,0.0,a1d5bd30,2019,1,51.6
20.0,2336.0,70.0,27.4,29.5,57.3,71.4,54.8,62.6,58.7,1.23,0.07320205479452055,0.019263698630136987,0.5008561643835616,1.5796232876712328,1.8493150684931507,0.6164383561643836,3.8142123287671232,1.0787671232876712,0.11558219178082192,81.5,54.89999999999999,68.3,0.0,,,,,,,,,,,,,,1.0,0.0,0.0,0.0,0.0,0.0,0.0,0.0,0.0,0.0,0.0,1.0,0.0,0.0,a3d94a58,2019,1,63.2
23.0,1440.0,40.5,54.2,80.4,18.5,49.4,45.3,53.1,49.2,2.46,0.00625,0.15,1.9375,2.25,5.375,1.4375,5.1875,1.5625,1.1875,67.1,41.9,42.1,0.0,,,,,,,,,,,,,,1.0,0.0,0.0,0.0,1.0,0.0,0.0,0.0,0.0,0.0,0.0,0.0,0.0,0.0,a4b00319,2019,1,49.6
19.0,1267.0,71.5,76.2,24.7,50.4,70.3,62.0,65.1,63.6,0.21,0.09944751381215469,0.007103393843725336,0.4972375690607735,4.0489344909234415,4.901341752170482,0.7813733228097869,1.7758484609313339,0.994475138121547,0.1420678768745067,87.9,82.2,41.4,1.0,0.7000000000000028,-1.0999999999999943,5.799999999999997,-33.099999999999994,7.5,-0.10000000000000853,0.01725573299023689,-0.006595236293260967,-0.46166654052826767,0.6547664097047283,-0.6085997556519009,19.9,610.0,1.0,0.0,0.0,0.0,0.0,0.0,0.0,0.0,0.0,0.0,0.0,1.0,0.0,0.0,a4effc55,2019,1,63.3
20.0,1457.0,36.2,34.5,27.7,30.5,35.2,33.5,33.1,33.3,0.18,0.18531228551818804,0.09883321894303362,2.0384351407000687,0.8647906657515442,3.088538091969801,0.6794783802333562,1.2971859986273162,5.374056280027453,1.2971859986273162,71.9,21.7,42.6,1.0,-12.900000000000006,-29.599999999999994,13.7,-0.3000000000000007,-12.100000000000001,8.300000000000004,-0.28175358274528506,0.050929027326267154,0.48154891315515846,1.5915321039458488,0.026467312458130943,-1.2999999999999972,-46.0,0.0,1.0,0.0,0.0,0.0,1.0,0.0,0.0,0.0,0.0,0.0,0.0,0.0,0.0,a4fe8cda,2019,1,33.0
22.0,1877.0,56.0,60.7,38.6,70.1,59.4,60.1,60.8,60.4,0.42,0.03835908364411295,0.023974427277570595,0.6233351092168354,5.274374001065531,4.555141182738413,0.0,1.7261587639850826,0.8151305274374001,0.2876931273308471,84.7,63.2,61.3,1.0,14.399999999999999,16.700000000000003,12.400000000000006,5.899999999999999,11.999999999999993,21.0,0.024799761610214646,0.007025274735197713,0.08096222786090324,1.3009038946028193,1.5116621366587508,-25.5,-778.0,1.0,0.0,0.0,0.0,0.0,0.0,0.0,0.0,0.0,1.0,0.0,0.0,0.0,0.0,a5ae8f8e,2019,1,39.8
20.0,3061.0,79.2,81.9,72.3,47.6,25.6,64.3,68.9,66.6,0.13,0.19993466187520417,0.13819013394315582,3.263639333551127,5.615811826200588,7.909180006533812,1.9699444625939235,2.5873897419144067,3.5870630512904276,1.1760862463247304,87.0,24.2,89.5,1.0,-0.6000000000000085,-0.8999999999999915,4.900000000000006,3.799999999999997,0.0,-25.0,0.003880407867805913,-0.02827102511972948,-0.36151479715170876,0.9548026945732699,0.5110029482721048,18.400000000000006,628.0,0.0,0.0,1.0,0.0,0.0,0.0,0.0,0.0,1.0,0.0,0.0,0.0,0.0,0.0,a5db0bec,2019,1,69.0
20.0,1269.0,16.3,27.6,18.1,45.3,67.2,33.5,31.2,32.4,0.0,0.014184397163120569,0.014184397163120569,1.0638297872340425,2.198581560283688,3.404255319148936,1.2056737588652482,3.546099290780142,0.9219858156028369,0.425531914893617,81.0,52.2,37.1,0.0,,,,,,,,,,,,,,0.0,0.0,1.0,0.0,0.0,0.0,0.0,0.0,1.0,0.0,0.0,0.0,0.0,0.0,a6138e4a,2019,0,
21.0,2970.0,45.1,14.6,14.5,67.6,67.4,50.5,60.5,55.5,1.49,0.03636363636363636,0.006060606060606061,0.30303030303030304,1.9393939393939394,1.5454545454545454,0.12121212121212122,4.424242424242424,0.5757575757575758,0.06060606060606061,88.0,67.4,86.8,1.0,16.1,-15.899999999999999,-22.299999999999997,-14.600000000000001,23.099999999999994,30.400000000000006,-0.022459893048128343,-0.01158645276292335,-0.22638146167557932,-0.42513368983957234,-0.9429590017825311,-2.700000000000003,-90.0,1.0,0.0,0.0,0.0,0.0,0.0,0.0,0.0,0.0,0.0,0.0,1.0,0.0,0.0,a712ca2b,2019,1,42.3
20.0,1847.0,61.5,60.3,71.5,44.2,56.1,58.8,54.8,56.8,0.02,0.12181916621548457,0.1705468327016784,3.752030319436925,4.531672983216026,4.239306984298863,1.3643746616134271,3.0211153221440172,1.8516513264753656,1.8029236599891716,85.6,37.2,54.0,1.0,0.6999999999999957,26.5,2.8999999999999986,14.399999999999999,-16.0,-2.299999999999997,0.08234548200495825,0.11791525375430997,0.33097768785797754,-0.6291140683327159,-1.126221753626079,34.0,1163.0,0.0,0.0,1.0,0.0,0.0,0.0,0.0,0.0,0.0,0.0,1.0,0.0,0.0,0.0,a8a874f1,2019,1,62.6
22.0,986.0,50.4,23.9,22.5,23.3,25.0,27.6,26.3,27.0,0.07,0.09127789046653144,0.0821501014198783,1.460446247464503,1.460446247464503,3.103448275862069,0.821501014198783,1.9168356997971603,2.099391480730223,0.6389452332657201,65.3,42.9,28.8,1.0,-18.6,5.100000000000001,-25.5,-20.9,-16.599999999999998,-20.1,-0.20929462861743803,0.01344781134354242,-1.3305842868866422,-1.3622005790997629,0.0864004459377854,-32.5,-1110.0,0.0,0.0,1.0,0.0,0.0,0.0,0.0,0.0,1.0,0.0,0.0,0.0,0.0,0.0,aa1a8c7e,2019,0,
23.0,1868.0,50.1,45.1,26.9,67.7,67.8,58.3,64.2,61.2,0.99,0.03854389721627409,0.009635974304068522,0.5299785867237687,3.806209850107066,2.6980728051391862,0.04817987152034261,2.6498929336188435,0.7226980728051392,0.14453961456102782,83.9,74.5,61.0,1.0,11.700000000000003,-15.199999999999996,5.200000000000003,-1.1000000000000014,14.900000000000006,15.799999999999997,-0.0062524828742236485,-0.018870813026248216,0.20418673152014888,0.010289999709322206,0.3446713885686048,-11.200000000000003,-342.0,1.0,0.0,0.0,0.0,0.0,0.0,0.0,0.0,0.0,0.0,0.0,1.0,0.0,0.0,aad48be9,2019,1,54.6
20.0,1412.0,34.6,55.3,38.7,30.0,66.8,45.5,45.5,45.5,0.08,0.04461756373937677,0.08923512747875353,2.4220963172804533,4.8441926345609065,4.270538243626063,2.039660056657224,4.334277620396601,0.8286118980169972,1.0835694050991502,74.0,47.2,41.3,0.0,,,,,,,,,,,,,,0.0,0.0,1.0,0.0,0.0,0.0,1.0,0.0,0.0,0.0,0.0,0.0,0.0,0.0,aaf1bf05,2019,0,
19.0,2064.0,28.3,40.4,28.3,56.1,54.7,41.5,50.3,45.9,0.01,0.03488372093023256,0.07848837209302326,1.569767441860465,3.5755813953488373,4.3604651162790695,0.8284883720930233,2.311046511627907,0.7848837209302325,0.8284883720930233,85.6,53.1,67.5,1.0,-3.3000000000000043,-1.3000000000000007,6.399999999999999,4.5,1.3000000000000043,-17.200000000000003,-0.0387058130027192,-0.009819068626518851,0.02438722926847814,0.5338093517655782,0.04328376656715305,27.5,841.0,0.0,0.0,1.0,0.0,0.0,0.0,0.0,0.0,0.0,0.0,1.0,0.0,0.0,0.0,ab700320,2019,1,41.05
23.0,1199.0,37.3,12.7,20.6,43.7,48.5,29.5,29.0,29.2,0.41,0.09007506255212676,0.030025020850708923,1.5012510425354462,2.2518765638031693,1.8765638031693077,0.45037531276063386,2.0266889074228525,0.7506255212677231,0.5254378648874062,71.0,71.4,35.1,1.0,-0.40000000000000213,6.799999999999997,-8.0,15.400000000000002,-9.699999999999996,1.0,0.04614200815882132,-0.0013557322873663895,0.7481129672216387,0.3702876525416927,-0.9489602562805128,-6.799999999999997,-235.0,0.0,0.0,1.0,0.0,0.0,0.0,1.0,0.0,0.0,0.0,0.0,0.0,0.0,0.0,ac454a4f,2019,1,45.2
20.0,1225.0,65.8,73.4,84.0,24.4,60.8,56.8,65.4,61.1,1.18,0.02938775510204082,0.11755102040816327,1.836734693877551,5.436734693877551,5.583673469387755,1.616326530612245,3.453061224489796,0.9551020408163265,0.8081632653061225,71.2,55.8,40.0,1.0,-0.29999999999999716,5.399999999999999,-13.0,6.900000000000006,-4.0,7.399999999999999,-0.009308052852097477,0.030485452511352096,-0.35602775685695254,-0.7043953231597184,-0.8513340986699225,-41.599999999999994,-1566.0,1.0,0.0,0.0,0.0,1.0,0.0,0.0,0.0,0.0,0.0,0.0,0.0,0.0,0.0,ac73ec79,2019,1,59.35
19.0,1141.0,78.5,61.5,79.6,32.6,13.2,54.6,66.7,60.6,0.33,0.17353198948290974,0.30762489044697633,2.7607361963190185,2.8396143733567047,7.335670464504821,2.0508326029798423,1.9719544259421562,6.783523225241017,1.4198071866783524,80.1,10.0,33.4,0.0,,,,,,,,,,,,,,0.0,0.0,1.0,1.0,0.0,0.0,0.0,0.0,0.0,0.0,0.0,0.0,0.0,0.0,aeed5c06,2019,1,59.6
22.0,2005.0,38.2,56.5,40.3,61.7,38.1,47.9,51.8,49.8,1.05,0.017955112219451373,0.026932668329177057,0.6284289276807979,3.2319201995012468,6.553615960099751,0.26932668329177056,3.2768079800498753,0.26932668329177056,0.22443890274314213,92.7,53.7,58.6,1.0,-3.4000000000000057,-16.199999999999996,-6.600000000000001,13.199999999999996,-9.700000000000003,2.3999999999999986,-0.034046538626607226,0.019503861065454396,0.07126838290159854,-0.020878468294801777,0.26039729401218326,-12.199999999999996,-418.0,1.0,0.0,0.0,0.0,0.0,0.0,0.0,0.0,0.0,1.0,0.0,0.0,0.0,0.0,aef6e670,2019,1,54.55
21.0,1648.0,59.7,38.9,48.3,39.5,26.5,42.1,47.4,44.8,0.32,0.12560679611650485,0.10376213592233009,2.4575242718446604,2.5121359223300974,3.658980582524272,1.0922330097087378,2.3483009708737868,3.16747572815534,1.037621359223301,79.9,34.8,48.2,0.0,,,,,,,,,,,,,,0.0,0.0,1.0,1.0,0.0,0.0,0.0,0.0,0.0,0.0,0.0,0.0,0.0,0.0,af0c835b,2019,1,41.4
22.0,1232.0,71.0,54.9,54.1,23.2,28.3,46.8,48.9,47.8,0.88,0.1680194805194805,0.10227272727272727,2.62987012987013,3.2873376623376624,6.209415584415584,3.5064935064935066,1.8993506493506493,1.8262987012987013,0.8035714285714286,71.8,6.3,40.3,0.0,,,,,,,,,,,,,,0.0,0.0,1.0,0.0,0.0,0.0,0.0,0.0,1.0,0.0,0.0,0.0,0.0,0.0,b04ee927,2019,1,58.8
23.0,3137.0,44.7,77.1,67.7,40.5,45.5,52.8,59.7,56.2,0.84,0.028689831048772714,0.06598661141217724,1.606630538731272,4.274784826267134,6.483901817022633,1.3484220592923175,3.3280204016576347,2.00828817341409,0.7172457762193178,80.0,47.5,91.7,1.0,-4.399999999999999,-17.099999999999994,4.699999999999989,-22.700000000000003,-1.6000000000000014,0.10000000000000142,0.013257732283340614,-0.06055659846436598,-0.4921348933674934,0.5888400886275713,0.4784885299708379,6.400000000000006,221.0,1.0,0.0,0.0,0.0,1.0,0.0,0.0,0.0,0.0,0.0,0.0,0.0,0.0,0.0,b05e2dbd,2019,1,48.9
20.0,3034.0,50.5,83.4,74.5,17.4,50.5,58.6,66.4,62.5,1.07,0.2610415293342123,0.16611733684904417,3.707976268951879,3.4410019775873435,8.246539222148979,2.6400791034937376,1.4238628872775216,7.178642056690838,1.5128543177323666,68.6,27.5,88.7,1.0,0.6000000000000014,-27.900000000000006,20.800000000000004,-12.299999999999997,0.29999999999999716,22.5,0.05187818272066652,-0.022129675103147034,-0.26612731670549117,0.866061134499577,0.5724760811730012,0.5999999999999943,22.0,0.0,1.0,0.0,0.0,0.0,1.0,0.0,0.0,0.0,0.0,0.0,0.0,0.0,0.0,b0f7e36c,2019,1,67.8
21.0,1661.0,55.6,92.1,96.8,44.5,46.7,69.1,77.2,73.2,1.21,0.20590006020469595,0.2655027092113185,4.605659241420831,3.7928958458759783,11.378687537627934,4.822396146899458,1.1920529801324504,7.152317880794702,2.4924744130042145,77.6,40.0,48.6,1.0,7.0,-34.9,11.799999999999997,-1.2000000000000028,19.8,39.800000000000004,0.0015757358803716315,-0.09449729078868147,-0.25920562344403386,1.5516605106009074,-0.5854825325023998,21.6,736.0,0.0,1.0,0.0,0.0,0.0,1.0,0.0,0.0,0.0,0.0,0.0,0.0,0.0,0.0,b19db005,2019,1,71.6
22.0,3004.0,79.3,58.6,62.4,26.4,32.9,52.2,61.4,56.8,0.08,0.2276964047936085,0.1587882822902796,2.8162450066577893,3.4154460719041277,6.081890812250332,1.348202396804261,1.5878828229027961,3.325565912117177,1.2882822902796272,78.6,45.5,87.8,1.0,-2.4000000000000057,34.199999999999996,-9.999999999999993,-18.199999999999996,-5.700000000000003,-18.0,0.024741505882255488,-0.14564406607674987,-0.5080162686143721,-0.88156175384609,0.5810759319352319,12.599999999999994,432.0,0.0,0.0,1.0,1.0,0.0,0.0,0.0,0.0,0.0,0.0,0.0,0.0,0.0,0.0,b2bd0f6c,2019,1,56.900000000000006
23.0,1817.0,73.4,40.0,40.1,10.3,32.6,38.0,38.2,38.1,0.14,0.20308200330214637,0.19317556411667583,2.7242707760044027,1.287837094111172,4.953219592735278,1.8822234452394055,2.67473858007705,3.9625756741882223,0.7925151348376445,54.7,25.0,53.1,0.0,,,,,,,,,,,,,,0.0,0.0,1.0,0.0,0.0,0.0,0.0,0.0,1.0,0.0,0.0,0.0,0.0,0.0,b30c7426,2019,0,
21.0,1729.0,58.4,36.8,26.5,22.2,52.1,37.4,36.3,36.8,1.0,0.15615962984384035,0.12492770387507228,1.7177559282822439,2.706766917293233,3.7478311162521685,1.8218623481781375,3.643724696356275,2.186234817813765,0.728744939271255,72.1,58.3,56.5,1.0,-5.600000000000001,10.100000000000001,-2.8000000000000043,-7.5,-14.400000000000002,-14.899999999999999,0.06631817359017035,0.06151020534306993,-0.6604002666678443,-0.7442416964313319,0.17006697601313858,0.7999999999999972,26.0,0.0,0.0,1.0,0.0,0.0,0.0,0.0,0.0,1.0,0.0,0.0,0.0,0.0,0.0,b3325a30,2019,1,38.4
23.0,2771.0,85.3,78.8,94.4,38.8,54.7,78.1,79.9,79.0,0.86,0.44496571634788884,0.3118007939372068,4.352219415373511,3.312883435582822,8.83435582822086,2.565860700108264,1.7538794658967882,9.48394081559004,1.9812342114760015,82.9,31.3,81.0,1.0,-1.7999999999999972,-3.0,-2.4000000000000057,1.4000000000000057,-10.0,3.700000000000003,-0.08731105210978418,0.05783867565348044,-0.031236324866148912,1.2154922797090695,0.49494760257161197,5.400000000000006,184.0,0.0,1.0,0.0,0.0,0.0,1.0,0.0,0.0,0.0,0.0,0.0,0.0,0.0,0.0,b400bde0,2019,1,72.95
21.0,1209.0,52.8,38.1,41.3,40.8,81.7,57.3,65.4,61.4,1.47,0.02977667493796526,0.022332506203473945,0.8188585607940446,2.903225806451613,2.3076923076923075,0.8933002481389578,4.094292803970223,0.6699751861042184,0.22332506203473945,82.4776119402985,54.86119402985074,30.45930521091812,0.0,,,,,,,,,,,,,,1.0,0.0,0.0,0.0,0.0,0.0,0.0,0.0,0.0,0.0,0.0,1.0,0.0,0.0,b5bf1770,2019,1,52.45
21.0,1036.0,92.4,71.8,77.5,40.6,41.7,75.1,77.9,76.5,0.25,0.9121621621621622,0.1998069498069498,4.1698841698841695,1.9980694980694982,5.038610038610039,1.9111969111969112,1.2162162162162162,8.947876447876448,1.9111969111969112,82.0,30.4,30.3,1.0,4.099999999999994,9.300000000000011,10.799999999999997,7.599999999999994,-22.5,-11.0,0.25388878086719824,0.0864975972889642,1.2562151051359685,1.7472431321352193,0.21749395850115305,-18.499999999999996,-632.0,0.0,1.0,0.0,0.0,0.0,0.0,0.0,1.0,0.0,0.0,0.0,0.0,0.0,0.0,b66315ae,2019,1,68.75
21.0,1117.0,57.9,23.8,54.5,49.6,45.0,43.5,44.6,44.0,0.23,0.09668755595344673,0.08863025962399285,0.8863025962399284,2.0143240823634736,1.369740376007162,0.3222918531781558,2.658907788719785,0.8057296329453895,0.7251566696508505,76.4,47.1,32.7,0.0,,,,,,,,,,,,,,1.0,0.0,0.0,0.0,0.0,0.0,0.0,0.0,0.0,0.0,0.0,1.0,0.0,0.0,b66d1d8a,2019,1,49.7
23.0,1928.0,18.9,39.2,15.3,65.6,57.6,39.4,52.8,46.1,0.64,0.023340248962655602,0.028008298755186723,1.4004149377593362,4.2012448132780085,3.407676348547718,0.8402489626556017,4.014522821576763,0.37344398340248963,0.7002074688796681,87.2,43.3,56.4,1.0,1.8999999999999986,-2.0,-6.0,-11.3,-0.8000000000000114,15.5,0.005898388497539323,-0.0068754221750458346,-0.34377110875229167,-0.5167422561034445,-0.5080575123033872,26.2,896.0,0.0,0.0,1.0,0.0,0.0,0.0,0.0,0.0,0.0,0.0,1.0,0.0,0.0,0.0,b6dac747,2019,0,
22.0,1972.0,59.3,69.9,66.5,49.7,49.8,60.6,60.5,60.6,0.59,0.08671399594320486,0.255578093306288,4.1075050709939145,4.47261663286004,6.800202839756592,1.3691683569979716,2.9665314401622718,1.2778904665314401,2.0537525354969572,84.2,41.4,57.7,1.0,4.200000000000003,0.3999999999999986,8.900000000000006,0.4000000000000057,6.100000000000001,-0.10000000000000142,-0.05161453431616114,0.15183169561176352,0.7357471459218683,1.9587042806787824,-1.2334352403388067,27.300000000000004,931.0,0.0,0.0,1.0,0.0,0.0,0.0,1.0,0.0,0.0,0.0,0.0,0.0,0.0,0.0,b70bde8f,2019,1,51.6
22.0,2949.0,74.9,60.9,71.9,24.3,37.3,44.1,54.8,49.4,1.43,0.08850457782299084,0.07934893184130214,1.9837232960325535,3.1739572736520856,5.55442522889115,1.3123092573753816,2.868769074262462,1.7090539165818923,1.190233977619532,75.3,49.3,86.2,1.0,2.0,7.900000000000006,5.199999999999996,9.400000000000006,7.699999999999999,-10.100000000000001,0.026292596256170565,0.020593171472638547,0.18648827299107884,2.1327662427160345,0.3744181031451732,10.100000000000009,345.0,1.0,0.0,0.0,0.0,1.0,0.0,0.0,0.0,0.0,0.0,0.0,0.0,0.0,0.0,b7a5bc86,2019,1,46.2
20.0,910.0,43.4,26.7,26.2,62.8,56.1,48.3,53.8,51.0,0.01,0.039560439560439566,0.0,0.4945054945054945,3.2637362637362637,2.175824175824176,0.6923076923076923,3.3626373626373627,0.19780219780219782,0.09890109890109891,87.4,87.0,26.6,0.0,,,,,,,,,,,,,,1.0,0.0,0.0,0.0,0.0,0.0,0.0,0.0,0.0,0.0,0.0,1.0,0.0,0.0,b871bf55,2019,0,
19.0,1706.0,78.0,61.6,62.3,18.1,23.5,49.8,60.5,55.2,0.23,0.27432590855803046,0.07913247362250879,3.007033997655334,3.007033997655334,7.754982415005862,3.1125439624853457,1.52989449003517,6.805392731535756,1.2133645955451349,71.7,42.5,49.9,0.0,,,,,,,,,,,,,,0.0,0.0,1.0,1.0,0.0,0.0,0.0,0.0,0.0,0.0,0.0,0.0,0.0,0.0,b8a642fc,2019,1,58.599999999999994
20.0,1281.0,81.6,68.5,73.8,8.3,29.7,53.7,58.0,55.8,0.44,0.18266978922716628,0.3372365339578454,4.49648711943794,3.2318501170960188,6.8149882903981265,4.49648711943794,2.529274004683841,4.355971896955504,2.107728337236534,65.2,41.5,37.5,0.0,,,,,,,,,,,,,,0.0,0.0,1.0,0.0,0.0,0.0,0.0,0.0,1.0,0.0,0.0,0.0,0.0,0.0,b8d22478,2019,1,44.0
20.0,2880.0,41.3,41.6,38.9,41.2,46.2,43.0,41.7,42.4,0.52,0.01875,0.025,0.78125,2.6875,4.21875,0.8125,3.125,0.53125,0.25,79.0,52.2,84.2,1.0,5.0,-13.300000000000004,10.5,-10.800000000000004,2.6000000000000014,15.800000000000004,-0.021199270767279645,-0.00638871274571972,0.010799778059606857,1.3366954660748256,0.5758956880152186,-8.0,-274.0,1.0,0.0,0.0,0.0,1.0,0.0,0.0,0.0,0.0,0.0,0.0,0.0,0.0,0.0,bcc81786,2019,1,44.3
20.0,2467.0,34.2,68.8,28.7,43.2,84.0,52.7,66.2,59.4,0.7,0.08390758005674909,0.0620186461289015,1.4227807053100932,6.967977300364815,4.779083907580056,2.0064856100526955,4.596676124847994,1.1674098094852048,0.6931495743818403,79.59999999999998,56.4,72.1,1.0,1.1999999999999957,-5.399999999999999,8.899999999999999,-26.000000000000004,4.700000000000003,6.5,0.027232517084456898,-0.017326442032307557,-1.2409472543876399,-0.03829644506477958,1.6971964439416416,25.699999999999996,879.0,0.0,0.0,1.0,0.0,0.0,0.0,0.0,0.0,0.0,0.0,1.0,0.0,0.0,0.0,bced0375,2019,0,
22.0,2937.0,56.0,68.0,38.4,66.3,62.6,61.8,62.8,62.3,0.61,0.03370786516853933,0.018386108273748723,0.6435137895812053,4.228804902962207,6.067415730337078,0.4290091930541369,2.4514811031664965,0.7660878447395302,0.24514811031664965,89.7,77.6,96.0,1.0,6.399999999999999,14.100000000000001,5.299999999999997,-2.5,16.599999999999994,0.0,0.01516645602144415,-0.02982155550869875,-0.17230821289098264,2.729962083859946,0.1867777088954572,16.700000000000003,510.0,1.0,0.0,0.0,0.0,0.0,0.0,0.0,0.0,0.0,1.0,0.0,0.0,0.0,0.0,bd142efb,2019,1,61.7
22.0,1620.0,38.3,32.5,20.7,62.7,62.0,51.0,57.7,54.4,0.61,0.016666666666666666,0.011111111111111112,0.2777777777777778,2.2222222222222223,2.0555555555555554,0.2222222222222222,2.7777777777777777,0.6666666666666666,0.1111111111111111,82.9,65.8,52.9,1.0,-7.399999999999999,2.6999999999999957,-12.5,-12.900000000000002,5.0,-12.400000000000006,-0.0005747126436781609,0.0007662835249042151,-0.13601532567049807,-0.8409961685823757,-1.2950191570881224,-32.4,-990.0,1.0,0.0,0.0,0.0,0.0,0.0,0.0,0.0,0.0,0.0,0.0,1.0,0.0,0.0,bd7d2e6d,2019,1,61.4
21.0,1064.0,67.2,42.1,23.8,72.8,75.8,62.7,70.4,66.6,0.99,0.09304511278195489,0.042293233082706765,0.42293233082706766,2.87593984962406,2.0300751879699246,0.3383458646616541,2.7913533834586466,1.268796992481203,0.2537593984962406,87.6,66.1,31.1,1.0,9.399999999999991,7.5,-9.5,2.1999999999999993,14.899999999999999,2.5,-0.004880762770578265,0.02699231502762346,-0.005493374715264898,-1.2443212758179025,-0.49026212249426715,-54.9,-1877.0,1.0,0.0,0.0,0.0,0.0,0.0,0.0,0.0,0.0,0.0,0.0,1.0,0.0,0.0,be170419,2019,1,56.5
21.0,1281.0,97.8,52.8,86.4,12.6,22.2,53.7,70.9,62.3,1.02,0.5199063231850117,0.28805620608899296,3.864168618266979,2.177985948477752,6.042154566744731,2.037470725995316,1.6159250585480094,6.39344262295082,1.8266978922716628,71.8,35.5,37.5,1.0,0.5,11.5,-8.100000000000001,3.8000000000000114,-9.299999999999999,4.800000000000001,0.3076421722416155,0.11824488533427599,0.39718748619150723,-1.9531284521231935,-0.9352215986920593,0.29999999999999716,9.0,0.0,0.0,1.0,1.0,0.0,0.0,0.0,0.0,0.0,0.0,0.0,0.0,0.0,0.0,beb391dd,2019,1,51.6
21.0,3052.0,55.8,58.9,58.4,44.4,68.0,56.8,59.7,58.2,0.13,0.06192660550458716,0.13564875491480996,2.5655307994757535,4.68872870249017,6.517038007863696,0.5897771952817824,2.919397116644823,1.9757536041939712,1.4154652686762779,79.5,47.1,99.7,1.0,8.100000000000001,-3.700000000000003,12.299999999999997,25.4,11.699999999999996,-0.29999999999999716,-0.10189211663508595,0.06544073114066434,0.7936140089854118,2.4048537582351672,1.1783275137828895,11.700000000000003,360.0,0.0,0.0,1.0,0.0,0.0,0.0,0.0,0.0,0.0,0.0,1.0,0.0,0.0,0.0,beb882a8,2019,1,51.0
20.0,3008.0,69.1,51.3,35.0,49.5,65.6,55.8,59.6,57.7,0.36,0.08078457446808511,0.005984042553191489,0.7180851063829787,3.829787234042553,3.0817819148936167,0.3291223404255319,2.872340425531915,0.807845744680851,0.14960106382978722,80.3,63.1,88.0,1.0,-3.0999999999999943,16.599999999999994,3.0,1.0,-7.600000000000001,-4.700000000000003,0.030545340018324346,-0.0011929909396314773,-0.0713885778275476,0.6415905273338081,0.1695001527028399,51.3,1754.0,1.0,0.0,0.0,0.0,0.0,0.0,0.0,0.0,0.0,0.0,0.0,1.0,0.0,0.0,bee704fc,2019,1,60.9
23.0,1508.0,47.7,54.3,57.6,21.3,38.3,39.6,46.3,43.0,2.07,0.02387267904509284,0.07758620689655173,1.4323607427055702,2.9244031830238724,4.416445623342175,1.3726790450928381,2.9840848806366047,1.312997347480106,0.8355437665782492,60.3,52.4,44.1,0.0,,,,,,,,,,,,,,1.0,0.0,0.0,0.0,1.0,0.0,0.0,0.0,0.0,0.0,0.0,0.0,0.0,0.0,bfcef334,2019,0,
20.0,2788.0,79.1,62.2,79.3,17.5,22.4,53.2,56.6,54.9,0.57,0.1678622668579627,0.19691535150645623,3.3249641319942613,3.0667144906743187,7.812051649928264,2.259684361549498,1.48493543758967,5.197274031563845,1.2589670014347203,74.3,36.6,81.5,1.0,9.600000000000001,1.3999999999999915,10.0,27.0,-0.8999999999999986,3.599999999999998,-0.06464580633902328,0.06128564214154775,0.7092483085281689,1.9993498200036148,1.5166606693610787,27.200000000000003,930.0,0.0,0.0,1.0,0.0,0.0,0.0,0.0,0.0,1.0,0.0,0.0,0.0,0.0,0.0,bfdb33aa,2019,1,42.6
23.0,2854.0,41.7,26.4,27.0,58.9,50.0,44.8,49.2,47.0,0.89,0.028381219341275403,0.022074281709880867,0.5360896986685354,1.9236159775753328,2.1443587946741416,0.4099509460406447,2.6173791170287317,0.8199018920812894,0.189208128941836,82.0,48.5,83.5,1.0,7.799999999999997,1.3000000000000043,9.7,13.9,4.5,8.600000000000001,0.009523178482186874,-0.0014982693639797907,0.15892888148676487,0.9657312409811087,0.3206825045528079,27.700000000000003,945.0,1.0,0.0,0.0,0.0,0.0,0.0,0.0,0.0,0.0,0.0,0.0,1.0,0.0,0.0,c00097d2,2019,1,49.2
21.0,1248.0,60.2,76.5,66.5,52.1,46.2,62.6,66.2,64.4,0.29,0.1658653846153846,0.08653846153846154,3.605769230769231,4.471153846153846,8.509615384615385,1.5144230769230769,3.4615384615384612,2.668269230769231,1.8028846153846154,92.2,30.8,36.5,0.0,,,,,,,,,,,,,,0.0,0.0,1.0,0.0,0.0,0.0,0.0,0.0,1.0,0.0,0.0,0.0,0.0,0.0,c0617e2b,2019,1,63.5
22.0,1992.0,76.9,88.1,95.1,58.1,50.8,76.2,82.0,79.1,0.03,0.14006024096385544,0.1852409638554217,5.331325301204819,7.86144578313253,9.397590361445783,1.8524096385542168,3.0271084337349397,3.4789156626506026,2.8012048192771086,89.0,37.0,58.2,1.0,15.899999999999991,25.200000000000003,12.5,30.19999999999999,7.100000000000001,-15.0,0.08590454333316722,0.11077687961322537,2.4204565535553266,1.7819453821302504,2.615112575159608,-19.5,-667.0,0.0,0.0,1.0,1.0,0.0,0.0,0.0,0.0,0.0,0.0,0.0,0.0,0.0,0.0,c0c7ff58,2019,1,66.4
23.0,2925.0,52.6,48.0,23.9,38.3,82.2,47.0,61.7,54.4,0.9,0.12615384615384614,0.04,1.323076923076923,3.2615384615384615,3.5692307692307694,1.6,3.4153846153846152,2.3692307692307693,0.46153846153846156,77.0,59.7,85.5,1.0,-5.399999999999999,10.399999999999999,-8.899999999999999,-12.5,-14.400000000000006,1.2000000000000028,0.04913324393514566,-0.03987321711568937,-0.2743874192368645,-0.7382177252224795,-1.6734853102523468,-6.799999999999997,-230.0,0.0,0.0,1.0,0.0,0.0,0.0,0.0,0.0,0.0,0.0,1.0,0.0,0.0,0.0,c14bc029,2019,1,56.8
21.0,2130.0,65.9,69.0,80.6,34.1,69.4,66.6,67.0,66.8,0.72,0.3507042253521127,0.21971830985915491,3.253521126760563,2.9577464788732395,4.140845070422535,1.9859154929577463,2.2394366197183095,5.323943661971831,1.5211267605633803,80.6,34.7,69.6,0.0,,,,,,,,,,,,,,0.0,1.0,0.0,0.0,0.0,0.0,0.0,0.0,0.0,0.0,0.0,0.0,1.0,0.0,c17bfb65,2019,1,47.900000000000006
21.0,1874.0,45.8,51.6,44.0,22.7,66.9,45.7,51.3,48.5,0.59,0.12006403415154748,0.1008537886872999,2.0170757737459977,4.418356456776948,4.226254002134471,1.584845250800427,4.994663820704376,2.497331910352188,0.9605122732123799,72.4,43.2,61.2,1.0,-6.399999999999999,-0.4000000000000057,-18.1,-27.099999999999994,-13.500000000000004,19.200000000000003,0.10660105733778533,-0.013581514229678404,0.6034632083009714,-0.4857878826822821,-1.3707235731407783,17.5,537.0,0.0,0.0,1.0,0.0,0.0,0.0,0.0,0.0,0.0,0.0,1.0,0.0,0.0,0.0,c1b7847c,2019,1,59.4
23.0,3090.0,25.7,37.9,38.4,61.7,82.4,47.6,65.5,56.6,0.71,0.034951456310679606,0.034951456310679606,2.0679611650485437,3.611650485436893,3.29126213592233,1.1067961165048543,4.194174757281553,0.9029126213592232,0.7572815533980582,86.8,62.1,90.4,1.0,11.200000000000003,-10.8,1.0,6.5,3.8000000000000043,12.5,-0.03293965552926791,-0.006373568287549314,-0.0573258142889439,-0.07377558136202556,0.03998764516139319,1.2000000000000028,41.0,0.0,0.0,1.0,0.0,0.0,0.0,0.0,0.0,0.0,0.0,1.0,0.0,0.0,0.0,c2211709,2019,1,57.45
22.0,1117.0,59.7,48.5,38.8,50.0,52.0,49.9,48.1,49.0,0.0,0.06445837063563116,0.06445837063563116,0.6445837063563116,2.658907788719785,3.706356311548791,0.5640107430617726,3.222918531781558,1.2891674127126231,0.2417188898836168,81.8,54.2,32.7,1.0,1.0,14.5,7.600000000000001,-7.400000000000006,7.5,-8.5,0.038938521864364625,0.05169844624999789,-0.03594559421079613,0.3462428899986971,0.6598529683039063,-29.199999999999996,-999.0,1.0,0.0,0.0,0.0,1.0,0.0,0.0,0.0,0.0,0.0,0.0,0.0,0.0,0.0,c3ee18ef,2019,1,67.75
22.0,2009.0,20.8,56.1,34.4,62.4,49.3,46.7,49.5,48.1,0.03,0.026879044300647085,0.053758088601294184,2.0607267297162766,5.555002488800398,3.987058237929318,1.6127426580388253,3.1358885017421603,0.08959681433549029,0.940766550522648,86.76636771300447,33.08520179372198,29.5363862618218,1.0,1.8000000000000043,0.40000000000000213,-8.300000000000004,11.599999999999998,6.299999999999997,0.6999999999999957,-0.0038977021575844727,0.022981342143062626,-0.1376123030145493,-1.0691215373515814,-0.11671221564513168,-30.3636137381782,-38.0,0.0,0.0,1.0,0.0,0.0,0.0,1.0,0.0,0.0,0.0,0.0,0.0,0.0,0.0,c46fa34c,2019,0,
22.0,2117.0,78.6,75.2,83.0,33.6,23.1,61.1,71.8,66.4,0.35,0.25507794048181387,0.11053377420878602,3.783656117146906,4.59140292867265,7.779877184695324,3.230987246102976,1.9555975436939064,5.8667926310817196,1.1903637222484649,80.5,37.8,61.9,1.0,-5.199999999999989,12.5,-2.799999999999997,7.799999999999997,-24.299999999999997,-50.6,-0.09562258491223169,0.0041414799881205056,0.3948645234516346,-0.5738881392976714,1.3208249952225626,-4.899999999999999,-167.0,0.0,0.0,1.0,1.0,0.0,0.0,0.0,0.0,0.0,0.0,0.0,0.0,0.0,0.0,c47541e0,2019,1,53.8
21.0,1990.0,16.0,23.2,11.2,53.2,75.2,33.5,55.8,44.6,1.62,0.018090452261306535,0.013567839195979899,1.085427135678392,3.527638190954774,1.763819095477387,0.22613065326633167,4.386934673366834,0.3165829145728643,0.40703517587939697,82.0,40.7,58.2,1.0,3.6000000000000014,-20.1,-4.400000000000002,-3.700000000000001,6.600000000000001,17.300000000000004,-0.020085581672945853,-0.05324022018896177,-0.012133839931364188,-0.9085032799202801,0.7598757307214759,3.1000000000000014,104.0,0.0,0.0,1.0,0.0,0.0,0.0,0.0,0.0,0.0,0.0,1.0,0.0,0.0,0.0,c69ef855,2019,0,
21.0,989.0,53.4,45.5,67.8,50.8,52.8,53.3,52.3,52.8,0.15,0.1365015166835187,0.06370070778564206,3.0030333670374114,2.2750252780586453,5.6420626895854395,1.1830131445904954,3.0030333670374114,1.456016177957533,1.365015166835187,84.6,28.1,28.9,1.0,17.099999999999994,28.599999999999998,17.4,41.0,-7.800000000000004,1.2999999999999972,0.1365015166835187,-0.08116850750610845,1.6448844736772503,2.8352216433077735,-0.712902287333709,-0.20000000000000284,-5.0,0.0,0.0,1.0,0.0,0.0,0.0,0.0,0.0,1.0,0.0,0.0,0.0,0.0,0.0,c6e8cf1f,2019,1,49.55
21.0,2918.0,38.5,18.6,30.5,56.4,64.2,38.4,52.4,45.4,0.24,0.05243317340644276,0.06477039067854695,1.7580534612748457,2.5599725839616174,1.572995202193283,0.2467443454420836,3.2076764907470867,1.1103495544893762,0.8636052090472927,81.1,45.8,85.3,1.0,-3.6000000000000014,5.799999999999997,-4.599999999999998,2.8999999999999986,4.0,-13.700000000000003,-0.00034460437133501665,0.020325946234102506,0.3136090168304013,-0.45478257558449475,-0.8566940827050491,-9.400000000000006,-322.0,0.0,0.0,1.0,0.0,0.0,0.0,0.0,0.0,0.0,0.0,1.0,0.0,0.0,0.0,c7259b83,2019,1,51.05
20.0,1384.0,30.6,60.1,70.6,13.4,32.6,37.0,47.3,42.2,1.34,0.006502890173410405,0.08453757225433527,1.9508670520231213,3.7066473988439306,6.177745664739884,0.9754335260115606,2.601156069364162,0.9754335260115606,1.1705202312138727,70.5,36.4,40.5,0.0,,,,,,,,,,,,,,1.0,0.0,0.0,0.0,1.0,0.0,0.0,0.0,0.0,0.0,0.0,0.0,0.0,0.0,c77be0cf,2019,1,40.2
22.0,1770.0,27.4,32.2,28.3,48.9,52.6,37.1,46.2,41.7,0.02,0.06101694915254237,0.05084745762711864,2.23728813559322,3.9152542372881354,2.847457627118644,0.6101694915254237,2.389830508474576,1.3220338983050848,0.8644067796610169,77.5,50.0,51.8,0.0,,,,,,,,,,,,,,0.0,0.0,1.0,0.0,0.0,0.0,0.0,0.0,0.0,0.0,1.0,0.0,0.0,0.0,c8090cb3,2019,0,
21.0,941.0,39.0,39.8,67.0,38.0,40.8,44.8,48.9,46.8,0.38,0.20085015940488843,0.153028692879915,2.3910733262486716,1.7215727948990436,2.3910733262486716,1.0520722635494155,0.8607863974495218,3.634431455897981,1.2433581296493093,76.0,28.800000000000004,27.5,1.0,-21.10000000000001,-35.8,-17.800000000000004,-11.900000000000006,-10.600000000000001,-15.900000000000006,-0.24372815384812363,-0.0963688974815308,-0.6450712520645818,-1.6209748665224128,-0.9892705785949327,3.1999999999999993,111.0,0.0,1.0,0.0,0.0,0.0,0.0,0.0,0.0,0.0,0.0,0.0,0.0,1.0,0.0,c92e1a31,2019,1,59.95
23.0,1081.0,47.3,16.1,3.7,35.7,77.2,31.4,52.5,42.0,1.22,0.22479185938945423,0.008325624421831638,0.49953746530989823,1.2488436632747457,2.5809435707678077,0.24976873265494912,3.080481036077706,1.2488436632747457,0.24976873265494912,76.3,44.0,31.6,0.0,,,,,,,,,,,,,,0.0,0.0,1.0,0.0,0.0,0.0,0.0,0.0,0.0,0.0,1.0,0.0,0.0,0.0,c93231dc,2019,0,
23.0,1859.0,38.8,17.1,39.7,39.9,79.4,38.8,56.2,47.5,1.13,0.04357181280258204,0.11135018827326519,1.9365250134480905,2.275416890801506,1.5492200107584724,0.5325443786982249,5.228617536309844,1.1619150080688543,1.0166756320602475,80.0,50.60000000000001,54.4,1.0,-0.5,-1.0,-2.8999999999999986,4.900000000000006,-3.8000000000000043,1.4000000000000057,-0.0219303706035315,0.07204887822959707,0.23346824488913853,0.30467852604231527,-0.017159528412467484,14.199999999999996,485.0,0.0,0.0,1.0,0.0,0.0,0.0,0.0,0.0,0.0,0.0,1.0,0.0,0.0,0.0,c951a6df,2019,1,41.85
21.0,2349.0,81.3,52.5,76.4,26.9,41.6,54.8,65.2,60.0,0.59,0.18007662835249041,0.15708812260536395,3.065134099616858,3.4099616858237547,4.942528735632184,1.379310344827586,2.796934865900383,2.9885057471264367,1.6475095785440612,75.0,33.3,68.7,1.0,8.799999999999997,9.799999999999997,-1.0,16.60000000000001,6.5,18.0,0.018684223289199275,-0.004304282457927189,0.5018429603763517,-0.3739269605703477,-0.3875066686066253,41.0,1401.0,0.0,0.0,1.0,1.0,0.0,0.0,0.0,0.0,0.0,0.0,0.0,0.0,0.0,0.0,c9e39d91,2019,1,52.1
22.0,2003.0,82.5,51.4,59.2,35.4,53.3,50.5,54.4,52.4,0.73,0.08986520219670494,0.08986520219670494,1.527708437343984,3.504742885671493,3.9091362955566646,0.49425861208187716,3.325012481278083,1.617573639540689,0.8537194208686969,74.7,54.50000000000001,65.5,1.0,2.1999999999999957,21.799999999999997,0.8999999999999986,3.1000000000000014,-10.600000000000001,6.799999999999997,0.05287890082684192,0.02411177753917068,0.33592761542617566,-0.11826096471730807,-0.0705995800819319,-6.099999999999994,-187.0,1.0,0.0,0.0,0.0,1.0,0.0,0.0,0.0,0.0,0.0,0.0,0.0,0.0,0.0,ca8033cb,2019,1,56.55
23.0,2836.0,60.3,47.2,49.8,26.6,33.6,43.5,44.6,44.0,0.03,0.11424541607898449,0.12059238363892806,2.2214386459802538,3.0782792665726375,5.2679830747531735,1.491537376586742,2.8878702397743297,1.2693935119887165,0.8568406205923836,73.8,18.2,82.9,1.0,-4.100000000000001,-7.0,-6.0,-15.100000000000009,-0.6999999999999993,2.6000000000000014,-0.06233686240202817,0.04654175072753566,-1.1962828730070876,0.3122868722215282,-0.5103283283640709,36.7,1256.0,0.0,0.0,1.0,0.0,0.0,0.0,0.0,0.0,1.0,0.0,0.0,0.0,0.0,0.0,cac2537b,2019,1,54.2
18.0,2411.0,44.5,40.0,43.9,56.2,55.8,51.0,48.6,49.8,0.01,0.03732890916632103,0.018664454583160513,1.119867274989631,2.575694732476151,2.1650767316466197,0.4106180008295313,3.2102861883036087,0.6345914558274575,0.2986312733305682,85.6,61.1,70.5,0.0,,,,,,,,,,,,,,1.0,0.0,0.0,0.0,0.0,0.0,0.0,0.0,0.0,1.0,0.0,0.0,0.0,0.0,cc77354e,2019,1,58.650000000000006
23.0,2023.0,83.5,52.6,43.9,60.8,39.5,55.2,59.4,57.3,0.23,0.2802768166089965,0.11122095897182402,1.9130004943153731,3.4700939199209095,4.671280276816609,0.800790904597133,2.179930795847751,3.203163618388532,0.6673257538309442,87.4,41.5,66.1,1.0,8.299999999999997,18.099999999999994,7.399999999999999,5.600000000000001,19.0,-20.6,0.11680557543846168,0.06581228086889768,-0.039572664110459455,-0.005813567784803908,0.2914864527160659,1.2999999999999972,41.0,0.0,0.0,1.0,1.0,0.0,0.0,0.0,0.0,0.0,0.0,0.0,0.0,0.0,0.0,cc86b9a3,2019,1,73.4
22.0,1516.0,32.1,35.5,26.2,66.4,37.3,42.9,44.0,43.4,0.06,0.01187335092348285,0.01187335092348285,0.2968337730870712,2.0184696569920844,2.7902374670184695,0.11873350923482849,1.9591029023746702,0.23746701846965698,0.17810026385224273,86.4,60.9,44.3,0.0,,,,,,,,,,,,,,1.0,0.0,0.0,0.0,0.0,0.0,0.0,0.0,0.0,1.0,0.0,0.0,0.0,0.0,cce9f582,2019,1,56.7
19.0,2462.0,78.5,85.7,97.7,29.5,32.1,51.1,68.8,60.0,0.49,0.05848903330625509,0.23030056864337936,3.0341186027619824,7.0917952883834285,6.104792851340374,0.6945572705117791,4.130787977254265,1.645004061738424,1.6815597075548336,74.9,27.0,72.0,1.0,-2.0,-1.9000000000000057,3.5,6.299999999999997,-4.0,-10.600000000000001,0.001273521545288779,0.08154023806486696,0.7454981323233301,0.03994860467794581,1.2558130887648655,26.0,889.0,1.0,0.0,0.0,0.0,1.0,0.0,0.0,0.0,0.0,0.0,0.0,0.0,0.0,0.0,cd1acf9d,2019,1,61.0
22.0,1508.0,37.0,53.9,31.5,67.5,32.7,45.7,50.7,48.2,0.49,0.02387267904509284,0.00596816976127321,0.656498673740053,3.640583554376658,3.7002652519893897,0.35809018567639256,2.625994694960212,0.29840848806366044,0.11936339522546419,92.8,35.9,44.1,1.0,-2.0,1.0,-1.8999999999999986,6.399999999999999,-7.200000000000003,-0.5,-0.008786729975124884,-0.0033630899587889992,0.23659198633725365,0.15438655836575066,0.8412056383579953,-12.299999999999997,-421.0,1.0,0.0,0.0,0.0,0.0,0.0,0.0,0.0,0.0,1.0,0.0,0.0,0.0,0.0,cdf65d12,2019,1,58.4
23.0,2612.0,58.4,40.2,22.5,48.7,66.8,52.1,58.5,55.3,0.97,0.05168453292496172,0.013782542113323125,0.3445635528330781,2.6875957120980094,2.7909647779479325,0.17228177641653905,3.30781010719755,1.2404287901990811,0.13782542113323124,85.3,72.7,76.4,1.0,-3.9000000000000057,4.899999999999999,9.900000000000002,-0.5,9.5,-15.900000000000006,0.01428841104130521,0.001317168152104288,-0.18521484051872245,0.6718512045407303,0.5996455735938544,-8.0,-276.0,1.0,0.0,0.0,0.0,0.0,0.0,0.0,0.0,0.0,0.0,0.0,1.0,0.0,0.0,ce4246f5,2019,1,54.25
22.0,1825.0,83.6,70.7,76.2,34.2,52.3,63.7,71.7,67.7,0.4,0.23671232876712328,0.15287671232876712,3.1561643835616437,4.980821917808219,5.326027397260273,1.5287671232876712,2.761643835616438,5.128767123287671,1.4794520547945205,80.0,42.9,53.4,1.0,1.1000000000000085,-3.6000000000000085,5.0,-10.5,11.900000000000002,13.299999999999997,-0.040163938981355396,-0.09661618827975213,-0.6166550890549889,-0.27234988468698784,0.8733168468143049,-33.1,-1133.0,0.0,0.0,1.0,1.0,0.0,0.0,0.0,0.0,0.0,0.0,0.0,0.0,0.0,0.0,cea4ee8f,2019,1,44.8
23.0,2010.0,64.1,39.7,39.7,27.0,39.2,37.5,40.1,38.8,0.03,0.12089552238805971,0.008955223880597015,0.8059701492537313,2.6865671641791047,2.238805970149254,0.44776119402985076,2.5074626865671643,0.6716417910447762,0.22388059701492538,76.2,48.6,58.8,1.0,-15.800000000000004,0.5999999999999943,-18.4,-1.8999999999999986,-13.700000000000003,-26.89999999999999,0.06975915875169608,-0.02172659430122116,0.14119742198100416,-1.6986940298507456,-0.7907055630936224,7.299999999999997,250.0,1.0,0.0,0.0,0.0,1.0,0.0,0.0,0.0,0.0,0.0,0.0,0.0,0.0,0.0,cfbf9881,2019,0,
23.0,2507.0,54.2,53.2,61.0,42.3,47.4,51.9,48.0,50.0,0.14,0.07538891104906263,0.10051854806541684,2.333466294375748,4.056641404068608,6.138811328280814,0.7538891104906262,3.302752293577982,1.9744714798564023,1.0769844435580376,82.9,38.79999999999999,73.3,1.0,-1.6000000000000014,3.4000000000000057,-4.199999999999996,-1.2999999999999972,3.5,-5.0,-0.017177708866785907,0.0079519281495683,-0.23315362147277963,0.45858692435374504,-0.4875381190730472,10.799999999999997,368.0,0.0,0.0,1.0,0.0,0.0,0.0,0.0,0.0,0.0,0.0,1.0,0.0,0.0,0.0,d023d70f,2019,1,35.6
22.0,2055.0,61.2,59.9,40.3,28.0,71.6,51.6,56.8,54.2,0.72,0.12700729927007298,0.10510948905109489,1.7518248175182483,5.036496350364963,4.291970802919709,1.1824817518248176,3.2846715328467155,1.927007299270073,0.6569343065693432,79.3,60.0,60.1,1.0,-6.599999999999994,26.1,-3.3000000000000043,-8.700000000000003,-8.0,-17.0,0.08691821241038479,0.0449758587615626,-1.1212264074260725,-0.5187196202428748,-0.9100515338221191,20.700000000000003,708.0,0.0,0.0,1.0,0.0,0.0,0.0,0.0,0.0,0.0,0.0,1.0,0.0,0.0,0.0,d080ed5e,2019,1,57.85
23.0,2934.0,44.4,73.8,78.7,27.9,61.5,56.4,62.7,59.6,0.37,0.012269938650306749,0.10736196319018404,1.687116564417178,6.165644171779141,5.122699386503068,0.6134969325153374,4.141104294478527,0.8588957055214723,0.8895705521472392,73.9,53.4,85.8,1.0,3.0,4.699999999999996,13.899999999999999,6.6000000000000085,-10.800000000000004,0.5,-0.00015242159814045537,0.02040544145105362,0.1343215333612775,0.899096902031018,1.5693708798536754,43.4,1485.0,1.0,0.0,0.0,0.0,1.0,0.0,0.0,0.0,0.0,0.0,0.0,0.0,0.0,0.0,d183e9d6,2019,1,47.9
21.0,1580.0,67.1,26.5,12.3,63.1,43.8,43.2,46.9,45.0,1.38,0.0740506329113924,0.0,0.39873417721518983,1.7088607594936707,1.5949367088607593,0.28481012658227844,1.5949367088607593,0.9113924050632911,0.0,86.0,58.9,46.2,1.0,4.200000000000003,10.799999999999997,-5.899999999999999,3.1000000000000014,4.700000000000003,3.3999999999999986,0.012237446098205582,0.0,0.39873417721518983,-0.012206148282097873,-0.1455348449019338,24.900000000000002,852.0,1.0,0.0,0.0,0.0,0.0,0.0,0.0,0.0,0.0,0.0,0.0,1.0,0.0,0.0,d2110326,2019,1,55.400000000000006
21.0,3240.0,61.4,74.4,79.8,18.6,55.5,52.8,62.3,57.6,0.68,0.030555555555555558,0.08055555555555555,1.9444444444444444,4.0,7.027777777777778,0.8333333333333334,3.0555555555555554,1.5833333333333333,1.0833333333333333,70.6,63.79999999999999,94.7,1.0,1.6000000000000014,12.899999999999999,4.400000000000006,-7.6000000000000085,8.3,-3.0,0.02084157822150267,-0.0360121724530791,-0.19263056904719078,0.9565419439947229,0.2115488397193741,40.5,1387.0,1.0,0.0,0.0,0.0,1.0,0.0,0.0,0.0,0.0,0.0,0.0,0.0,0.0,0.0,d2424d1b,2019,1,62.8
19.0,1293.0,46.9,57.6,31.5,42.0,79.0,59.1,54.0,56.6,0.09,0.06264501160092807,0.006960556844547564,0.6264501160092807,3.619489559164733,3.3410672853828305,0.6960556844547564,3.619489559164733,0.9048723897911832,0.06960556844547564,82.7,81.1,42.3,1.0,-1.0,-21.500000000000007,2.700000000000003,-2.8999999999999986,-5.5,13.700000000000003,0.018994217950134416,-0.020817220933230213,-0.008470518911354197,0.4839244282399733,-0.4678120281368541,-31.799999999999997,-975.0,1.0,0.0,0.0,0.0,0.0,0.0,0.0,0.0,0.0,1.0,0.0,0.0,0.0,0.0,d248cd8f,2019,1,64.75
23.0,1998.0,30.2,34.5,30.1,34.3,88.8,37.3,45.7,41.5,2.45,0.24774774774774774,0.12612612612612611,1.7567567567567568,2.7927927927927927,1.3063063063063063,0.3603603603603604,2.0720720720720722,3.7837837837837838,0.9009009009009009,50.1,49.9,58.4,0.0,,,,,,,,,,,,,,0.0,1.0,0.0,0.0,0.0,0.0,0.0,0.0,0.0,0.0,0.0,0.0,0.0,1.0,d2583bce,2019,0,
22.0,2188.0,41.4,47.6,45.1,29.8,92.1,49.3,65.0,57.2,0.84,0.0740402193784278,0.06992687385740402,2.5091407678244972,3.660877513711152,4.648080438756856,0.9049360146252285,5.7586837294332724,1.4396709323583181,0.740402193784278,73.4,75.2,64.0,1.0,11.700000000000003,20.2,23.700000000000003,38.1,-9.400000000000002,5.099999999999994,0.05048000995434403,0.0110263502971946,1.802334485101984,1.9386563549872227,0.5980502885802621,41.7,1424.0,0.0,0.0,1.0,0.0,0.0,0.0,0.0,0.0,0.0,0.0,1.0,0.0,0.0,0.0,d328a254,2019,0,
20.0,1415.0,29.5,71.8,78.2,34.3,49.7,50.2,58.8,54.5,0.35,0.14628975265017669,0.08904593639575972,3.498233215547703,5.279151943462898,7.759717314487633,2.4169611307420498,1.5901060070671378,2.4805653710247353,1.335689045936396,69.7,31.3,46.2,1.0,3.200000000000003,-44.900000000000006,14.899999999999999,8.200000000000003,18.999999999999996,17.900000000000002,-0.006061344528506707,-0.04637726109640328,0.22550594282043024,0.9885574398794814,2.852819655061644,19.939310344827586,-180.0,0.0,1.0,0.0,0.0,0.0,1.0,0.0,0.0,0.0,0.0,0.0,0.0,0.0,0.0,d4a2533d,2019,1,61.6
20.0,1976.0,69.5,67.6,78.2,23.7,47.5,49.7,59.8,54.8,0.95,0.06376518218623481,0.08198380566801619,2.0951417004048585,3.233805668016194,6.923076923076923,1.7307692307692308,3.415991902834008,1.5941295546558705,0.7742914979757085,81.8,71.0,57.8,1.0,0.09999999999999432,11.899999999999999,-5.200000000000003,-0.20000000000000284,-6.0,5.899999999999999,0.04507359340118808,-0.02081993264974083,-0.24130689772598268,-0.27318475916606744,-0.41105414506791815,29.599999999999998,1013.0,1.0,0.0,0.0,0.0,1.0,0.0,0.0,0.0,0.0,0.0,0.0,0.0,0.0,0.0,d4c9725f,2019,1,62.4
23.0,2675.0,66.2,75.5,86.9,27.4,67.5,60.9,68.6,64.8,0.63,0.04710280373831775,0.0874766355140187,2.1869158878504673,5.046728971962617,5.5514018691588785,0.9420560747663551,4.74392523364486,1.177570093457944,1.2448598130841122,74.4,64.8,87.4,1.0,8.599999999999994,13.600000000000001,1.0,12.0,8.0,12.200000000000003,0.03593655063658078,-0.01301964240161406,0.6236404536072913,-0.7575311333225114,-0.20140998585376035,34.7,1063.0,1.0,0.0,0.0,0.0,1.0,0.0,0.0,0.0,0.0,0.0,0.0,0.0,0.0,0.0,d4d0a9ad,2019,0,
20.0,2556.0,62.8,65.0,60.5,33.9,20.2,50.8,54.7,52.8,1.94,0.16549295774647887,0.10563380281690142,3.1338028169014085,3.3098591549295775,8.69718309859155,3.943661971830986,2.2887323943661975,2.7816901408450705,1.1267605633802817,83.9,26.5,74.7,0.0,,,,,,,,,,,,,,0.0,0.0,1.0,0.0,0.0,0.0,0.0,0.0,1.0,0.0,0.0,0.0,0.0,0.0,d504b3e1,2019,1,57.0
20.0,1113.0,51.1,69.4,58.5,16.0,45.0,52.1,57.0,54.6,0.23,0.37196765498652284,0.14555256064690028,2.4258760107816713,2.3450134770889486,4.932614555256064,1.3746630727762803,1.1320754716981132,5.579514824797844,0.8086253369272237,69.7,24.3,36.4,0.0,,,,,,,,,,,,,,0.0,1.0,0.0,0.0,0.0,1.0,0.0,0.0,0.0,0.0,0.0,0.0,0.0,0.0,d571df78,2019,0,
23.0,1233.0,58.0,53.6,26.9,56.6,49.5,50.2,51.2,50.7,0.49,0.06569343065693431,0.029197080291970805,0.5109489051094891,3.8686131386861318,3.6496350364963503,0.21897810218978103,3.2846715328467155,0.6569343065693432,0.0,84.3,53.3,36.1,1.0,-0.19999999999999574,6.799999999999997,-2.799999999999997,-17.1,4.600000000000001,2.299999999999997,0.029548852343681292,0.02016093571365755,-0.39266555272183623,-0.05518424061208327,0.34451675314396324,7.0,237.0,1.0,0.0,0.0,0.0,0.0,0.0,0.0,0.0,0.0,1.0,0.0,0.0,0.0,0.0,d61b3354,2019,0,
22.0,2408.0,80.6,78.9,73.5,32.9,30.6,61.6,66.2,63.9,0.38,0.18687707641196014,0.14950166112956811,2.95265780730897,4.671926910299003,9.60548172757475,2.5041528239202657,2.5041528239202657,4.372923588039867,0.9343853820598006,82.66516853932583,30.8,69.78114617940199,1.0,-4.199999999999996,9.599999999999994,-0.5,6.900000000000006,-24.6,-18.299999999999997,0.04498518452006825,0.05321787734578434,0.013468618119781173,-0.6816804345874115,-1.358478495106402,17.881146179401988,632.0,0.0,0.0,1.0,0.0,0.0,0.0,0.0,0.0,1.0,0.0,0.0,0.0,0.0,0.0,d7553721,2019,1,53.7
19.0,1013.0,62.9,60.9,84.4,23.1,66.2,56.0,62.3,59.2,1.35,0.062191510365251716,0.20434353405725564,2.2211253701875617,3.464955577492596,5.064165844027641,0.8884501480750246,3.109575518262586,1.954590325765054,1.5103652517275419,71.9,87.5,29.6,0.0,,,,,,,,,,,,,,1.0,0.0,0.0,0.0,1.0,0.0,0.0,0.0,0.0,0.0,0.0,0.0,0.0,0.0,d9565625,2019,1,63.7
21.0,2468.0,66.0,57.4,81.8,24.7,37.7,44.2,55.5,49.8,1.12,0.0547001620745543,0.13492706645056726,1.8962722852512157,3.86547811993517,4.485413290113453,0.6928687196110211,3.7925445705024314,1.1304700162074555,1.2034035656401945,72.5,39.6,72.2,1.0,10.299999999999997,12.5,23.799999999999997,24.9,-0.3000000000000007,-2.799999999999997,0.0395994909336147,0.07452438188680886,1.0657353724995378,2.144809263267815,1.8268875159083247,37.300000000000004,1276.0,1.0,0.0,0.0,0.0,1.0,0.0,0.0,0.0,0.0,0.0,0.0,0.0,0.0,0.0,d97f2e8d,2019,1,41.8
21.0,3112.0,32.0,52.1,26.4,60.8,68.8,48.2,60.3,54.2,0.23,0.04916452442159383,0.10411311053984577,1.590616966580977,5.8129820051413885,3.817480719794345,1.0411311053984575,3.3258354755784065,0.49164524421593836,0.6651670951156813,87.6,50.8,91.0,0.0,,,,,,,,,,,,,,0.0,0.0,1.0,0.0,0.0,0.0,0.0,0.0,0.0,0.0,1.0,0.0,0.0,0.0,da27e268,2019,0,
22.0,1942.0,63.1,31.9,19.5,72.6,66.0,56.0,63.2,59.6,0.57,0.06488156539649845,0.018537590113285273,0.3707518022657054,2.4098867147270853,2.595262615859938,0.0,3.2440782698249224,0.8341915550978373,0.04634397528321318,90.5,65.7,56.8,1.0,6.200000000000003,27.700000000000003,-5.200000000000003,1.6999999999999993,-1.3000000000000114,12.399999999999999,0.047123080787185107,0.014985893191422605,0.01558211007943866,0.0025238629001904656,-0.3249199151071691,-17.299999999999997,-592.0,1.0,0.0,0.0,0.0,0.0,0.0,0.0,0.0,0.0,0.0,0.0,1.0,0.0,0.0,da7b447d,2019,1,59.55
20.0,2961.0,26.9,63.7,47.7,54.1,72.5,54.4,63.0,58.7,0.14,0.0182370820668693,0.09422492401215807,1.9756838905775076,5.623100303951368,5.592705167173253,1.8237082066869301,4.741641337386018,0.45592705167173253,1.033434650455927,83.3,48.0,86.6,0.0,,,,,,,,,,,,,,0.0,0.0,1.0,0.0,0.0,0.0,0.0,0.0,0.0,0.0,1.0,0.0,0.0,0.0,db092d3b,2019,1,58.3
18.0,2461.0,88.6,77.0,96.4,28.8,8.2,62.7,68.0,65.4,0.85,0.2559934985778139,0.2815928484355953,4.534741974806989,4.461600975213328,9.435188947582283,4.425030475416497,1.2068264932954083,5.046728971962617,2.230800487606664,80.7,0.0,80.4,1.0,-6.3999999999999915,35.99999999999999,-10.099999999999994,3.1000000000000085,-23.499999999999996,-50.2,0.00816741162129217,-0.09666802112962208,-0.4217797643234453,-1.6517675741568478,1.4616009752133277,57.900000000000006,1771.0,0.0,0.0,1.0,0.0,0.0,0.0,0.0,0.0,1.0,0.0,0.0,0.0,0.0,0.0,dbf053da,2019,1,66.55
23.0,1486.0,58.1,58.5,86.5,12.5,31.5,50.8,54.5,52.6,0.58,0.060565275908479134,0.2240915208613728,4.118438761776581,2.301480484522207,6.843876177658142,2.9071332436069985,2.4831763122476445,3.633916554508748,2.1803499327052487,70.3,24.4,43.5,1.0,-5.600000000000001,25.6,-16.400000000000006,8.700000000000003,-10.3,-46.099999999999994,-0.025724273468318563,0.03425451223241785,0.6668567867046726,1.0624763694126962,-0.7186537436657128,13.0,443.0,0.0,0.0,1.0,0.0,0.0,0.0,0.0,0.0,1.0,0.0,0.0,0.0,0.0,0.0,dc1c2fce,2019,1,58.150000000000006
21.0,2261.0,84.5,55.5,71.1,18.4,36.4,52.7,54.1,53.4,0.02,0.23883237505528526,0.1990269792127377,2.5873507297655904,3.900928792569659,5.891198584697037,1.313578062804069,3.0252100840336134,3.900928792569659,1.1543564794338788,73.1,22.7,66.1,0.0,,,,,,,,,,,,,,0.0,0.0,1.0,0.0,0.0,0.0,0.0,0.0,1.0,0.0,0.0,0.0,0.0,0.0,dc4cae05,2019,0,
23.0,2588.0,35.5,39.6,15.8,47.3,87.9,43.0,64.3,53.6,0.71,0.07998454404945904,0.0312982998454405,1.2171561051004636,4.1731066460587325,2.329984544049459,0.7998454404945904,4.659969088098918,1.321483771251932,0.5216383307573416,78.6,53.2,75.7,1.0,-11.300000000000004,-34.599999999999994,-24.699999999999996,-39.2,-4.800000000000004,15.5,-0.06551199174730771,0.020905690145671445,0.3857473291189393,-1.8270593358581624,0.01606276615111124,50.400000000000006,1722.0,0.0,0.0,1.0,0.0,0.0,0.0,0.0,0.0,0.0,0.0,1.0,0.0,0.0,0.0,dc6f5bdd,2019,1,57.8
23.0,2335.0,41.1,16.1,18.1,74.8,51.4,46.3,52.7,49.5,1.36,0.019271948608137045,0.011563169164882228,0.26980728051391867,2.042826552462527,1.3104925053533192,0.03854389721627409,2.119914346895075,0.423982869379015,0.07708779443254818,88.3,61.5,68.3,1.0,3.200000000000003,7.800000000000004,-9.899999999999999,-3.6999999999999993,10.299999999999997,4.100000000000001,0.00032458018708441533,-0.004226304519328299,0.048754648934971306,-0.5526653893835229,-0.6729629212216834,-15.0,-515.0,1.0,0.0,0.0,0.0,0.0,0.0,0.0,0.0,0.0,0.0,0.0,1.0,0.0,0.0,de045b15,2019,0,
21.0,1964.0,84.7,53.7,64.9,15.4,47.9,52.1,62.2,57.2,0.58,0.2337067209775967,0.12830957230142565,2.9327902240325865,3.986761710794297,5.315682281059063,1.6038696537678208,2.1995926680244398,3.436863543788187,0.9164969450101833,61.1,47.6,57.4,0.0,,,,,,,,,,,,,,0.0,0.0,1.0,1.0,0.0,0.0,0.0,0.0,0.0,0.0,0.0,0.0,0.0,0.0,e14ec482,2019,1,57.349999999999994
23.0,2489.0,19.2,47.7,29.2,64.5,23.0,39.4,41.2,40.3,0.14,0.0325431900361591,0.0325431900361591,1.7717959019686622,3.8328646042587384,4.411410204901567,1.1932503013258338,2.458818802732021,0.6508638007231821,0.7231820008035356,89.2,21.7,72.8,1.0,-4.0,6.699999999999999,-1.0,20.1,-0.7999999999999972,-27.1,0.02666275880453545,0.014901896341288148,0.507503187169577,0.8537493097692574,-0.37164372635217324,-16.700000000000003,-572.0,0.0,0.0,1.0,0.0,0.0,0.0,0.0,0.0,1.0,0.0,0.0,0.0,0.0,0.0,e1cbb531,2019,1,46.4
21.0,2428.0,25.1,26.9,15.7,52.4,67.9,35.6,53.1,44.4,0.72,0.048187808896210875,0.018533772652388796,1.3344316309719935,3.299011532125206,3.595551894563427,0.37067545304777594,3.743822075782537,0.8154859967051071,0.4818780889621087,81.0,38.0,79.3,1.0,-0.6000000000000014,11.700000000000001,3.1999999999999993,7.6,-6.399999999999999,-6.0,0.033068111290162995,-0.00792569815819499,0.38945053059400103,0.6472108613840906,-0.10292042923556677,1.5,47.0,0.0,0.0,1.0,0.0,0.0,0.0,0.0,0.0,0.0,0.0,1.0,0.0,0.0,0.0,e26fcca3,2019,1,46.1
22.0,2654.0,58.4,67.2,50.1,72.8,58.2,62.8,64.9,63.8,1.17,0.05086661642803316,0.010173323285606632,0.9155990957045969,5.018839487565939,5.934438583270535,0.1356443104747551,1.9668425018839488,0.7121326299924643,0.20346646571213264,93.1,78.8,86.7,1.0,-2.6000000000000085,-18.000000000000007,-6.200000000000003,2.1000000000000014,0.7000000000000028,-1.0999999999999943,-0.01922684151589208,-0.02720985428448683,0.26139348822796127,-0.5141595475705865,0.7197740670051909,23.800000000000004,728.0,1.0,0.0,0.0,0.0,0.0,0.0,0.0,0.0,0.0,1.0,0.0,0.0,0.0,0.0,e33c06cf,2019,1,66.85
22.0,2880.0,47.5,60.3,39.8,61.0,51.7,54.4,56.1,55.2,0.13,0.03125,0.021875,0.78125,4.28125,3.21875,0.4375,1.5625,0.5625,0.1875,88.7,62.7,84.2,0.0,,,,,,,,,,,,,,1.0,0.0,0.0,0.0,0.0,0.0,0.0,0.0,0.0,1.0,0.0,0.0,0.0,0.0,e34fc66d,2019,1,57.4
20.0,987.0,80.6,73.3,72.5,29.9,46.0,51.8,61.9,56.8,1.47,0.08206686930091185,0.08206686930091185,1.458966565349544,4.741641337386018,6.7477203647416415,1.641337386018237,4.741641337386018,2.188449848024316,0.547112462006079,79.5,35.0,28.9,1.0,2.0,33.199999999999996,4.8999999999999915,8.899999999999999,-14.100000000000001,-1.2000000000000028,0.062373215033953426,-0.006554574900401067,0.27734730933203844,1.6273702553324512,1.1967835693335016,2.1999999999999993,73.0,1.0,0.0,0.0,0.0,1.0,0.0,0.0,0.0,0.0,0.0,0.0,0.0,0.0,0.0,e3a5814e,2019,1,39.4
20.0,1260.0,65.9,39.8,11.2,63.7,64.9,54.3,61.1,57.7,1.49,0.05714285714285715,0.014285714285714287,0.21428571428571427,2.857142857142857,2.7857142857142856,0.14285714285714285,3.7857142857142856,0.7857142857142857,0.07142857142857142,87.9,80.0,36.8,0.0,,,,,,,,,,,,,,1.0,0.0,0.0,0.0,0.0,0.0,0.0,0.0,0.0,0.0,0.0,1.0,0.0,0.0,e3cceee6,2019,1,56.0
23.0,1222.0,29.5,13.0,17.5,59.0,81.1,35.8,59.6,47.7,0.41,0.05155482815057283,0.05891980360065467,1.1783960720130933,2.65139116202946,1.988543371522095,0.0,2.5777414075286416,0.9574468085106383,0.662847790507365,80.6,59.6,39.9,0.0,,,,,,,,,,,,,,0.0,0.0,1.0,0.0,0.0,0.0,0.0,0.0,0.0,0.0,1.0,0.0,0.0,0.0,e3f6253d,2019,0,
19.0,1740.0,85.2,92.1,82.9,42.0,33.4,54.8,69.9,62.4,0.8,0.08793103448275863,0.15,2.0689655172413794,6.103448275862069,8.068965517241379,1.9655172413793105,2.4827586206896552,2.1724137931034484,0.5172413793103449,86.1,56.5,56.9,1.0,9.0,21.300000000000004,18.89999999999999,13.600000000000009,-1.7999999999999972,2.1999999999999993,0.05226392748143763,0.11433289299867899,0.7611715938596093,1.4111055436614581,2.774518289072109,34.8,983.0,1.0,0.0,0.0,0.0,1.0,0.0,0.0,0.0,0.0,0.0,0.0,0.0,0.0,0.0,e42d61c7,2019,1,54.0
22.0,1186.0,76.5,54.6,89.8,28.8,46.5,49.5,60.1,54.8,1.55,0.03794266441821248,0.1745362563237774,2.7318718381112985,4.325463743676223,2.9595278246205736,0.15177065767284992,3.490725126475548,2.200674536256324,1.745362563237774,66.4,50.0,34.7,0.0,,,,,,,,,,,,,,1.0,0.0,0.0,0.0,1.0,0.0,0.0,0.0,0.0,0.0,0.0,0.0,0.0,0.0,e514ab62,2019,1,56.6
20.0,2137.0,45.6,54.7,67.0,26.0,41.9,43.2,50.0,46.6,1.29,0.029480580252690687,0.029480580252690687,1.3897987833411325,2.863827795975667,5.474964904071128,1.1792232101076277,2.653252222742162,0.6317267197005147,0.42115114646700985,72.4,61.5,62.5,1.0,12.200000000000003,-4.600000000000001,17.1,23.700000000000003,9.0,23.099999999999998,-0.02125222696264189,-0.12271784139330705,-0.7409791197028357,-0.004178275184790081,0.8345155073623638,36.6,1250.0,1.0,0.0,0.0,0.0,1.0,0.0,0.0,0.0,0.0,0.0,0.0,0.0,0.0,0.0,e54a9890,2019,1,53.4
23.0,1618.0,76.1,62.0,55.5,35.7,58.6,57.1,54.1,55.6,0.13,0.23362175525339926,0.10012360939431397,2.503090234857849,3.504326328800989,6.341161928306551,1.3349814585908528,2.7255871446229913,3.6711990111248456,1.1681087762669964,83.7,41.8,47.3,0.0,,,,,,,,,,,,,,0.0,0.0,1.0,0.0,0.0,0.0,0.0,0.0,0.0,0.0,1.0,0.0,0.0,0.0,e599253a,2019,1,70.85
22.0,1717.0,49.6,56.9,61.3,54.0,58.4,54.7,56.2,55.4,1.56,0.2935352358765288,0.12055911473500289,2.830518345952242,2.935352358765288,4.6126965637740245,1.100757134536983,1.415259172976121,3.2498543972044263,1.205591147350029,79.3,40.0,56.1,1.0,7.199999999999996,-24.9,10.0,5.099999999999994,37.9,37.2,0.04416495879844315,0.052549039168252265,-0.0032348026623671977,-0.148008725898519,0.10159921015067885,30.200000000000003,923.0,0.0,1.0,0.0,0.0,0.0,0.0,0.0,0.0,0.0,0.0,0.0,0.0,1.0,0.0,e5a35ae9,2019,0,
19.0,1414.0,56.1,50.8,64.2,24.6,37.3,47.0,48.7,47.8,0.03,0.10183875530410184,0.17185289957567187,2.6732673267326734,3.2461103253182464,5.601131541725602,1.3366336633663367,3.1824611032531824,3.118811881188119,1.1456859971711457,73.8,6.7,46.2,0.0,,,,,,,,,,,,,,0.0,0.0,1.0,0.0,0.0,0.0,0.0,0.0,1.0,0.0,0.0,0.0,0.0,0.0,e5d85da8,2019,0,
21.0,1465.0,74.7,77.6,85.4,22.0,29.2,60.3,65.7,63.0,0.54,0.12901023890784982,0.1658703071672355,3.563139931740614,5.283276450511945,9.7679180887372,2.825938566552901,2.273037542662116,4.054607508532423,1.2901023890784982,71.1,33.3,42.8,1.0,0.20000000000000284,-6.799999999999997,1.8999999999999915,-4.8999999999999915,-1.5,12.8,-0.04406668416907328,-0.09190383358562865,-0.413946811303576,0.8194729168877739,0.2750931444562985,-28.35433715220948,-979.0,0.0,0.0,1.0,0.0,0.0,0.0,0.0,0.0,1.0,0.0,0.0,0.0,0.0,0.0,e6bc67d7,2019,1,57.35
23.0,1709.0,30.6,67.9,78.4,39.5,51.1,53.3,59.2,56.2,0.64,0.00526623756582797,0.04739613809245173,1.7378583967232302,5.002925687536572,6.372147454651844,0.526623756582797,5.160912814511411,0.3686366296079579,0.8425980105324752,80.9,42.9,50.0,0.0,,,,,,,,,,,,,,1.0,0.0,0.0,0.0,1.0,0.0,0.0,0.0,0.0,0.0,0.0,0.0,0.0,0.0,e6eadfb8,2019,1,44.9
20.0,1154.0,24.3,31.1,20.1,41.3,85.8,38.1,60.1,49.1,1.43,0.0389948006932409,0.01559792027729636,1.6377816291161178,2.729636048526863,2.4956672443674175,1.0138648180242633,4.835355285961872,1.2478336221837087,0.389948006932409,78.2,65.1,33.7,0.0,,,,,,,,,,,,,,0.0,0.0,1.0,0.0,0.0,0.0,0.0,0.0,0.0,0.0,1.0,0.0,0.0,0.0,e778654a,2019,1,47.599999999999994
22.0,2016.0,84.7,44.7,54.9,38.5,42.1,61.8,67.3,64.6,1.3,0.6919642857142858,0.1205357142857143,2.723214285714286,1.0714285714285714,3.303571428571429,1.6964285714285716,0.6696428571428572,7.0982142857142865,1.1607142857142858,74.5,41.0,58.9,0.0,,,,,,,,,,,,,,0.0,1.0,0.0,0.0,0.0,0.0,0.0,1.0,0.0,0.0,0.0,0.0,0.0,0.0,e7986081,2019,1,65.4
23.0,1632.0,62.7,40.4,31.9,49.7,42.4,43.8,44.4,44.1,0.27,0.08272058823529412,0.0055147058823529415,0.4963235294117647,3.2536764705882355,3.198529411764706,0.16544117647058823,2.702205882352941,0.5514705882352942,0.16544117647058823,72.9,46.0,47.7,1.0,3.8000000000000043,9.800000000000004,30.5,7.199999999999999,13.100000000000001,-9.700000000000003,0.030797511312217196,0.0055147058823529415,0.23670814479638008,2.073529411764706,1.3498303167420815,17.300000000000004,592.0,1.0,0.0,0.0,0.0,0.0,0.0,0.0,0.0,0.0,0.0,0.0,1.0,0.0,0.0,e7ab4179,2019,1,47.2
21.0,1082.0,50.5,71.0,70.6,29.4,18.7,51.6,57.4,54.5,1.34,0.08317929759704251,0.09981515711645102,3.5767097966728283,4.1589648798521255,10.147874306839187,3.1608133086876156,2.162661737523105,2.9944547134935307,1.7467652495378927,79.8,28.600000000000005,35.4,1.0,-2.799999999999997,-10.799999999999997,10.399999999999999,-17.900000000000006,-1.1000000000000014,-12.400000000000002,-0.040168720024102864,-0.09401744200249175,-0.34399504914214996,2.218358888336984,0.9871587124512442,-31.4,-961.0,0.0,0.0,1.0,0.0,0.0,0.0,0.0,0.0,1.0,0.0,0.0,0.0,0.0,0.0,e7d59f4f,2019,1,58.800000000000004
22.0,1319.0,86.5,50.6,84.4,26.2,24.0,53.9,67.8,60.8,0.62,0.3002274450341168,0.10917361637604246,3.9575435936315393,3.002274450341168,4.639878695981804,1.7740712661106899,2.5928733889310083,2.661106899166035,2.2517058377558756,76.20000000000002,6.7,38.6,0.0,,,,,,,,,,,,,,0.0,0.0,1.0,1.0,0.0,0.0,0.0,0.0,0.0,0.0,0.0,0.0,0.0,0.0,e90af77c,2019,0,
22.0,998.0,79.2,78.5,73.3,42.7,54.9,66.9,69.8,68.4,0.39,0.25250501002004005,0.07214428857715431,3.967935871743487,4.238476953907815,8.47695390781563,2.5250501002004007,2.6152304609218437,5.591182364729459,1.5330661322645291,88.1,43.6,29.2,1.0,8.000000000000007,12.900000000000006,11.799999999999997,4.599999999999994,10.700000000000003,-7.800000000000004,0.08441536220787357,-0.08153767513682648,0.894296597463871,0.8889069494378292,0.6365559293613905,-25.599999999999998,-876.0,0.0,0.0,1.0,0.0,0.0,0.0,0.0,0.0,1.0,0.0,0.0,0.0,0.0,0.0,e97fd090,2019,1,56.7
21.0,2612.0,81.5,34.3,28.9,14.5,36.7,36.7,45.0,40.8,1.45,0.2928790199081164,0.10336906584992343,1.826186830015314,1.9295558958652375,3.1010719754977027,0.8269525267993875,2.3774885145482387,4.858346094946401,0.7580398162327718,58.3,27.0,76.4,0.0,,,,,,,,,,,,,,0.0,0.0,1.0,1.0,0.0,0.0,0.0,0.0,0.0,0.0,0.0,0.0,0.0,0.0,ea02beaf,2019,1,52.2
19.0,1259.0,19.2,19.3,4.3,34.2,78.7,28.2,52.0,40.1,1.61,0.021445591739475772,0.014297061159650517,0.5718824463860207,3.3598093725178715,1.715647339158062,0.14297061159650518,2.7879269261318504,0.7148530579825259,0.28594122319301035,74.5,67.5,36.8,0.0,,,,,,,,,,,,,,0.0,0.0,1.0,0.0,0.0,0.0,0.0,0.0,0.0,0.0,1.0,0.0,0.0,0.0,ea540835,2019,0,
22.0,1901.0,23.7,17.9,4.3,51.1,62.5,29.4,48.1,38.8,0.21,0.04260915307732772,0.01893740136770121,0.6154655444502893,2.083114150447133,1.7043661230931089,0.1893740136770121,2.177801157285639,0.5207785376117833,0.2367175170962651,81.1,57.79999999999999,62.1,1.0,-10.200000000000003,-10.599999999999998,-6.100000000000001,-1.5,-5.199999999999996,-19.900000000000006,0.00039966897102235166,-0.02796202541708253,0.14647127660245196,-0.2185103750830244,-0.4025554691464053,-0.6000000000000014,-18.0,0.0,0.0,1.0,0.0,0.0,0.0,0.0,0.0,0.0,0.0,1.0,0.0,0.0,0.0,ea6bc03a,2019,1,52.099999999999994
23.0,3411.0,70.8,32.7,17.7,61.4,62.5,52.2,58.6,55.4,1.65,0.08970976253298153,0.026385224274406333,0.34300791556728233,1.741424802110818,1.6094986807387863,0.10554089709762533,3.271767810026385,1.2137203166226913,0.10554089709762533,86.2,57.10000000000001,99.7,1.0,-2.6000000000000014,2.5999999999999943,2.1000000000000014,-12.0,-7.800000000000004,-0.7000000000000028,0.052131474432772766,-0.02461388100444843,-0.1401415028639733,-0.4573071647726963,-0.27169777468608025,1.7000000000000028,58.0,1.0,0.0,0.0,0.0,0.0,0.0,0.0,0.0,0.0,0.0,0.0,1.0,0.0,0.0,eaeca114,2019,1,60.4
22.0,1416.0,57.5,56.2,58.3,42.1,44.4,52.2,55.2,53.7,0.57,0.11440677966101696,0.07627118644067797,2.860169491525424,3.3686440677966103,6.927966101694915,0.826271186440678,2.860169491525424,3.8771186440677967,1.4618644067796611,81.9,34.8,41.4,1.0,6.700000000000003,45.0,22.400000000000006,36.099999999999994,-25.199999999999996,-17.700000000000003,0.10398408134022948,0.05542578979910298,1.3488782350112376,3.019454231399606,0.2939480631642999,-15.0,-311.0,0.0,0.0,1.0,1.0,0.0,0.0,0.0,0.0,0.0,0.0,0.0,0.0,0.0,0.0,eba42d2b,2019,0,
23.0,3226.0,62.4,64.6,81.0,43.6,46.7,60.7,60.7,60.7,0.21,0.1227526348419095,0.15623062616243025,4.240545567265964,5.356478611283324,5.663360198388097,1.1159330440173592,2.9572225666460015,1.7854928704277744,2.399256044637322,80.9,40.4,94.3,1.0,11.300000000000004,26.1,8.999999999999993,28.6,-6.5,-0.8999999999999986,0.04998667739510099,0.07580509424753662,1.5596945034361767,0.9144240281753309,0.952223292134387,25.599999999999994,876.0,0.0,0.0,1.0,0.0,0.0,0.0,1.0,0.0,0.0,0.0,0.0,0.0,0.0,0.0,ed45c4a5,2019,1,59.3
19.0,1517.0,29.8,33.8,14.0,61.9,41.9,36.1,36.9,36.5,0.06,0.07119314436387607,0.04746209624258405,1.3645352669742914,3.0850362557679634,3.796967699406724,0.8305866842452209,2.6104152933421227,0.7119314436387608,0.6526038233355307,90.3,36.4,44.4,0.0,,,,,,,,,,,,,,0.0,0.0,1.0,0.0,0.0,0.0,1.0,0.0,0.0,0.0,0.0,0.0,0.0,0.0,ed5c5fa3,2019,1,45.150000000000006
21.0,2831.0,81.8,69.6,91.7,35.1,18.7,61.3,73.9,67.6,0.04,0.18756623101377606,0.2606852702225362,5.277287177675733,4.864005651713176,6.326386435888379,1.4305898975626987,2.3207347227128223,2.8929706817379017,3.051925114800424,77.0,27.8,82.8,0.0,,,,,,,,,,,,,,0.0,0.0,1.0,1.0,0.0,0.0,0.0,0.0,0.0,0.0,0.0,0.0,0.0,0.0,ee38d9c5,2019,1,64.4
23.0,1772.0,57.2,31.7,20.1,62.9,62.5,51.9,58.5,55.2,1.34,0.06094808126410835,0.025395033860045144,0.3047404063205417,1.3205417607223475,0.9650112866817155,0.4063205417607223,2.945823927765237,1.2697516930022572,0.10158013544018057,81.0,72.4,51.8,1.0,-0.19999999999999574,-8.700000000000003,-3.1999999999999993,-4.899999999999999,17.9,-7.0,-0.002957244179678631,0.00409325871211615,-0.014786220898393154,-0.31309522219402397,-0.1705824996326819,2.3999999999999986,82.0,1.0,0.0,0.0,0.0,0.0,0.0,0.0,0.0,0.0,0.0,0.0,1.0,0.0,0.0,f0da930c,2019,1,48.3
23.0,1390.0,60.0,81.5,57.3,45.3,46.7,61.0,65.6,63.3,0.29,0.12949640287769784,0.06474820143884892,2.2661870503597124,6.669064748201439,11.46043165467626,1.3597122302158273,2.9784172661870505,3.431654676258993,0.5827338129496403,88.60000000000001,25.9,40.6,1.0,-5.299999999999997,-17.900000000000006,-0.09999999999999432,-28.799999999999997,15.499999999999996,0.5,-0.040228367764504,-0.1279123490198667,-1.7705101973467094,1.2310738565111219,0.522275757375751,-23.499999999999993,-572.0,0.0,0.0,1.0,0.0,0.0,0.0,0.0,0.0,1.0,0.0,0.0,0.0,0.0,0.0,f25c8e3a,2019,1,63.7
23.0,2260.0,35.8,45.2,11.3,49.4,46.9,38.1,44.9,41.5,0.17,0.06769911504424779,0.03185840707964602,1.1150442477876106,4.221238938053097,5.495575221238938,0.4778761061946903,2.7079646017699117,0.7964601769911505,0.43805309734513276,80.8,46.2,66.1,1.0,-7.700000000000003,-36.900000000000006,-3.5999999999999943,-38.599999999999994,4.699999999999996,6.899999999999999,-0.08570997586484312,-0.10876659292035401,-1.5056943885760257,1.8521093121480288,0.705613938053097,25.829332386363625,852.0,0.0,0.0,1.0,0.0,0.0,0.0,0.0,0.0,0.0,0.0,1.0,0.0,0.0,0.0,f3600c02,2019,1,52.75
22.0,1002.0,63.4,40.5,42.5,13.0,40.8,38.9,39.1,39.0,0.35,0.10778443113772455,0.1347305389221557,2.245508982035928,2.065868263473054,3.8622754491017965,1.9760479041916168,2.51497005988024,4.401197604790419,0.8083832335329342,69.6,45.0,29.3,1.0,6.0,2.5,7.200000000000003,13.0,1.3000000000000007,1.0,-0.03072553738273716,0.04973578551187237,0.5141343755301568,0.808760233991618,0.08265735056644341,-54.3,-1857.0,0.0,0.0,1.0,0.0,0.0,0.0,0.0,0.0,1.0,0.0,0.0,0.0,0.0,0.0,f3b1d9a2,2019,0,
21.0,3187.0,46.5,63.2,71.2,18.8,61.4,51.3,56.5,53.9,1.58,0.01694383432695325,0.0960150611860684,1.4684656416692814,3.3887668653906493,5.337307812990273,1.6943834326953247,3.699403828051459,1.0448697834954503,0.7907122685911515,75.3,60.8,46.6,1.0,14.899999999999999,10.899999999999999,7.0,22.800000000000004,-9.8,34.4,0.01256427228315763,0.06535812687949905,0.4611663715962886,1.176723871384434,0.32307343473371475,-13.5,1132.0,1.0,0.0,0.0,0.0,1.0,0.0,0.0,0.0,0.0,0.0,0.0,0.0,0.0,0.0,f449640d,2019,0,
23.0,2476.0,64.5,66.8,82.4,15.9,39.5,55.3,59.3,57.3,0.61,0.1381260096930533,0.10177705977382874,3.562197092084006,3.2714054927302096,7.524232633279483,2.9806138933764132,1.6720516962843295,4.689014539579968,1.5266558966074313,73.4,36.4,72.4,0.0,,,,,,,,,,,,,,0.0,0.0,1.0,0.0,0.0,0.0,0.0,0.0,1.0,0.0,0.0,0.0,0.0,0.0,f4bc42b1,2019,1,51.8
22.0,1052.0,40.8,67.7,64.3,16.7,60.1,50.4,51.7,51.0,0.23,0.29942965779467684,0.23954372623574144,3.2509505703422055,2.4809885931558937,6.159695817490495,1.3688212927756656,1.6254752851711027,5.133079847908745,1.711026615969582,69.9,27.0,30.8,0.0,,,,,,,,,,,,,,0.0,1.0,0.0,0.0,0.0,0.0,0.0,0.0,0.0,0.0,0.0,0.0,1.0,0.0,f573a8bf,2019,1,59.7
20.0,1344.0,72.4,56.0,52.2,16.8,41.0,56.4,59.0,57.7,0.83,0.46205357142857145,0.20089285714285715,2.34375,1.6741071428571428,2.7455357142857144,1.2053571428571428,0.5357142857142857,6.964285714285714,1.2053571428571428,69.2,35.5,39.3,0.0,,,,,,,,,,,,,,0.0,1.0,0.0,0.0,0.0,0.0,0.0,1.0,0.0,0.0,0.0,0.0,0.0,0.0,f7036e1c,2019,1,69.19999999999999
22.0,1121.0,60.5,68.9,40.9,40.3,58.8,54.5,54.7,54.6,0.27,0.056199821587867974,0.016057091882247992,0.7225691347011597,4.576271186440678,4.0945584299732385,0.6422836752899197,2.569134701159679,1.5254237288135593,0.32114183764495985,80.2,63.6,36.6,0.0,,,,,,,,,,,,,,1.0,0.0,0.0,0.0,1.0,0.0,0.0,0.0,0.0,0.0,0.0,0.0,0.0,0.0,f820504e,2019,0,
20.0,1158.0,76.6,17.4,55.7,35.3,57.5,44.7,48.5,46.6,0.8,0.08549222797927461,0.06217616580310881,0.7772020725388601,1.4766839378238341,0.9326424870466321,0.15544041450777202,4.196891191709844,0.854922279792746,0.31088082901554404,79.5,67.7,37.8,1.0,-13.899999999999999,12.299999999999997,-6.200000000000003,42.1,-35.3,-14.299999999999997,-0.036679717722082866,0.048601505169624644,0.6414554662040184,-0.01758375729725936,-0.5595151571987906,16.099999999999998,495.0,1.0,0.0,0.0,0.0,0.0,0.0,0.0,0.0,0.0,0.0,0.0,1.0,0.0,0.0,f86cabbd,2019,1,46.7
23.0,1533.0,74.4,73.3,81.2,41.0,31.8,49.5,62.3,55.9,1.08,0.05283757338551859,0.12915851272015655,1.8199608610567513,4.990215264187866,5.870841487279843,1.0567514677103718,1.9373776908023481,3.405088062622309,0.46966731898238745,83.8,51.2,44.8,1.0,-4.100000000000001,-6.5,2.200000000000003,-6.700000000000003,-4.700000000000003,-6.699999999999999,-0.012059181776723313,0.01411426493254593,-0.3334314693267295,-0.2648517280593907,0.8309232287896364,-44.400000000000006,-1518.0,1.0,0.0,0.0,0.0,1.0,0.0,0.0,0.0,0.0,0.0,0.0,0.0,0.0,0.0,f874dd44,2019,1,53.0
21.0,2148.0,27.2,45.7,19.1,38.7,38.6,31.6,32.2,31.9,0.23,0.23463687150837986,0.06284916201117319,1.6340782122905027,1.6340782122905027,3.058659217877095,1.1731843575418994,0.6284916201117319,4.064245810055866,0.6703910614525139,72.1,35.6,62.8,1.0,-9.5,-33.599999999999994,14.300000000000004,-8.299999999999997,9.200000000000003,-17.0,-0.10488721438831194,-0.05206668244616866,-0.7164731516096712,0.446935480210235,0.432685292963747,35.19616947185142,425.0,0.0,1.0,0.0,0.0,0.0,0.0,0.0,0.0,0.0,0.0,0.0,0.0,0.0,1.0,f8eca1b6,2019,1,36.55
20.0,1426.0,84.6,51.5,72.1,10.8,28.0,48.9,62.4,55.6,0.7,0.22089761570827487,0.18302945301542775,3.281907433380084,2.9663394109396912,4.228611500701262,2.2720897615708275,1.514726507713885,4.859747545582048,1.0098176718092566,67.6,26.7,46.6,1.0,15.800000000000004,24.799999999999997,21.3,14.699999999999996,-2.6999999999999993,-23.700000000000003,0.09512121819274694,-0.040573031456621944,0.6266279302744944,0.8745742336205167,1.0098176718092566,25.6,782.0,0.0,0.0,1.0,1.0,0.0,0.0,0.0,0.0,0.0,0.0,0.0,0.0,0.0,0.0,f972644c,2019,1,46.95
21.0,2665.0,74.0,49.0,44.8,7.4,50.7,43.9,51.2,47.6,0.48,0.3140712945590995,0.0675422138836773,2.4652908067542216,2.3639774859287055,5.606003752345216,1.5196998123827392,2.769230769230769,5.606003752345216,0.6416510318949343,65.9,34.3,77.9,1.0,-3.1000000000000014,-5.599999999999994,-2.3999999999999986,-4.600000000000001,-0.5,-0.5999999999999943,-0.014302775579051408,-0.04085311023959581,0.04233650282223422,-0.38762005211812145,-0.05897681800328192,-4.599999999999994,-158.0,0.0,0.0,1.0,1.0,0.0,0.0,0.0,0.0,0.0,0.0,0.0,0.0,0.0,0.0,fa031b34,2019,1,48.75
21.0,1081.0,45.0,34.1,51.8,51.1,43.5,44.1,44.7,44.4,0.01,0.0666049953746531,0.1498612395929695,2.3311748381128585,2.4144310823311748,4.246068455134135,0.49953746530989823,3.5800185013876042,1.6651248843663276,1.332099907493062,85.02583333333334,20.666666666666668,31.04190564292321,1.0,-2.200000000000003,8.200000000000003,-7.399999999999999,26.699999999999996,4.800000000000004,-17.799999999999997,-0.026059097289439573,0.11511220484393474,0.4778929848310052,-0.15547594641026663,-0.597151929251837,8.341905642923212,304.0,0.0,0.0,1.0,0.0,0.0,0.0,1.0,0.0,0.0,0.0,0.0,0.0,0.0,0.0,fb2c533b,2019,0,
22.0,2301.0,48.2,56.0,44.4,50.7,52.0,51.5,51.8,51.6,0.14,0.02346805736636245,0.011734028683181226,0.8996088657105606,2.42503259452412,4.341590612777053,1.1734028683181226,2.9335071707953064,0.7040417209908736,0.31290743155149936,88.1,54.5,67.3,0.0,,,,,,,,,,,,,,1.0,0.0,0.0,0.0,0.0,0.0,0.0,0.0,0.0,0.0,0.0,1.0,0.0,0.0,fb77bfef,2019,1,54.8
23.0,1333.0,67.8,62.8,78.5,23.6,23.8,39.2,53.5,46.4,1.63,0.04051012753188297,0.10127531882970742,2.430607651912978,3.5108777194298573,5.873968492123031,0.9452363090772693,3.3758439609902475,1.1477869467366841,1.350337584396099,73.0,34.1,39.0,1.0,-1.6000000000000014,13.099999999999994,10.099999999999994,17.799999999999997,-8.699999999999996,-21.900000000000002,0.011925735517363912,0.056356988521177466,1.0830577426570795,0.6062733923045185,1.3057960497383871,-25.400000000000006,-871.0,1.0,0.0,0.0,0.0,1.0,0.0,0.0,0.0,0.0,0.0,0.0,0.0,0.0,0.0,fba81826,2019,0,
18.0,1591.0,63.9,40.4,65.3,26.0,57.4,48.6,47.3,48.0,0.4,0.11313639220615965,0.1923318667504714,2.0930232558139537,1.8101822752985544,6.56191074795726,1.6970458830923947,2.602137020741672,1.5839094908862352,1.4707730986800756,65.8,52.8,46.5,0.0,,,,,,,,,,,,,,0.0,0.0,1.0,0.0,0.0,0.0,0.0,0.0,1.0,0.0,0.0,0.0,0.0,0.0,fc15fb84,2019,1,44.599999999999994
22.0,2379.0,53.9,74.2,46.0,43.5,50.1,53.1,56.3,54.7,0.46,0.0605296343001261,0.022698612862547287,0.5674653215636822,4.388398486759143,5.561160151324086,1.399747793190416,2.3833543505674655,0.6431273644388399,0.416141235813367,88.40000000000002,64.8,77.7,1.0,-5.099999999999994,-9.800000000000004,13.800000000000004,-11.600000000000001,5.0,-23.800000000000004,-0.02518465141415961,0.015245196713478962,-0.4014787778151998,2.244389964988682,0.32628668551690687,-1.2000000000000028,-36.0,1.0,0.0,0.0,0.0,0.0,0.0,0.0,0.0,0.0,1.0,0.0,0.0,0.0,0.0,fc62f087,2019,1,51.2
22.0,1617.0,60.0,72.5,68.9,27.9,19.2,53.0,58.5,55.8,1.25,0.14471243042671617,0.10575139146567719,3.6178107606679037,4.063079777365492,8.460111317254174,3.172541743970316,1.280148423005566,2.560296846011132,1.6141001855287571,80.3,32.0,47.3,0.0,,,,,,,,,,,,,,0.0,0.0,1.0,0.0,0.0,0.0,0.0,0.0,1.0,0.0,0.0,0.0,0.0,0.0,fc8b614b,2019,0,
21.0,1443.0,22.4,53.4,51.9,60.9,39.5,40.1,44.2,42.2,2.08,0.21205821205821204,0.04989604989604989,2.557172557172557,1.372141372141372,7.858627858627858,5.114345114345114,1.185031185031185,3.8669438669438665,0.9355509355509355,84.8,20.0,42.2,0.0,,,,,,,,,,,,,,0.0,1.0,0.0,0.0,0.0,1.0,0.0,0.0,0.0,0.0,0.0,0.0,0.0,0.0,fe012aca,2019,1,53.4
21.0,2460.0,65.2,50.6,60.8,32.6,42.5,50.0,55.8,52.9,0.26,0.15,0.15,2.1951219512195124,3.804878048780488,4.975609756097561,1.1341463414634148,2.0121951219512195,2.926829268292683,1.2073170731707317,76.2,34.8,71.9,1.0,-1.3999999999999986,-0.8999999999999915,-0.8999999999999986,1.1999999999999957,-9.899999999999999,2.1000000000000014,-0.009830866807611,0.009196617336152207,-0.4306708606198111,-0.19986593100603312,0.8365905223534269,2.700000000000003,95.0,0.0,0.0,1.0,1.0,0.0,0.0,0.0,0.0,0.0,0.0,0.0,0.0,0.0,0.0,fed17f5a,2019,1,51.95
19.0,2894.0,81.4,73.7,78.1,41.2,41.9,64.5,72.5,68.5,0.18,0.301658604008293,0.09329647546648237,3.54526606772633,4.416033172080166,6.375259156876295,2.0836212854181064,1.5549412577747062,4.44713199723566,1.1817553559087766,86.9,43.0,94.6,1.0,8.0,6.1000000000000085,8.900000000000006,3.5999999999999943,6.600000000000001,-4.800000000000004,0.15053920102321836,-0.09980053945889075,0.10310188862185266,0.2885054255330113,0.5960704855130019,24.5,750.0,0.0,0.0,1.0,1.0,0.0,0.0,0.0,0.0,0.0,0.0,0.0,0.0,0.0,0.0,fed7cb61,2019,1,62.5
23.0,2044.0,73.7,84.1,87.1,48.7,42.6,58.5,70.2,64.4,0.47,0.03962818003913894,0.19814090019569472,2.1575342465753424,5.151663405088063,7.529354207436399,0.6604696673189824,3.0821917808219177,2.0254403131115457,1.0567514677103718,83.5,56.3,59.8,1.0,4.200000000000003,-9.299999999999997,2.0,-4.1000000000000085,24.800000000000004,0.20000000000000284,-0.02293388550207258,-0.0014618803405515302,-1.0897348696113505,1.6008537109120704,0.20628108135420042,-28.5,-977.0,1.0,0.0,0.0,0.0,1.0,0.0,0.0,0.0,0.0,0.0,0.0,0.0,0.0,0.0,ff0ab48c,2019,1,61.05
20.0,2975.0,64.3,74.2,85.4,31.5,15.7,40.8,57.9,49.3,1.19,0.048403361344537814,0.19058823529411764,2.2084033613445375,3.5394957983193276,6.836974789915966,1.5428571428571427,1.7546218487394958,2.1781512605042015,1.2100840336134453,77.2,35.3,87.0,1.0,10.0,22.299999999999997,12.300000000000004,21.200000000000003,21.4,-9.2,0.03951447245564892,0.12836601307189544,0.6972922502334264,1.992530345471522,0.695051353874883,27.799999999999997,950.0,1.0,0.0,0.0,0.0,1.0,0.0,0.0,0.0,0.0,0.0,0.0,0.0,0.0,0.0,ff800ed8,2019,1,52.4
22.0,2394.0,40.7,58.4,52.1,58.9,81.8,58.1,69.0,63.6,0.35,0.04887218045112782,0.10902255639097744,2.218045112781955,4.962406015037594,6.12781954887218,0.7142857142857143,4.6992481203007515,0.7518796992481203,1.0526315789473684,83.9,48.60000000000001,78.2,1.0,3.8999999999999986,0.4000000000000057,3.3999999999999986,4.600000000000001,8.5,1.7000000000000028,-0.008331209379380658,0.027984420797757106,-0.11775997196380761,1.4562093793806552,-0.09056008665732129,16.5,506.0,0.0,0.0,1.0,0.0,0.0,0.0,0.0,0.0,0.0,0.0,1.0,0.0,0.0,0.0,ffbbc83b,2019,1,61.599999999999994
23.0,2970.0,51.9,44.2,45.1,47.7,59.4,51.6,54.4,53.0,0.45,0.030303030303030304,0.03333333333333333,0.7575757575757576,3.0303030303030303,2.5454545454545454,0.09090909090909091,2.6363636363636362,0.8484848484848485,0.36363636363636365,81.2,67.7,97.1,1.0,2.700000000000003,0.8999999999999986,15.600000000000001,8.600000000000001,-1.8999999999999986,0.6000000000000014,-0.018101415734976152,0.013971554918130753,0.047643882351662836,0.9319730108543303,0.6100807284027074,6.0,181.0,1.0,0.0,0.0,0.0,0.0,0.0,0.0,0.0,0.0,0.0,0.0,1.0,0.0,0.0,00242715,2020,1,56.2
19.0,938.0,27.9,25.0,23.6,44.1,81.5,37.5,58.1,47.8,1.45,0.03837953091684435,0.02878464818763326,1.3432835820895521,3.837953091684435,2.1108742004264394,0.3837953091684435,4.509594882729211,0.8635394456289979,0.47974413646055436,74.7,35.6,30.7,0.0,,,,,,,,,,,,,,0.0,0.0,1.0,0.0,0.0,0.0,0.0,0.0,0.0,0.0,1.0,0.0,0.0,0.0,00242b75,2020,1,45.6
20.0,2447.0,74.6,36.6,30.0,58.8,49.9,48.7,51.1,49.9,0.23,0.09930527176134042,0.022067838169186758,0.514916223947691,2.3171230077646094,1.8022067838169187,0.2574581119738455,2.684920310584389,0.8827135267674704,0.18389865140988965,82.0,63.3,80.0,0.0,,,,,,,,,,,,,,1.0,0.0,0.0,0.0,0.0,0.0,0.0,0.0,0.0,0.0,0.0,1.0,0.0,0.0,01834aa0,2020,1,56.2
20.0,2074.0,52.1,47.1,28.2,46.3,86.7,49.8,66.0,57.9,0.78,0.1171648987463838,0.12584378013500483,2.1697203471552555,3.471552555448409,3.428158148505304,1.128254580520733,3.6885245901639343,2.1697203471552555,0.7377049180327869,80.3,63.9,67.8,1.0,13.699999999999996,-4.5,11.700000000000003,-14.000000000000004,26.9,22.0,-0.03747427651134816,0.007287079104076999,0.10786467705216252,0.3353746433506646,0.8942329678195429,10.699999999999996,328.0,0.0,0.0,1.0,0.0,0.0,0.0,0.0,0.0,0.0,0.0,1.0,0.0,0.0,0.0,01c3aff5,2020,1,46.7
21.0,2039.0,69.4,23.7,44.6,36.0,42.9,38.8,40.1,39.4,0.5,0.06620892594409024,0.04413928396272683,0.6620892594409025,1.9421284943599804,1.4124570868072586,0.30897498773908777,1.8097106424718,0.8386463952918097,0.39725355566454146,79.0,51.6,59.6,0.0,,,,,,,,,,,,,,1.0,0.0,0.0,0.0,0.0,0.0,0.0,0.0,0.0,0.0,0.0,1.0,0.0,0.0,0313a347,2020,1,43.8
21.0,1489.0,58.1,79.4,75.0,28.4,42.8,59.6,65.1,62.4,0.45,0.08462055070517126,0.16924110141034251,3.8683680322364005,5.742108797850907,8.099395567494962,2.9012760241773004,2.7803895231699127,1.8737407656145064,1.9946272666218938,81.03915662650601,30.8,58.56386836803223,0.0,,,,,,,,,,,,,,0.0,0.0,1.0,0.0,0.0,0.0,0.0,0.0,1.0,0.0,0.0,0.0,0.0,0.0,032f894e,2020,1,64.0
23.0,1505.0,86.6,75.2,93.2,24.4,39.8,65.1,77.2,71.2,0.0,0.28106312292358804,0.28704318936877077,4.544850498338871,4.0664451827242525,11.362126245847177,3.5880398671096345,1.495016611295681,8.611295681063122,1.973421926910299,76.7,48.6,49.2,1.0,9.200000000000003,-4.800000000000011,8.700000000000003,5.6000000000000085,-1.4000000000000021,10.699999999999996,0.019814937147100364,0.025795003592283094,1.0833120368004097,-0.06748188187415671,1.2580271856270104,4.200000000000003,127.0,0.0,0.0,1.0,1.0,0.0,0.0,0.0,0.0,0.0,0.0,0.0,0.0,0.0,0.0,042e8a49,2020,1,67.4
22.0,2181.0,46.9,25.2,16.6,21.5,56.3,34.9,41.5,38.2,0.24,0.35488308115543327,0.028885832187070148,1.2379642365887207,0.7840440165061898,2.1458046767537824,0.9491059147180192,0.9491059147180192,4.704264099037139,0.4539202200825309,62.86363636363635,42.28181818181818,34.222512608895,1.0,-1.1999999999999957,-3.5,-20.099999999999998,4.900000000000002,12.2,-0.6000000000000014,0.05146427773662987,-0.06940476610352814,-0.12955713093264687,0.13725766820677388,-0.7971525646903915,-27.377487391105,75.0,0.0,1.0,0.0,0.0,0.0,0.0,0.0,0.0,0.0,0.0,0.0,0.0,0.0,1.0,04e17fd5,2020,1,37.5
23.0,1122.0,47.1,71.0,57.0,54.4,41.7,52.5,57.5,55.0,0.66,0.040106951871657755,0.03208556149732621,1.4438502673796791,3.93048128342246,4.491978609625669,0.8021390374331551,3.128342245989305,0.8823529411764706,0.5614973262032086,91.4,46.7,44.5,1.0,14.5,-0.6000000000000014,27.799999999999997,34.7,14.100000000000001,-13.0,-0.07035816440741202,-0.020240019898022633,-0.5328939186668327,0.538490237532645,1.0816440741201343,-0.7999999999999972,-426.0,1.0,0.0,0.0,0.0,0.0,0.0,0.0,0.0,0.0,1.0,0.0,0.0,0.0,0.0,0557ff4f,2020,0,
22.0,2904.0,42.5,55.8,41.0,58.7,49.5,50.5,47.3,48.9,0.06,0.09297520661157026,0.08057851239669422,2.231404958677686,4.152892561983471,4.710743801652892,0.9607438016528926,2.169421487603306,2.665289256198347,0.9607438016528926,89.1,47.5,84.9,1.0,-9.100000000000001,-13.299999999999997,-8.100000000000001,-17.4,10.300000000000004,-10.299999999999997,-0.06209437589339993,0.011990043211803567,-0.7805234707457736,0.11829847362108303,-0.11152095690320962,-3.3000000000000114,-114.0,0.0,0.0,1.0,1.0,0.0,0.0,0.0,0.0,0.0,0.0,0.0,0.0,0.0,0.0,05e19d6a,2020,1,57.1
18.0,1411.0,50.8,66.0,23.3,61.3,63.0,58.6,61.7,60.2,0.19,0.0446491849751949,0.006378454996456414,0.3189227498228207,4.209780297661234,3.8270729978738487,0.3189227498228207,2.61516654854713,0.9567682494684622,0.1913536498936924,87.0,67.1,56.0,1.0,9.400000000000006,5.899999999999999,20.9,-4.899999999999999,-10.900000000000006,18.299999999999997,0.0037865289025501778,0.0012706229873758242,-0.19186045108523825,1.3242353134243596,0.6853762113956265,4.5,-351.0,1.0,0.0,0.0,0.0,0.0,0.0,0.0,0.0,0.0,0.0,0.0,1.0,0.0,0.0,06df8256,2020,1,65.0
22.0,2673.0,49.2,72.7,58.5,30.5,48.5,54.3,58.8,56.6,0.9,0.11784511784511785,0.0808080808080808,3.2996632996632997,3.3333333333333335,8.215488215488216,3.1649831649831652,3.3333333333333335,4.2087542087542085,1.1784511784511784,80.8,33.9,78.2,0.0,,,,,,,,,,,,,,0.0,0.0,1.0,0.0,0.0,0.0,0.0,0.0,1.0,0.0,0.0,0.0,0.0,0.0,0728bebe,2020,1,43.7
22.0,1805.0,47.3,57.6,63.9,25.9,41.1,43.2,50.1,46.7,1.57,0.014958448753462602,0.07977839335180055,1.6454293628808863,3.4903047091412738,5.036011080332409,1.2963988919667588,2.293628808864266,0.6980609418282548,0.7977839335180055,73.2,48.3,52.8,0.0,,,,,,,,,,,,,,1.0,0.0,0.0,0.0,1.0,0.0,0.0,0.0,0.0,0.0,0.0,0.0,0.0,0.0,073b1b37,2020,0,
23.0,1310.0,18.9,22.9,23.3,54.4,73.8,36.3,56.0,46.2,0.99,0.013740458015267177,0.061832061068702295,1.099236641221374,2.6793893129770994,2.4732824427480917,0.9618320610687023,4.32824427480916,0.6870229007633588,0.48091603053435117,81.6,44.7,42.8,0.0,,,,,,,,,,,,,,0.0,0.0,1.0,0.0,0.0,0.0,0.0,0.0,0.0,0.0,1.0,0.0,0.0,0.0,08593525,2020,1,49.8
20.0,2236.0,19.3,32.1,20.5,30.9,52.7,26.6,30.2,28.4,0.34,0.17307692307692307,0.028175313059033986,1.7307692307692308,0.684257602862254,2.1735241502683365,0.8452593917710196,1.0465116279069768,5.152057245080501,0.5635062611806798,70.5,38.4,65.4,1.0,-16.9,-28.599999999999998,-2.299999999999997,-29.4,-11.800000000000004,9.0,-0.18692307692307691,0.0004830053667262968,-0.42923076923076886,-0.31878354203935544,-0.5342039355992843,17.900000000000006,611.0,0.0,1.0,0.0,0.0,0.0,0.0,0.0,0.0,0.0,0.0,0.0,0.0,0.0,1.0,08aa9cd1,2020,1,35.8
21.0,1907.0,61.1,52.8,48.8,56.4,57.2,54.6,53.8,54.2,0.32,0.09438909281594127,0.15574200314630307,2.0293654955427374,3.539590980597797,5.2857891976927105,0.8495018353434713,2.5013109596224434,1.5102254850550603,0.8966963817514421,88.0,59.49999999999999,55.8,1.0,-2.3999999999999986,45.3,-10.200000000000003,-2.8000000000000043,-7.899999999999999,-17.5,0.05323055623057541,0.11458346656093721,-0.7145369434816531,-0.6136010462097286,-0.7134577998900076,36.599999999999994,1251.0,0.0,0.0,1.0,0.0,0.0,0.0,0.0,0.0,1.0,0.0,0.0,0.0,0.0,0.0,0959c2a2,2020,1,61.7
22.0,2717.0,63.9,61.9,62.1,29.0,39.1,44.7,52.7,48.7,0.75,0.0430622009569378,0.04637467795362532,1.026867868973132,5.00184026499816,3.345601766654398,0.5299963194700037,2.8818549871181447,0.9606183290393816,0.49687154950312845,75.3,50.8,88.8,1.0,-12.899999999999999,23.699999999999996,-3.6999999999999957,-14.600000000000001,-6.100000000000001,-33.199999999999996,0.031684198428492794,-0.021893337217044714,-0.5660524850091686,-0.5229190930169039,-1.4836211762154932,65.69999999999999,1926.0,1.0,0.0,0.0,0.0,1.0,0.0,0.0,0.0,0.0,0.0,0.0,0.0,0.0,0.0,099e666f,2020,1,47.95
23.0,1387.0,55.3,47.6,45.6,49.0,59.5,51.6,49.6,50.6,0.63,0.29848594087959623,0.1232876712328767,2.4657534246575343,1.0382119682768565,4.023071377072819,1.6222062004325883,1.0382119682768565,4.41240086517664,0.9733237202595529,76.5,38.9,40.6,1.0,15.399999999999999,15.0,17.8,38.0,2.3999999999999986,3.799999999999997,-0.08959268943112031,0.10616655518975686,1.3243456884495444,1.6831855178464399,-0.16026615474153294,17.53145212428663,-190.0,0.0,1.0,0.0,0.0,0.0,0.0,0.0,0.0,0.0,0.0,0.0,0.0,1.0,0.0,0a447501,2020,1,38.7
23.0,1643.0,61.0,77.5,72.7,41.3,31.8,48.9,60.1,54.5,0.69,0.04382227632379793,0.027388922702373704,1.5337796713329275,3.834449178332319,7.066342057212416,1.1503347534996957,2.684114424832623,1.4242239805234327,0.43822276323797926,84.4,42.9,48.0,0.0,,,,,,,,,,,,,,1.0,0.0,0.0,0.0,1.0,0.0,0.0,0.0,0.0,0.0,0.0,0.0,0.0,0.0,0a483542,2020,1,57.8
20.0,2725.0,46.2,10.6,15.1,50.5,58.8,42.1,50.7,46.4,2.06,0.04623853211009174,0.01651376146788991,0.13211009174311927,1.618348623853211,1.2880733944954128,0.1651376146788991,2.2458715596330276,0.39633027522935776,0.06605504587155964,84.3,67.6,79.7,0.0,,,,,,,,,,,,,,1.0,0.0,0.0,0.0,0.0,0.0,0.0,0.0,0.0,0.0,0.0,1.0,0.0,0.0,0b33f6ad,2020,1,61.25
22.0,1550.0,80.7,66.4,70.9,24.3,55.5,67.7,64.7,66.2,0.32,0.5574193548387096,0.2496774193548387,3.2516129032258068,1.6838709677419355,4.238709677419355,2.0903225806451613,1.6258064516129034,5.6322580645161295,1.1612903225806452,75.4,30.0,50.7,1.0,19.0,33.900000000000006,15.600000000000009,8.100000000000009,12.8,14.100000000000001,0.27637846264540106,0.05562537474517329,0.4412039812927211,1.09372826477995,0.14483751049286475,6.700000000000003,205.0,0.0,1.0,0.0,0.0,0.0,0.0,0.0,0.0,0.0,0.0,0.0,0.0,1.0,0.0,0b4f388a,2020,1,58.150000000000006
23.0,1944.0,46.5,50.2,50.1,28.4,68.6,48.4,51.0,49.7,0.2,0.2824074074074074,0.15740740740740738,2.268518518518518,2.5,3.2407407407407405,0.5092592592592592,1.1574074074074074,3.796296296296296,0.8796296296296295,70.8,44.0,56.8,1.0,7.900000000000006,-20.099999999999994,16.700000000000003,28.8,-3.6000000000000014,19.89999999999999,-0.10150187984961206,-0.032117430605551556,0.6648468122550193,0.8109351251899848,1.3822894168466524,2.5999999999999943,92.0,0.0,1.0,0.0,0.0,0.0,0.0,0.0,0.0,0.0,0.0,0.0,0.0,0.0,1.0,0b90bb97,2020,1,40.0
16.0,1027.0,62.6,79.9,68.4,47.9,59.9,65.5,69.1,67.3,1.04,0.3330087633885102,0.18403115871470302,3.330087633885102,2.015579357351509,11.304771178188899,2.015579357351509,1.8403115871470301,9.639727361246349,1.489776046738072,82.9,37.5,30.0,0.0,,,,,,,,,,,,,,0.0,1.0,0.0,0.0,0.0,1.0,0.0,0.0,0.0,0.0,0.0,0.0,0.0,0.0,0ba976e4,2020,0,
23.0,1242.0,35.9,71.1,79.4,42.3,68.6,55.6,60.8,58.2,0.29,0.16666666666666666,0.24637681159420288,3.333333333333333,3.1884057971014492,5.942028985507246,2.681159420289855,2.318840579710145,3.043478260869565,1.5942028985507246,78.6,40.0,49.3,1.0,2.200000000000003,-14.399999999999999,8.299999999999997,-5.5,29.499999999999996,13.699999999999996,0.11305534872176717,0.045334369300829847,-0.2184164805162574,-0.8263999050363129,-0.3633440167481412,10.0,-101.0,0.0,1.0,0.0,0.0,0.0,0.0,0.0,0.0,0.0,0.0,0.0,0.0,1.0,0.0,0be95d34,2020,1,53.0
21.0,2031.0,87.2,46.2,69.5,20.9,30.5,49.6,49.6,49.6,0.51,0.33234859675036926,0.2082717872968981,2.9246676514032495,2.1270310192023634,4.8301329394387,2.3929098966026587,1.8168389955686854,3.10192023633678,1.55096011816839,75.4,36.4,66.4,1.0,3.200000000000003,3.200000000000003,-2.8999999999999986,19.1,3.6999999999999993,-4.399999999999999,-0.03276296511575649,0.10786610778371351,0.4601646088069007,-0.600901543319921,0.48402899080479744,2.0,59.0,0.0,0.0,1.0,0.0,0.0,0.0,0.0,0.0,1.0,0.0,0.0,0.0,0.0,0.0,0c61c77c,2020,1,48.3
22.0,1178.0,29.6,56.0,30.0,53.2,55.9,51.3,51.2,51.2,0.29,0.015280135823429544,0.007640067911714772,0.6876061120543294,3.896434634974533,3.4380305602716468,0.6112054329371817,2.5212224108658745,0.38200339558573854,0.15280135823429541,85.7,46.9,46.7,0.0,,,,,,,,,,,,,,1.0,0.0,0.0,0.0,0.0,0.0,0.0,0.0,0.0,1.0,0.0,0.0,0.0,0.0,0cbc8baa,2020,1,51.3
19.0,3014.0,39.4,48.7,71.7,34.7,47.8,49.0,50.4,49.7,1.7,0.035832780358327807,0.18812209688122097,3.493696084936961,4.807564698075647,3.553417385534174,1.1645653616456537,2.5082946250829465,0.5972130059721301,1.9409422694094227,71.9,38.7,88.1,0.0,,,,,,,,,,,,,,0.0,0.0,1.0,0.0,0.0,0.0,1.0,0.0,0.0,0.0,0.0,0.0,0.0,0.0,0db169ae,2020,1,53.8
21.0,1598.0,24.5,44.9,24.6,45.2,64.3,40.8,52.7,46.8,0.65,0.04505632040050062,0.0506883604505632,1.7459324155193992,3.0413016270337923,5.575719649561952,0.8448060075093867,4.167709637046308,1.3516896120150188,0.7884856070087609,83.1,58.2,65.8,1.0,-2.200000000000003,-12.399999999999999,-2.6000000000000014,-15.899999999999999,7.200000000000003,-0.5,-0.00560034001225735,-0.026985185515665686,-0.3478762148745971,0.5775958221698323,-0.23449574632455672,-12.100000000000009,-1067.0,0.0,0.0,1.0,0.0,0.0,0.0,0.0,0.0,0.0,0.0,1.0,0.0,0.0,0.0,0f8418aa,2020,1,57.2
21.0,1015.0,69.9,79.3,89.6,47.9,31.8,53.0,66.7,59.8,0.55,0.035467980295566505,0.07980295566502463,2.571428571428571,3.4581280788177335,7.0049261083743835,1.3300492610837438,2.394088669950739,1.6847290640394088,1.1527093596059113,84.4,37.5,29.7,1.0,10.5,0.4000000000000057,16.0,27.39999999999999,15.100000000000001,-4.199999999999999,-0.04537034305772691,0.0023328957847851134,1.392536355859709,1.7167524556797726,0.29196041414707485,-48.39999999999999,-1657.0,1.0,0.0,0.0,0.0,1.0,0.0,0.0,0.0,0.0,0.0,0.0,0.0,0.0,0.0,10e7f486,2020,1,43.6
21.0,1497.0,31.8,48.1,54.1,41.7,44.4,45.0,46.3,45.6,0.23,0.06012024048096193,0.07214428857715431,2.8256513026052104,2.7655310621242486,4.809619238476954,1.9238476953907817,3.4869739478957915,1.503006012024048,1.2024048096192386,86.3,15.2,61.6,0.0,,,,,,,,,,,,,,0.0,0.0,1.0,0.0,0.0,0.0,0.0,0.0,1.0,0.0,0.0,0.0,0.0,0.0,10f0fdd3,2020,1,49.7
21.0,1087.0,75.2,51.9,72.3,25.4,33.6,41.2,51.7,46.4,2.07,0.09935602575896964,0.016559337626494943,1.9043238270469183,2.3183072677092915,4.553817847286108,1.7387304507819688,2.81508739650414,1.7387304507819688,0.49678012879484823,76.4,50.0,31.8,1.0,6.600000000000001,6.1000000000000085,6.199999999999996,20.099999999999994,-3.1000000000000014,5.5,0.040378306230791396,-0.10139610142986154,0.9606803145960664,0.5433329193699876,0.9028419990330137,9.5,324.0,1.0,0.0,0.0,0.0,1.0,0.0,0.0,0.0,0.0,0.0,0.0,0.0,0.0,0.0,112521d1,2020,1,42.8
20.0,1561.0,14.4,40.2,17.6,52.9,67.5,38.5,54.6,46.6,0.31,0.011531069827033953,0.04035874439461883,1.1531069827033953,2.7674567584881484,3.7475976937860347,1.3260730301089045,3.632286995515695,0.46124279308135807,0.5188981422165279,87.0,56.7,61.9,0.0,,,,,,,,,,,,,,0.0,0.0,1.0,0.0,0.0,0.0,0.0,0.0,0.0,0.0,1.0,0.0,0.0,0.0,11ff3d56,2020,1,44.8
22.0,1278.0,55.8,32.7,26.3,69.2,64.4,55.0,61.4,58.2,1.42,0.04225352112676056,0.07042253521126761,0.35211267605633806,1.267605633802817,2.746478873239437,0.07042253521126761,1.9014084507042255,1.1971830985915493,0.21126760563380284,92.1,69.7,50.7,0.0,,,,,,,,,,,,,,1.0,0.0,0.0,0.0,0.0,0.0,0.0,0.0,0.0,0.0,0.0,1.0,0.0,0.0,1232e1dc,2020,0,
19.0,1515.0,68.6,82.4,93.3,37.5,53.5,60.0,71.2,65.6,1.01,0.04752475247524753,0.16039603960396043,2.851485148514852,4.871287128712872,6.831683168316832,1.6633663366336635,3.326732673267327,1.3663366336633664,1.425742574257426,83.2,45.5,44.3,0.0,,,,,,,,,,,,,,1.0,0.0,0.0,0.0,1.0,0.0,0.0,0.0,0.0,0.0,0.0,0.0,0.0,0.0,1265a93a,2020,1,61.2
20.0,1273.0,75.7,73.3,81.3,48.6,45.7,57.0,66.3,61.6,1.07,0.07069913589945012,0.03534956794972506,2.1916732128829537,3.676355066771406,6.7164179104477615,1.696779261586803,3.9591516103692066,2.333071484681854,0.8483896307934015,84.5,50.0,37.2,0.0,,,,,,,,,,,,,,1.0,0.0,0.0,0.0,1.0,0.0,0.0,0.0,0.0,0.0,0.0,0.0,0.0,0.0,1295552e,2020,1,50.0
18.0,1215.0,53.7,40.7,21.3,37.2,75.6,52.5,60.8,56.6,1.29,0.06666666666666667,0.007407407407407408,0.5185185185185185,2.2222222222222223,3.259259259259259,0.4444444444444444,3.6296296296296298,0.8888888888888888,0.14814814814814814,83.5,76.9,48.2,0.0,,,,,,,,,,,,,,1.0,0.0,0.0,0.0,0.0,0.0,0.0,0.0,0.0,0.0,0.0,1.0,0.0,0.0,132a82f1,2020,0,
21.0,1029.0,28.4,63.7,60.2,29.0,29.4,39.2,47.2,43.2,0.7,0.008746355685131196,0.01749271137026239,1.5743440233236152,3.061224489795918,5.772594752186589,1.0495626822157433,1.836734693877551,1.1370262390670554,0.43731778425655976,74.76052631578948,49.34210526315789,25.72526724975705,0.0,,,,,,,,,,,,,,1.0,0.0,0.0,0.0,1.0,0.0,0.0,0.0,0.0,0.0,0.0,0.0,0.0,0.0,149c5f5d,2020,1,51.2
22.0,1969.0,80.4,58.6,74.4,23.3,17.6,51.8,64.3,58.0,0.73,0.3062468257998984,0.18283392585068564,3.9766378872524126,3.016759776536313,6.1706449974606405,1.6912138141188422,1.7369222955815136,4.022346368715084,1.782630777044185,74.9,24.2,64.3,0.0,,,,,,,,,,,,,,0.0,0.0,1.0,1.0,0.0,0.0,0.0,0.0,0.0,0.0,0.0,0.0,0.0,0.0,15b287da,2020,1,51.6
22.0,2024.0,42.8,56.7,50.6,46.8,55.1,52.3,52.1,52.2,0.58,0.044466403162055336,0.017786561264822136,0.6669960474308301,3.3349802371541504,4.357707509881423,0.3112648221343874,3.112648221343874,0.7559288537549408,0.17786561264822134,89.7,54.5,59.2,1.0,4.400000000000006,-16.800000000000004,14.100000000000001,10.899999999999999,-13.100000000000001,12.600000000000001,0.0025734628982849728,-0.010142065577691442,0.10842351058055855,-0.25051591913331706,0.7515822542216446,21.5,735.0,1.0,0.0,0.0,0.0,0.0,0.0,0.0,0.0,0.0,1.0,0.0,0.0,0.0,0.0,15d0c248,2020,1,51.6
18.0,2312.0,64.4,60.7,79.3,14.2,24.6,50.3,54.2,52.2,0.63,0.11678200692041522,0.1051038062283737,3.542387543252595,2.9974048442906573,8.174740484429066,2.8027681660899653,2.102076124567474,4.009515570934256,1.3235294117647058,70.5,26.5,67.6,0.0,,,,,,,,,,,,,,0.0,0.0,1.0,0.0,0.0,0.0,0.0,0.0,1.0,0.0,0.0,0.0,0.0,0.0,16aa3654,2020,1,55.8
22.0,2284.0,53.6,77.5,63.0,39.3,55.4,59.0,63.8,61.4,0.86,0.45315236427320493,0.10639229422066551,3.585814360770578,2.2066549912434326,7.132224168126095,2.9947460595446587,1.576182136602452,6.107705779334501,1.2609457092819616,79.1,36.0,66.8,1.0,-0.20000000000000284,-7.199999999999996,5.099999999999994,0.6000000000000014,6.0,1.6000000000000014,0.11684663178912846,-0.09615547647997141,0.5284895200062469,-0.09070576817963705,-0.4685042444253571,-2.1000000000000085,-71.0,0.0,1.0,0.0,0.0,0.0,1.0,0.0,0.0,0.0,0.0,0.0,0.0,0.0,0.0,178ae8f8,2020,1,75.8
23.0,2502.0,43.5,24.6,23.0,63.9,41.5,42.0,45.1,43.6,0.78,0.03597122302158273,0.02517985611510791,0.4676258992805755,2.2302158273381294,2.0863309352517985,0.39568345323741005,2.6258992805755397,0.39568345323741005,0.07194244604316546,87.7,54.1,73.2,0.0,,,,,,,,,,,,,,1.0,0.0,0.0,0.0,0.0,0.0,0.0,0.0,0.0,0.0,0.0,1.0,0.0,0.0,18abe173,2020,1,48.9
21.0,1914.0,70.6,53.6,62.0,21.6,33.3,48.4,50.2,49.3,0.01,0.15047021943573669,0.13636363636363635,3.2445141065830723,2.633228840125392,5.407523510971787,1.974921630094044,1.4106583072100314,3.0564263322884013,1.316614420062696,68.2,29.4,56.0,1.0,-1.7000000000000028,2.5999999999999943,9.899999999999999,-5.099999999999994,-3.5,1.9999999999999964,0.006700251384618466,-0.03256607609642756,0.47694222159904687,1.4897918815788156,-0.17028553687141335,-17.200000000000003,-590.0,0.0,0.0,1.0,0.0,0.0,0.0,0.0,0.0,1.0,0.0,0.0,0.0,0.0,0.0,19709006,2020,1,49.3
23.0,1769.0,81.4,62.1,91.1,46.8,45.0,55.3,65.6,60.4,1.28,0.10175240248728096,0.11192764273600905,2.2894290559638213,3.7648388920293954,4.680610514414924,0.7122668174109666,2.594686263425664,2.6964386659129453,1.2719050310910118,84.0,57.9,51.7,1.0,1.0,-7.3999999999999915,-7.699999999999996,9.399999999999991,8.399999999999999,0.3999999999999986,-0.023870728120894524,-0.0047224071144396085,0.1807550778980187,-1.555680612205216,-0.317912852736308,-7.0,-237.0,1.0,0.0,0.0,0.0,1.0,0.0,0.0,0.0,0.0,0.0,0.0,0.0,0.0,0.0,197640fd,2020,1,49.7
23.0,2213.0,42.9,25.7,25.9,55.2,62.5,48.7,55.7,52.2,0.62,0.024401265250790782,0.024401265250790782,0.4066877541798464,2.033438770899232,2.1961138725711704,0.08133755083596927,4.026208766380479,0.7320379575237235,0.12200632625395391,86.3,70.0,64.7,0.0,,,,,,,,,,,,,,1.0,0.0,0.0,0.0,0.0,0.0,0.0,0.0,0.0,0.0,0.0,1.0,0.0,0.0,19e4eab9,2020,1,44.2
22.0,2115.0,42.2,75.0,53.2,64.2,32.4,57.2,61.5,59.4,0.65,0.055319148936170216,0.10212765957446808,2.2127659574468086,4.595744680851064,8.595744680851064,1.6170212765957446,1.9148936170212767,1.7446808510638299,0.9787234042553191,92.5,45.5,61.8,0.0,,,,,,,,,,,,,,0.0,0.0,1.0,0.0,0.0,0.0,0.0,0.0,1.0,0.0,0.0,0.0,0.0,0.0,1bacc518,2020,1,65.1
20.0,1722.0,78.4,84.4,88.0,33.7,59.6,75.2,78.8,77.0,0.96,0.47038327526132406,0.18815331010452963,4.128919860627178,3.18815331010453,9.982578397212544,2.6655052264808363,1.7247386759581882,7.369337979094077,1.5156794425087108,78.0,25.4,50.4,1.0,15.600000000000001,-17.0,20.800000000000004,4.299999999999997,15.300000000000004,13.800000000000004,0.0068639619566030485,-0.06291965126886095,-0.9891058904457832,-0.7363057229591288,0.967123267186075,19.9,790.0,0.0,1.0,0.0,0.0,0.0,1.0,0.0,0.0,0.0,0.0,0.0,0.0,0.0,0.0,1bf33a9a,2020,1,47.0
18.0,1366.0,72.2,30.3,23.2,54.4,49.1,45.2,48.7,47.0,0.19,0.10541727672035141,0.0,0.4612005856515374,2.0424597364568085,2.3718887262079065,0.3953147877013177,2.3718887262079065,0.7247437774524158,0.06588579795021962,84.9,59.5,54.2,1.0,-9.299999999999997,27.0,1.8000000000000007,-25.900000000000002,15.0,-25.800000000000004,0.09119926724167843,-0.014218009478672987,-0.6762401726423015,-0.1873529799532312,-0.5167819697043292,35.7,733.0,1.0,0.0,0.0,0.0,0.0,0.0,0.0,0.0,0.0,0.0,0.0,1.0,0.0,0.0,1bfb6fef,2020,1,52.6
20.0,3420.0,24.4,38.8,22.7,64.4,79.7,44.7,64.1,54.4,0.54,0.034210526315789476,0.03684210526315789,1.236842105263158,2.9473684210526314,3.3421052631578947,1.0789473684210527,4.526315789473684,0.7631578947368421,0.5789473684210527,86.0,60.7,100.0,1.0,2.6000000000000014,3.5,10.299999999999997,14.0,-3.299999999999997,-3.3999999999999915,-0.0017535096482464846,0.024854093275145903,0.36771123613228884,0.2551921762448077,0.7595562332404437,12.200000000000017,417.0,0.0,0.0,1.0,0.0,0.0,0.0,0.0,0.0,0.0,0.0,1.0,0.0,0.0,0.0,1c7012b8,2020,1,62.35
23.0,1751.0,49.6,47.6,30.7,78.8,55.2,56.8,59.7,58.2,0.03,0.02569960022844089,0.04625928041119361,0.5653912050256996,2.4157624214734437,3.75214163335237,0.10279840091376356,2.8783552255853797,0.6167904054825813,0.20559680182752713,92.7,63.0,51.20000000000001,1.0,3.6000000000000014,18.200000000000003,-2.6999999999999957,20.799999999999997,-1.9000000000000057,5.200000000000003,0.02569960022844089,0.04625928041119361,0.27365700729474335,0.10546416171541706,-2.2519847422218566,33.20000000000001,1134.0,1.0,0.0,0.0,0.0,0.0,0.0,0.0,0.0,0.0,0.0,0.0,1.0,0.0,0.0,1cb49278,2020,1,68.2
21.0,3237.0,38.9,41.9,64.5,24.4,66.4,46.1,50.7,48.4,0.19,0.061167747914735865,0.12233549582947173,2.5857275254865617,3.6978683966635773,4.559777571825764,0.6672845227062094,3.253012048192771,1.8072289156626504,1.3623725671918443,66.7,36.8,94.59999999999998,1.0,4.399999999999999,0.19999999999999574,8.799999999999997,3.799999999999997,-10.200000000000003,7.800000000000004,-0.015297842569546208,-9.448945379603169e-06,0.06236303950525324,1.195291590517353,1.0980383201979866,25.799999999999983,883.0,0.0,0.0,1.0,0.0,0.0,0.0,0.0,0.0,0.0,0.0,1.0,0.0,0.0,0.0,1daec722,2020,1,64.1
23.0,2095.0,60.5,34.5,72.0,37.7,35.0,46.6,53.9,50.2,0.12,0.10739856801909307,0.15894988066825777,2.8782816229116945,2.4057279236276847,3.995226730310262,0.5155131264916467,1.9761336515513126,2.7494033412887826,1.9331742243436754,71.1,34.5,61.3,1.0,-1.0,10.100000000000001,-26.5,26.799999999999997,-14.599999999999994,-5.0,-0.05147993665380414,0.08418352552807085,1.382954520107956,-2.4533714005308593,-2.2671692726339976,33.099999999999994,1132.0,0.0,0.0,1.0,1.0,0.0,0.0,0.0,0.0,0.0,0.0,0.0,0.0,0.0,0.0,1ea5f91c,2020,0,
19.0,1063.0,82.6,38.3,50.4,46.6,54.5,60.9,66.9,63.9,0.86,0.7450611476952023,0.10159924741298211,2.116650987770461,0.9313264346190028,2.9633113828786453,1.0159924741298212,0.8466603951081844,5.7572906867356535,0.761994355597366,73.7,47.7,34.7,0.0,,,,,,,,,,,,,,0.0,1.0,0.0,0.0,0.0,0.0,0.0,1.0,0.0,0.0,0.0,0.0,0.0,0.0,1f44ac21,2020,1,73.05000000000001
23.0,2663.0,59.2,43.1,61.9,32.5,60.0,49.9,51.2,50.6,0.22,0.03717611716109651,0.047315058205031915,1.2504693954187007,3.1430717236199777,2.5009387908374014,0.1351858805858055,2.9740893728877205,1.1152835148328952,0.37176117161096506,71.2,54.2,77.9,1.0,0.0,9.0,3.1000000000000014,3.299999999999997,-6.200000000000003,-2.799999999999997,0.014448844433823788,-0.007879746989773277,-0.17810203315272788,-0.45360666370805314,0.38333146387971784,-3.1999999999999886,-109.0,1.0,0.0,0.0,0.0,1.0,0.0,0.0,0.0,0.0,0.0,0.0,0.0,0.0,0.0,1fe0492d,2020,1,52.4
21.0,1110.0,39.6,78.8,61.0,59.7,8.2,55.0,61.4,58.2,0.43,0.048648648648648644,0.07297297297297298,2.8378378378378377,6.0,9.486486486486486,1.2162162162162162,1.6216216216216215,2.0270270270270268,1.4594594594594594,87.7,13.300000000000002,44.0,1.0,4.400000000000006,8.5,9.299999999999997,-15.700000000000003,-6.700000000000003,-24.099999999999998,0.028006446813786258,-0.06326555913711876,-0.506198859409869,2.0965782296057514,-3.1651376146788994,-19.700000000000003,-1070.0,0.0,0.0,1.0,0.0,0.0,0.0,0.0,0.0,1.0,0.0,0.0,0.0,0.0,0.0,20094685,2020,1,54.35
20.0,1404.0,52.1,70.6,85.7,47.4,45.3,61.4,66.1,63.8,0.8,0.27564102564102566,0.16666666666666669,3.782051282051282,2.2435897435897436,7.17948717948718,2.628205128205128,0.576923076923077,6.410256410256411,1.9230769230769231,76.1,47.6,41.1,1.0,13.099999999999994,-17.300000000000004,45.099999999999994,52.1,7.600000000000001,4.5,-0.025058275058275015,0.04778554778554782,2.0337995337995336,4.662004662004662,1.5442890442890445,3.5,117.0,0.0,1.0,0.0,0.0,0.0,1.0,0.0,0.0,0.0,0.0,0.0,0.0,0.0,0.0,20730eae,2020,1,68.6
23.0,3036.0,62.3,54.2,20.9,70.0,70.8,61.9,67.7,64.8,0.92,0.06225296442687747,0.023715415019762848,0.4150197628458498,2.3715415019762847,3.142292490118577,0.5335968379446641,2.934782608695652,0.9782608695652174,0.11857707509881422,90.9,68.4,88.8,0.0,,,,,,,,,,,,,,1.0,0.0,0.0,0.0,0.0,0.0,0.0,0.0,0.0,0.0,0.0,1.0,0.0,0.0,21166ff4,2020,1,62.4
21.0,1373.0,34.8,22.2,11.4,26.8,79.8,31.5,52.2,41.8,1.38,0.0917698470502549,0.03277494537509104,1.4420975965040057,1.9664967225054624,2.1631463947560086,1.2454479242534595,4.654042243262928,1.4420975965040057,0.4588492352512746,70.3,47.7,54.5,0.0,,,,,,,,,,,,,,0.0,0.0,1.0,0.0,0.0,0.0,0.0,0.0,0.0,0.0,1.0,0.0,0.0,0.0,2145368f,2020,0,
22.0,1622.0,53.7,83.4,78.5,30.1,46.1,53.2,63.7,58.4,0.1,0.027743526510480888,0.03884093711467324,1.5536374845869296,6.381011097410604,6.436498150431566,0.6103575832305795,3.384710234278668,1.6091245376078915,0.7213316892725031,80.8,55.6,47.4,1.0,-1.2000000000000028,1.6000000000000014,3.9000000000000057,1.4000000000000057,-3.299999999999997,-6.399999999999999,0.009281988048942424,-0.05346675519301906,-0.47713174618230103,0.574959688893105,1.4425495589490662,-9.600000000000001,-328.0,1.0,0.0,0.0,0.0,1.0,0.0,0.0,0.0,0.0,0.0,0.0,0.0,0.0,0.0,2146785a,2020,1,57.4
19.0,1165.0,25.4,38.4,24.1,69.9,31.4,41.4,44.4,42.9,0.56,0.007725321888412018,0.007725321888412018,0.38626609442060084,2.703862660944206,3.244635193133047,0.6952789699570815,1.4678111587982832,0.15450643776824033,0.2317596566523605,87.1,42.9,34.1,0.0,,,,,,,,,,,,,,1.0,0.0,0.0,0.0,0.0,0.0,0.0,0.0,0.0,1.0,0.0,0.0,0.0,0.0,217875a4,2020,0,
23.0,1541.0,37.7,30.6,38.2,44.0,44.9,37.7,37.8,37.8,0.34,0.26281635301752104,0.05840363400389357,1.8689162881245942,1.1680726800778714,1.8689162881245942,0.5840363400389357,0.81765087605451,3.9714471122647628,1.0512654120700842,73.0,29.4,61.20000000000001,0.0,,,,,,,,,,,,,,0.0,1.0,0.0,0.0,0.0,0.0,0.0,0.0,0.0,0.0,0.0,0.0,1.0,0.0,21f8d950,2020,0,
21.0,981.0,34.7,48.6,43.3,36.3,34.9,38.8,41.3,40.0,0.69,0.0,0.009174311926605505,0.7339449541284403,2.385321100917431,4.587155963302752,0.5504587155963303,2.385321100917431,0.8256880733944953,0.0,77.4,50.0,28.7,1.0,-4.0,7.900000000000002,0.20000000000000284,-11.400000000000006,4.899999999999999,-12.0,-0.00946372239747634,-0.019216855265823517,-0.40170173356872063,0.5177553323879254,0.3979393974473995,0.8999999999999986,30.0,1.0,0.0,0.0,0.0,1.0,0.0,0.0,0.0,0.0,0.0,0.0,0.0,0.0,0.0,228b0d9d,2020,1,43.2
21.0,988.0,41.6,60.3,30.3,39.8,12.1,40.2,44.5,42.4,1.17,0.07287449392712551,0.06376518218623481,2.0040485829959516,3.825910931174089,6.558704453441296,1.548582995951417,1.7307692307692308,1.1842105263157894,1.1842105263157894,83.4,9.5,39.2,1.0,0.29999999999999716,-9.5,9.599999999999994,-10.7,0.29999999999999716,-0.3000000000000007,-0.049574485664711204,-0.02369837466507714,-0.4449310088407832,-0.3509165378123482,1.63932200989129,9.100000000000001,-41.0,0.0,0.0,1.0,0.0,0.0,0.0,0.0,0.0,1.0,0.0,0.0,0.0,0.0,0.0,22bfb57e,2020,1,43.7
20.0,1239.0,26.4,53.4,51.2,53.4,45.1,41.3,45.3,43.3,0.8,0.13801452784503632,0.06537530266343826,2.324455205811138,2.1065375302663436,4.50363196125908,1.6707021791767553,1.0895883777239708,3.3414043583535107,0.7990314769975786,77.3,33.3,49.2,1.0,6.299999999999997,-12.700000000000003,18.0,25.300000000000004,-3.1000000000000014,15.8,-0.11391597408546561,-0.02149728420914862,-0.19484981349388164,1.9843269419540603,0.8034487271775406,18.900000000000002,203.0,0.0,1.0,0.0,0.0,0.0,1.0,0.0,0.0,0.0,0.0,0.0,0.0,0.0,0.0,23c63b7f,2020,1,45.4
22.0,1812.0,39.3,38.4,46.9,43.1,46.5,41.7,42.7,42.2,0.41,0.24834437086092717,0.1390728476821192,2.2350993377483444,1.1920529801324504,2.8807947019867552,1.490066225165563,1.490066225165563,4.768211920529802,1.1423841059602649,76.5,25.2,71.9,1.0,-10.799999999999997,-20.900000000000006,-15.300000000000004,-4.5,28.5,-14.299999999999997,-0.1974387616691933,0.042687305513444504,-0.8974307827335832,-0.8541450570493891,-0.1332482246868265,50.10000000000001,1065.0,0.0,1.0,0.0,0.0,0.0,0.0,0.0,0.0,0.0,0.0,0.0,0.0,1.0,0.0,244bc2c8,2020,1,54.6
22.0,2079.0,48.4,71.1,82.2,22.8,45.9,48.9,59.3,54.1,1.77,0.017316017316017316,0.10822510822510822,1.9913419913419912,3.6363636363636362,6.4935064935064934,2.4242424242424243,3.2467532467532467,1.4285714285714284,0.9090909090909091,74.4,53.1,60.8,1.0,-2.0,-28.9,7.599999999999994,4.400000000000006,-1.3000000000000007,-7.5,-0.04101731601731601,0.004058441558441553,0.07467532467532445,1.9518398268398265,-0.07196969696969724,-2.4000000000000057,-81.0,1.0,0.0,0.0,0.0,1.0,0.0,0.0,0.0,0.0,0.0,0.0,0.0,0.0,0.0,246d153b,2020,1,50.7
22.0,1014.0,64.4,80.5,75.9,57.6,41.7,58.0,66.5,62.2,0.0,0.06213017751479289,0.04437869822485207,1.331360946745562,3.6390532544378695,9.142011834319526,0.9763313609467454,2.8402366863905324,2.8402366863905324,0.9763313609467454,89.8,52.60000000000001,29.6,1.0,7.400000000000006,-25.799999999999997,15.599999999999994,3.3000000000000114,20.1,3.1000000000000014,-0.040089750208490545,-0.05784122949843137,-0.2948651761248562,3.00881617092252,0.38660100869703307,-27.0,-923.0,1.0,0.0,0.0,0.0,1.0,0.0,0.0,0.0,0.0,0.0,0.0,0.0,0.0,0.0,24f59bb2,2020,1,61.7
21.0,928.0,81.4,57.6,81.7,15.2,48.6,56.1,57.5,56.8,1.5,0.23275862068965514,0.18426724137931033,3.879310344827586,2.8125,7.661637931034482,4.655172413793103,3.4913793103448274,4.655172413793103,1.2607758620689655,72.3,26.3,27.1,0.0,,,,,,,,,,,,,,0.0,0.0,1.0,0.0,0.0,0.0,0.0,0.0,1.0,0.0,0.0,0.0,0.0,0.0,254147d4,2020,0,
19.0,1020.0,65.0,69.4,71.3,26.6,39.1,56.0,59.9,58.0,0.86,0.07058823529411765,0.19411764705882353,3.352941176470588,4.852941176470588,8.029411764705882,2.1176470588235294,3.176470588235294,1.1470588235294117,1.588235294117647,79.2,39.1,40.5,0.0,,,,,,,,,,,,,,0.0,0.0,1.0,0.0,0.0,0.0,0.0,0.0,1.0,0.0,0.0,0.0,0.0,0.0,26777636,2020,1,60.3
23.0,1716.0,67.5,26.9,22.8,19.1,49.7,34.0,38.2,36.1,0.57,0.1625874125874126,0.07867132867132867,1.4685314685314685,1.3636363636363638,2.7797202797202796,1.153846153846154,1.5734265734265735,3.041958041958042,0.47202797202797203,68.1,47.1,56.1,0.0,,,,,,,,,,,,,,0.0,0.0,1.0,1.0,0.0,0.0,0.0,0.0,0.0,0.0,0.0,0.0,0.0,0.0,271b8617,2020,0,
21.0,1022.0,27.0,23.2,23.4,44.1,65.1,45.4,53.7,49.6,0.37,0.008806262230919765,0.008806262230919765,0.3522504892367906,1.6731898238747553,1.9373776908023483,0.08806262230919765,3.258317025440313,0.3522504892367906,0.08806262230919765,87.7,79.6,29.9,0.0,,,,,,,,,,,,,,1.0,0.0,0.0,0.0,0.0,0.0,0.0,0.0,0.0,0.0,0.0,1.0,0.0,0.0,2784f898,2020,1,58.4
19.0,1258.0,33.9,19.0,23.2,36.0,32.1,28.8,30.9,29.8,0.86,0.2861685214626391,0.03577106518282989,1.7885532591414943,0.7154213036565977,2.7901430842607313,0.4292527821939587,1.2162162162162162,4.364069952305246,0.4292527821939587,77.3,22.6,36.8,0.0,,,,,,,,,,,,,,0.0,1.0,0.0,0.0,0.0,0.0,0.0,1.0,0.0,0.0,0.0,0.0,0.0,0.0,27c01749,2020,0,
22.0,2316.0,36.0,29.3,25.1,53.1,59.5,38.8,50.5,44.6,0.56,0.038860103626943004,0.034974093264248704,1.709844559585492,2.5259067357512954,3.069948186528497,1.0103626943005182,2.9533678756476682,0.9715025906735751,0.7383419689119171,81.4,43.4,67.7,0.0,,,,,,,,,,,,,,0.0,0.0,1.0,0.0,0.0,0.0,0.0,0.0,0.0,0.0,1.0,0.0,0.0,0.0,283c7121,2020,0,
23.0,957.0,50.2,28.8,18.2,40.1,67.1,47.0,55.0,51.0,1.33,0.02821316614420063,0.0,0.2821316614420063,1.974921630094044,1.0344827586206897,0.09404388714733543,2.2570532915360504,0.658307210031348,0.0,85.1,75.9,38.0,1.0,2.5,-25.799999999999997,-14.7,-9.7,0.6000000000000014,12.299999999999997,-0.10035826242722795,-0.008571428571428572,-0.23215405284370805,-0.8512315270935962,-0.0822212270488134,7.300000000000001,-93.0,1.0,0.0,0.0,0.0,0.0,0.0,0.0,0.0,0.0,0.0,0.0,1.0,0.0,0.0,288e1e13,2020,1,51.3
22.0,924.0,72.7,59.6,65.2,17.4,20.7,48.4,59.1,53.8,0.32,0.18506493506493504,0.20454545454545453,3.1168831168831166,3.019480519480519,6.136363636363636,2.24025974025974,1.9480519480519478,3.1168831168831166,1.461038961038961,57.8,31.6,36.7,1.0,12.0,0.0,18.200000000000003,1.2000000000000028,1.8999999999999986,-7.5,0.030410997117441024,0.07996311564330656,0.19564206676378504,1.7115426339770012,0.22711775098409914,-24.599999999999994,-1171.0,0.0,0.0,1.0,1.0,0.0,0.0,0.0,0.0,0.0,0.0,0.0,0.0,0.0,0.0,2a657da0,2020,0,
21.0,928.0,61.9,59.9,17.0,45.5,70.5,56.3,53.5,54.9,1.3,0.04849137931034483,0.0,0.3879310344827586,4.073275862068965,3.4913793103448274,0.8728448275862069,3.103448275862069,0.48491379310344823,0.0,83.0,68.2,30.3,0.0,,,,,,,,,,,,,,1.0,0.0,0.0,0.0,0.0,0.0,0.0,0.0,0.0,1.0,0.0,0.0,0.0,0.0,2a6cd437,2020,0,
22.0,1352.0,15.1,51.7,43.0,35.3,48.8,40.8,43.2,42.0,0.09,0.01997041420118343,0.03328402366863906,2.1301775147928996,4.326923076923077,3.195266272189349,2.3298816568047336,2.662721893491124,0.8653846153846154,0.8653846153846154,77.9,46.7,39.5,1.0,1.2000000000000028,5.1,10.400000000000006,6.399999999999999,-8.100000000000001,-0.8000000000000043,0.007522281421100441,0.02083589088855607,0.38743892558128135,-0.41469223403471744,-0.27888605170762837,18.4,629.0,0.0,0.0,1.0,0.0,0.0,0.0,1.0,0.0,0.0,0.0,0.0,0.0,0.0,0.0,2afc7272,2020,1,34.8
20.0,953.0,23.6,43.6,31.4,56.0,60.9,43.2,53.7,48.4,0.86,0.03777544596012592,0.05666316894018888,1.6998950682056664,3.588667366211962,3.871983210912907,0.5666316894018888,2.8331584470094437,1.2277019937040923,0.5666316894018888,85.1,38.5,31.1,1.0,-12.800000000000004,-13.399999999999999,-26.800000000000004,-7.399999999999999,13.600000000000001,-23.000000000000007,0.02529278299202606,-0.06816346074080973,0.07714888235268447,-2.7438281621800193,-2.9023173771999655,7.5,232.0,0.0,0.0,1.0,0.0,0.0,0.0,0.0,0.0,0.0,0.0,1.0,0.0,0.0,0.0,2b09d998,2020,1,50.7
22.0,1863.0,74.4,56.0,74.3,16.1,12.0,47.8,51.1,49.4,2.26,0.15942028985507245,0.15942028985507245,4.251207729468599,1.9806763285024156,8.792270531400966,4.9275362318840585,1.1111111111111112,3.8647342995169085,1.642512077294686,72.7,25.9,54.5,1.0,-1.8999999999999986,43.300000000000004,-15.700000000000003,-0.20000000000000284,-8.899999999999999,-16.4,-0.03609695152423789,-0.045407296351824084,-0.18672330501415946,-0.9215225720473104,-0.12966849908379152,-30.299999999999997,-1037.0,0.0,0.0,1.0,0.0,0.0,0.0,0.0,0.0,1.0,0.0,0.0,0.0,0.0,0.0,2b16cb1a,2020,1,49.8
22.0,1082.0,14.7,40.4,26.2,58.6,80.7,43.4,63.1,53.2,0.64,0.016635859519408505,0.024953789279112754,1.9963031423290203,4.242144177449168,2.744916820702403,2.162661737523105,4.32532347504621,0.16635859519408502,0.7486136783733827,84.3,53.20000000000001,31.600000000000005,0.0,,,,,,,,,,,,,,0.0,0.0,1.0,0.0,0.0,0.0,0.0,0.0,0.0,0.0,1.0,0.0,0.0,0.0,2cfae697,2020,1,55.8
19.0,1777.0,76.3,61.4,24.4,51.4,86.9,66.1,73.9,70.0,1.27,0.09116488463702871,0.025323579065841307,0.45582442318514355,3.3933595948227353,2.734946539110861,0.8610016882386045,4.203714124929657,1.0635903207653348,0.050647158131682614,83.6,74.3,58.1,1.0,18.0,6.099999999999994,15.699999999999996,-15.700000000000003,21.099999999999998,22.200000000000003,0.0044982179703620395,0.01865691239917464,-0.4775089101481898,-0.465053460889139,0.9266929281560685,14.0,427.0,1.0,0.0,0.0,0.0,0.0,0.0,0.0,0.0,0.0,0.0,0.0,1.0,0.0,0.0,2d61d13a,2020,1,49.1
22.0,1792.0,47.6,48.5,79.8,32.6,21.3,36.7,48.4,42.6,1.22,0.015066964285714284,0.14564732142857142,2.4609375,2.712053571428571,5.474330357142857,1.2053571428571428,1.7578125,0.6529017857142857,1.5569196428571428,72.6,40.5,58.6,1.0,-5.399999999999999,-8.5,-15.200000000000003,-12.400000000000006,3.1000000000000014,1.9000000000000021,-0.009950408890102257,-0.007584089273304895,-0.509875564628214,-1.3116321167973792,-0.5402049414275791,-35.49999999999999,-1086.0,1.0,0.0,0.0,0.0,1.0,0.0,0.0,0.0,0.0,0.0,0.0,0.0,0.0,0.0,2f3e911a,2020,1,45.75
23.0,2221.0,15.1,56.4,30.0,69.8,56.4,47.6,51.1,49.4,0.18,0.020261143628995948,0.040522287257991896,1.539846915803692,5.592075641602881,5.673120216118866,0.5673120216118865,2.7960378208014407,0.16208914903196758,0.7294011706438541,88.5,62.5,64.9,1.0,3.5,-10.6,-6.700000000000003,12.5,8.799999999999997,17.699999999999996,-0.036094523246395414,0.023615587195374488,0.3000222445450822,-1.3713381433050547,0.7454882903192246,18.200000000000003,624.0,0.0,0.0,1.0,0.0,0.0,0.0,1.0,0.0,0.0,0.0,0.0,0.0,0.0,0.0,2f7acede,2020,1,55.6
21.0,1391.0,65.9,42.3,18.1,29.5,23.6,35.6,36.0,35.8,1.38,0.1876347951114306,0.05176132278936017,1.6175413371675054,1.6822429906542056,4.529115744069015,2.5233644859813085,1.7469446441409058,3.5585909417685118,0.3882099209202013,81.8,21.2,55.2,0.0,,,,,,,,,,,,,,0.0,0.0,1.0,0.0,0.0,0.0,0.0,0.0,1.0,0.0,0.0,0.0,0.0,0.0,30144daa,2020,1,43.2
23.0,1817.0,52.1,33.6,31.5,67.1,35.3,43.4,44.7,44.0,0.17,0.03962575674188222,0.02476609796367639,0.39625756741882223,2.2784810126582276,3.2195927352779306,0.14859658778205834,1.8822234452394055,0.2476609796367639,0.09906439185470556,87.0,61.4,59.4,1.0,-7.0,0.8000000000000043,-4.899999999999999,-6.899999999999999,23.999999999999993,-25.0,-0.03366414553824808,0.01010811750765033,-0.3366414553824807,1.0208956668740217,-0.9462746876675054,39.3,1203.0,1.0,0.0,0.0,0.0,0.0,0.0,0.0,0.0,0.0,1.0,0.0,0.0,0.0,0.0,302527b2,2020,1,52.15
22.0,1518.0,75.6,89.1,96.5,29.9,41.4,55.3,71.2,63.2,1.02,0.06521739130434782,0.2075098814229249,3.142292490118577,6.225296442687747,7.944664031620553,1.541501976284585,2.193675889328063,2.1343873517786562,1.7193675889328062,76.4343195266272,41.69822485207101,29.2794466403162,0.0,,,,,,,,,,,,,,1.0,0.0,0.0,0.0,1.0,0.0,0.0,0.0,0.0,0.0,0.0,0.0,0.0,0.0,30941e96,2020,1,49.45
22.0,2070.0,41.7,77.9,75.2,35.4,36.2,48.5,58.9,53.7,0.65,0.008695652173913044,0.08260869565217391,1.3043478260869565,5.130434782608695,6.782608695652174,0.8260869565217391,3.4782608695652173,1.4782608695652173,0.7391304347826086,80.1,40.0,82.1,1.0,2.9000000000000057,-18.299999999999997,18.200000000000003,-11.299999999999997,3.6999999999999993,3.1000000000000014,-0.024626461592495576,0.0008180527709891194,-0.9070288147747059,1.996341445568027,1.4044166069102775,-4.800000000000011,-901.0,1.0,0.0,0.0,0.0,1.0,0.0,0.0,0.0,0.0,0.0,0.0,0.0,0.0,0.0,31a62dc7,2020,1,61.4
18.0,1162.0,20.4,37.8,28.3,14.4,37.6,26.6,29.9,28.2,1.97,0.24784853700516352,0.06196213425129088,2.4010327022375213,0.774526678141136,3.5628227194492252,2.478485370051635,1.161790017211704,4.337349397590361,0.8519793459552496,68.2,22.2,38.0,0.0,,,,,,,,,,,,,,0.0,1.0,0.0,0.0,0.0,1.0,0.0,0.0,0.0,0.0,0.0,0.0,0.0,0.0,33144cc5,2020,0,
22.0,2509.0,80.4,85.9,91.7,32.8,42.6,55.6,70.2,62.9,1.05,0.08250298923874053,0.1434834595456357,2.403347947389398,4.125149461937027,7.281785571941013,1.470705460342766,2.7620565962534878,3.192506974890395,1.470705460342766,79.7,55.3,73.4,1.0,3.3999999999999986,30.200000000000003,7.700000000000003,12.0,-12.800000000000004,-1.1999999999999957,0.06641719835402203,-0.0012886584168307902,0.07090826910521608,0.28446653708846625,0.34498860402817977,40.7,1390.0,1.0,0.0,0.0,0.0,1.0,0.0,0.0,0.0,0.0,0.0,0.0,0.0,0.0,0.0,3353737a,2020,1,53.6
21.0,972.0,35.3,35.9,29.3,44.2,43.4,40.3,42.4,41.3,0.51,0.027777777777777776,0.009259259259259259,0.4629629629629629,3.518518518518518,2.222222222222222,0.0,1.111111111111111,0.37037037037037035,0.09259259259259259,82.4,48.79999999999999,28.4,0.0,,,,,,,,,,,,,,1.0,0.0,0.0,0.0,0.0,0.0,0.0,0.0,0.0,0.0,0.0,1.0,0.0,0.0,33914f14,2020,0,
22.0,1690.0,84.0,73.0,84.6,15.8,42.8,61.0,64.8,62.9,0.33,0.21834319526627216,0.2875739644970414,4.952662721893491,4.899408284023669,6.390532544378698,3.088757396449704,2.289940828402367,4.100591715976331,2.1834319526627217,66.3,45.5,67.1,0.0,,,,,,,,,,,,,,0.0,0.0,1.0,0.0,0.0,0.0,0.0,0.0,1.0,0.0,0.0,0.0,0.0,0.0,3423f250,2020,1,64.4
23.0,1019.0,21.9,48.3,11.6,71.2,65.2,44.1,46.0,45.0,0.12,0.02649656526005888,0.008832188420019628,0.7948969578017664,3.0912659470068693,4.857703631010795,0.5299313052011776,2.8263002944062805,0.7948969578017664,0.35328753680078506,91.4,66.7,33.3,1.0,-6.200000000000003,-13.0,-6.800000000000004,-17.6,3.4000000000000057,22.5,0.014125431239440324,0.00264662140971035,0.36190726708011695,0.4040953835881149,-0.8674969395910685,-14.200000000000003,-436.0,0.0,0.0,1.0,0.0,0.0,0.0,1.0,0.0,0.0,0.0,0.0,0.0,0.0,0.0,346d51d9,2020,0,
21.0,1309.0,66.7,50.3,40.3,20.7,35.7,42.7,44.0,43.4,1.49,0.1925133689839572,0.10313216195569137,1.787624140565317,2.5439266615737206,5.225362872421696,3.300229182582124,2.3376623376623376,2.5439266615737206,0.8938120702826585,72.3,21.1,42.8,1.0,-1.1000000000000014,8.0,13.799999999999997,-37.2,-4.400000000000002,7.100000000000001,0.14240201040934697,-0.08729100062782753,-1.519725525358959,-0.18666385363620996,0.23880416714164943,13.499999999999996,411.0,0.0,0.0,1.0,0.0,0.0,0.0,0.0,0.0,1.0,0.0,0.0,0.0,0.0,0.0,34a0f5ff,2020,1,51.6
23.0,1878.0,53.8,45.0,49.5,24.5,54.8,44.7,45.9,45.3,0.43,0.038338658146964855,0.05271565495207668,0.9584664536741214,2.92332268370607,2.6837060702875397,1.1501597444089458,4.121405750798722,0.6709265175718849,0.23961661341853036,74.1,47.1,74.5,1.0,-0.9000000000000057,7.599999999999994,5.899999999999999,-12.5,-24.200000000000003,13.799999999999997,0.012842907438749555,0.027219904243861382,-0.18884232819556712,-0.120826507616143,-0.3273855315913803,33.2,466.0,1.0,0.0,0.0,0.0,1.0,0.0,0.0,0.0,0.0,0.0,0.0,0.0,0.0,0.0,34bb6fbd,2020,0,
23.0,2099.0,47.7,30.8,58.4,23.6,38.5,35.7,39.8,37.8,0.67,0.03430204859456884,0.030014292520247735,0.9861838970938542,2.572653644592663,2.7012863268222964,0.6002858504049547,2.529776083849452,0.3858980466888995,0.5145307289185326,71.2,53.49999999999999,61.4,1.0,-4.600000000000001,18.000000000000004,-18.3,9.299999999999997,-3.799999999999997,-7.600000000000001,0.03430204859456884,0.007868623228909154,0.011774448274956661,-0.8420207597918767,-1.502149505013636,2.0,67.0,1.0,0.0,0.0,0.0,1.0,0.0,0.0,0.0,0.0,0.0,0.0,0.0,0.0,0.0,355c883a,2020,1,45.5
22.0,2356.0,73.8,66.4,59.7,50.9,40.0,59.1,57.3,58.2,0.03,0.24066213921901528,0.14134125636672326,3.17062818336163,4.927843803056027,5.577249575551783,1.833616298811545,2.5594227504244484,2.139219015280136,1.031409168081494,82.5,35.1,77.0,1.0,0.9000000000000057,-4.1000000000000085,7.500000000000007,-14.599999999999994,6.699999999999996,17.1,-0.008125445650043889,0.0060357277537261556,-0.05924572546475204,-1.0570860209564614,1.261500447090945,9.599999999999994,294.0,0.0,0.0,1.0,0.0,0.0,0.0,1.0,0.0,0.0,0.0,0.0,0.0,0.0,0.0,36a59ba4,2020,1,53.6
23.0,2061.0,71.4,76.4,79.1,38.0,48.7,64.3,67.9,66.1,0.18,0.14847161572052403,0.24017467248908297,3.624454148471616,4.585152838427948,8.078602620087336,2.3580786026200875,3.493449781659389,2.576419213973799,1.9650655021834063,76.6,50.0,81.8,1.0,11.199999999999996,4.800000000000011,11.100000000000009,16.499999999999993,0.7000000000000028,24.500000000000004,-0.020524017467248912,0.1615720524017467,0.7161572052401746,0.2576419213973793,1.0087336244541492,14.799999999999997,-229.0,0.0,0.0,1.0,0.0,0.0,0.0,0.0,0.0,1.0,0.0,0.0,0.0,0.0,0.0,3708e9fa,2020,1,62.8
21.0,1115.0,15.4,28.1,43.6,53.4,22.4,33.5,33.2,33.4,0.75,0.008071748878923767,0.04035874439461883,2.2600896860986546,2.42152466367713,4.520179372197309,0.726457399103139,0.8878923766816144,0.8878923766816144,1.0493273542600896,82.5,25.899999999999995,32.6,1.0,-19.200000000000003,-29.300000000000004,-25.199999999999996,-35.300000000000004,7.199999999999996,-2.5,-0.009955291681917496,-0.13991166121379378,-0.7594396078422565,-1.2935412086739975,-1.7246946653163597,-25.799999999999997,-882.0,0.0,0.0,1.0,0.0,0.0,0.0,0.0,0.0,1.0,0.0,0.0,0.0,0.0,0.0,379652be,2020,1,46.1
21.0,1136.0,49.5,44.9,72.1,44.2,18.7,47.0,47.8,47.4,0.82,0.07130281690140845,0.15845070422535212,3.2482394366197185,4.595070422535211,3.802816901408451,0.5545774647887324,1.7429577464788732,1.0299295774647887,2.1390845070422535,83.1,28.6,37.1,0.0,,,,,,,,,,,,,,0.0,0.0,1.0,0.0,0.0,0.0,1.0,0.0,0.0,0.0,0.0,0.0,0.0,0.0,37f606f0,2020,1,49.2
23.0,1690.0,34.4,40.4,41.3,40.8,25.5,37.5,38.5,38.0,0.82,0.021301775147928994,0.08520710059171598,2.2366863905325443,2.662721893491124,3.9408284023668636,1.5976331360946745,3.1420118343195265,2.2366863905325443,1.0118343195266273,84.7,15.8,49.4,0.0,,,,,,,,,,,,,,0.0,0.0,1.0,0.0,0.0,0.0,0.0,0.0,1.0,0.0,0.0,0.0,0.0,0.0,38126309,2020,0,
22.0,1947.0,42.7,50.7,23.0,59.7,81.6,50.4,66.6,58.5,0.81,0.10631741140215716,0.07395993836671803,1.201848998459168,4.067796610169491,4.714946070878274,2.172573189522342,4.437596302003082,0.8320493066255779,0.5084745762711864,86.7,57.400000000000006,63.6,1.0,11.600000000000001,-12.799999999999997,2.4000000000000057,-11.100000000000001,15.5,23.199999999999996,-0.06826145536660243,0.04180067343563074,-0.2682888269619652,-0.4764781251401029,1.035637345238404,-0.3999999999999986,-12.0,0.0,0.0,1.0,0.0,0.0,0.0,0.0,0.0,0.0,0.0,1.0,0.0,0.0,0.0,384d58d9,2020,1,53.5
21.0,1090.0,90.8,68.1,87.3,18.1,33.6,60.2,63.3,61.8,0.23,0.355045871559633,0.181651376146789,3.385321100917431,3.220183486238532,7.100917431192661,3.5504587155963305,1.2385321100917432,4.541284403669725,1.7339449541284404,67.8,44.0,35.6,1.0,2.3999999999999986,49.9,-12.300000000000011,20.200000000000003,-6.599999999999998,-37.6,0.11993615369129446,-0.025245175577348955,-0.09430272353397973,0.2827356130108427,0.30482298467113367,-26.9,-824.0,0.0,0.0,1.0,0.0,0.0,0.0,0.0,0.0,1.0,0.0,0.0,0.0,0.0,0.0,3a233281,2020,0,
20.0,1908.0,66.9,66.3,91.5,11.6,24.7,38.5,56.1,47.3,1.42,0.03773584905660378,0.11320754716981132,2.2641509433962264,3.2547169811320757,5.943396226415095,1.3679245283018868,2.5943396226415096,1.179245283018868,1.179245283018868,72.6,51.39999999999999,55.8,1.0,0.5999999999999943,30.10000000000001,4.399999999999999,16.099999999999994,-10.200000000000001,-11.500000000000004,0.03773584905660378,0.006940517197059265,0.7110174284098503,-0.02390622590098168,0.14844995115932358,31.634059945504077,807.0,1.0,0.0,0.0,0.0,1.0,0.0,0.0,0.0,0.0,0.0,0.0,0.0,0.0,0.0,3b61c9ec,2020,1,49.5
22.0,2196.0,37.5,53.9,68.7,64.1,78.6,60.2,68.7,64.4,0.56,0.028688524590163935,0.1475409836065574,3.114754098360656,4.057377049180328,3.6885245901639347,1.1475409836065575,4.180327868852459,0.9016393442622951,1.8442622950819674,87.4,60.0,64.2,1.0,4.6000000000000085,-4.700000000000003,-1.5,13.5,10.499999999999993,4.3999999999999915,-0.03871037705736477,0.053182521300017216,1.0478544478364427,-1.1192637273597796,0.19317335472201558,5.600000000000001,193.0,0.0,0.0,1.0,0.0,0.0,0.0,0.0,0.0,0.0,0.0,1.0,0.0,0.0,0.0,3b8674e6,2020,1,59.2
23.0,1484.0,25.4,38.4,19.3,50.5,81.6,41.5,61.4,51.4,0.18,0.04851752021563343,0.018194070080862535,1.9407008086253372,3.9420485175202162,2.6078167115902966,0.9097035040431268,4.245283018867925,0.6064690026954178,0.4851752021563343,84.9,53.8,48.5,1.0,6.799999999999997,-5.800000000000001,-5.700000000000003,-20.900000000000002,4.0,23.299999999999997,-0.006304814809747275,-0.0411967928632999,-0.5263042675167948,-1.7322848112523426,0.1501703449313836,-9.100000000000001,-486.0,0.0,0.0,1.0,0.0,0.0,0.0,0.0,0.0,0.0,0.0,1.0,0.0,0.0,0.0,3bb625ac,2020,0,
20.0,1535.0,52.2,53.8,78.0,16.9,30.5,37.6,49.5,43.6,1.16,0.017589576547231266,0.08794788273615635,1.7003257328990227,2.521172638436482,5.745928338762215,0.8208469055374592,3.4592833876221496,0.8794788273615635,0.9967426710097719,75.50117647058823,19.0,42.77074918566775,0.0,,,,,,,,,,,,,,1.0,0.0,0.0,0.0,1.0,0.0,0.0,0.0,0.0,0.0,0.0,0.0,0.0,0.0,3c16d927,2020,0,
23.0,2520.0,46.5,53.3,72.4,31.0,65.3,54.1,56.5,55.3,1.02,0.017857142857142856,0.06785714285714285,1.5,2.4285714285714284,5.678571428571429,1.0,4.785714285714286,0.8214285714285714,0.75,75.6,58.7,100.0,0.0,,,,,,,,,,,,,,1.0,0.0,0.0,0.0,1.0,0.0,0.0,0.0,0.0,0.0,0.0,0.0,0.0,0.0,3c6bbbab,2020,1,52.4
21.0,1499.0,19.8,10.8,8.7,50.9,58.1,26.8,44.8,35.8,0.72,0.024016010673782524,0.006004002668445631,0.9006004002668446,1.8612408272181455,1.741160773849233,0.7805203468979319,2.8218812541694462,0.24016010673782523,0.1801200800533689,79.2,49.0,43.8,0.0,,,,,,,,,,,,,,0.0,0.0,1.0,0.0,0.0,0.0,0.0,0.0,0.0,0.0,1.0,0.0,0.0,0.0,3d688b46,2020,0,
21.0,2083.0,91.3,63.6,81.5,25.3,25.2,57.9,71.5,64.7,0.43,0.34997599615938546,0.17714834373499758,3.326932309169467,3.7590014402304366,7.518002880460873,1.598655784925588,1.2097935669707152,5.7465194431108975,1.3394143062890063,76.7,39.1,60.9,1.0,5.300000000000004,12.799999999999997,2.1000000000000014,6.0,2.400000000000002,0.3999999999999986,0.00037440253388743017,0.02475790548798562,-0.617290798400254,-0.9979333745192065,0.980116978079042,31.5,1079.0,0.0,0.0,1.0,1.0,0.0,0.0,0.0,0.0,0.0,0.0,0.0,0.0,0.0,0.0,3ea50f67,2020,1,53.900000000000006
23.0,1047.0,65.2,38.5,38.2,49.7,38.2,50.2,45.6,47.9,0.31,0.3954154727793696,0.14613180515759314,1.8051575931232093,0.8595988538681949,2.3209169054441263,1.7191977077363898,0.6017191977077364,4.212034383954155,0.8595988538681949,82.3,41.9,43.1,1.0,18.2,22.300000000000004,16.1,28.1,-1.8999999999999986,3.3000000000000043,0.115277132858421,0.07943220041451013,0.33776628877538317,0.4088615694757467,0.19260280643736483,-3.1499999999999915,-977.0,0.0,1.0,0.0,0.0,0.0,1.0,0.0,0.0,0.0,0.0,0.0,0.0,0.0,0.0,3eaf8817,2020,0,
23.0,1635.0,84.8,64.8,65.1,23.4,45.3,66.7,69.7,68.2,0.08,0.5614678899082568,0.2642201834862385,3.027522935779816,2.091743119266055,3.7431192660550456,1.0458715596330275,0.6055045871559632,6.770642201834862,1.5963302752293578,69.78846153846155,39.80769230769231,49.67614678899083,1.0,12.0,22.299999999999997,7.399999999999999,10.499999999999993,-12.5,-2.4000000000000057,0.1321024429420687,0.08497053086928619,0.5263649922874585,0.5332999052398533,-0.4094148242263027,-13.423853211009174,-524.0,0.0,1.0,0.0,0.0,0.0,0.0,0.0,1.0,0.0,0.0,0.0,0.0,0.0,0.0,3effaa34,2020,1,56.0
23.0,3057.0,43.6,12.1,15.7,47.3,77.2,48.9,61.0,55.0,2.66,0.0323846908734053,0.0323846908734053,0.38272816486751715,1.8253189401373895,1.2365063788027477,0.05888125613346418,3.356231599607458,0.5004906771344455,0.05888125613346418,79.7,71.0,89.39999999999999,1.0,-0.7000000000000028,-1.1000000000000014,-4.299999999999999,-21.8,2.0,1.5,-0.0010881124738750386,0.003095987944535007,-0.2448868978939892,-0.35345178019306833,-0.8106643234609372,26.499999999999993,906.0,1.0,0.0,0.0,0.0,0.0,0.0,0.0,0.0,0.0,0.0,0.0,1.0,0.0,0.0,4115ce4e,2020,1,63.7
17.0,917.0,33.0,20.9,16.3,48.4,36.4,34.1,37.4,35.8,0.45,0.009814612868047985,0.0,0.19629225736095968,1.2758996728462377,1.668484187568157,1.0796074154852782,2.6499454743729554,0.2944383860414395,0.09814612868047984,84.8,40.7,26.8,0.0,,,,,,,,,,,,,,1.0,0.0,0.0,0.0,0.0,0.0,0.0,0.0,0.0,0.0,0.0,1.0,0.0,0.0,4195b8b6,2020,0,
23.0,1043.0,33.0,17.8,21.3,73.2,43.6,43.1,47.6,45.4,0.67,0.0,0.0,0.2588686481303931,2.1572387344199426,2.5023969319271333,0.0862895493767977,1.5532118887823587,0.0,0.0862895493767977,87.9,45.5,30.5,1.0,2.6000000000000014,-0.8999999999999986,-12.0,-0.6999999999999993,15.300000000000004,1.3000000000000043,-0.023003194888178913,-0.008626198083067093,-0.1724412560229615,-0.05670849938277067,-0.2005887416183958,-61.0,-2087.0,1.0,0.0,0.0,0.0,0.0,0.0,0.0,0.0,0.0,0.0,0.0,1.0,0.0,0.0,41b3069f,2020,1,48.0
21.0,1870.0,47.6,51.4,60.1,16.0,69.4,50.4,51.5,51.0,0.42,0.02887700534759358,0.038502673796791446,1.0588235294117647,3.6096256684491976,3.176470588235294,0.9625668449197861,4.235294117647059,1.588235294117647,0.48128342245989303,60.9,55.0,54.7,1.0,-2.299999999999997,-17.1,-2.3999999999999986,-4.899999999999999,-1.0,1.9000000000000057,-0.006872746390241578,-0.04193426761333766,-0.2817921607570537,-0.7560021029265731,0.6602711500777971,25.300000000000004,863.0,1.0,0.0,0.0,0.0,1.0,0.0,0.0,0.0,0.0,0.0,0.0,0.0,0.0,0.0,41c12f75,2020,1,57.2
21.0,2057.0,71.4,56.7,80.5,22.2,13.4,50.3,53.4,51.8,0.89,0.1443850267379679,0.1750121536217793,3.1064657267865825,3.193971803597472,6.081672338356831,2.8001944579484688,1.050072921730676,3.500243072435586,1.4876033057851241,77.1,20.0,81.6,1.0,1.3999999999999986,-3.5999999999999943,2.6000000000000014,1.2999999999999972,3.3999999999999986,0.7000000000000011,-0.019778063390787443,-0.024558661828864486,-0.4986844878056922,0.4164362868546849,0.490109142653266,-0.20000000000000284,-739.0,0.0,0.0,1.0,0.0,0.0,0.0,0.0,0.0,1.0,0.0,0.0,0.0,0.0,0.0,42eaa028,2020,1,54.2
20.0,1513.0,98.3,89.6,93.7,37.4,24.9,82.2,83.7,83.0,0.19,0.9279576999339062,0.565102445472571,5.413086582947786,2.855254461335096,10.17184401850628,3.509583608724389,0.29742233972240584,12.372769332452084,2.260409781890284,76.8,50.0,62.3,1.0,2.4000000000000057,2.700000000000003,1.7999999999999972,1.2999999999999972,-12.100000000000001,16.4,-0.0861268071083473,0.35767606903211013,1.1877344702717298,2.643034799556216,-0.06407972560472475,-6.200000000000003,-830.0,0.0,1.0,0.0,0.0,0.0,1.0,0.0,0.0,0.0,0.0,0.0,0.0,0.0,0.0,42fd9c7f,2020,1,81.95
20.0,1454.0,32.1,59.6,25.1,56.7,31.5,42.8,48.3,45.6,1.3,0.01237964236588721,0.006189821182943605,0.4332874828060523,4.270976616231087,4.889958734525448,0.24759284731774417,2.723521320495186,0.24759284731774417,0.12379642365887208,90.3,58.3,57.7,1.0,-1.7999999999999972,-10.299999999999997,11.399999999999999,1.5,0.0,-15.600000000000001,-0.017680477874593755,-0.008840238937296878,0.012445799439318783,2.004187191439275,0.723882427854333,-29.799999999999997,-1540.0,1.0,0.0,0.0,0.0,0.0,0.0,0.0,0.0,0.0,1.0,0.0,0.0,0.0,0.0,4315f30d,2020,0,
19.0,1493.0,86.4,41.7,47.6,17.7,45.9,45.4,54.7,50.0,0.65,0.5304755525787006,0.12659075686537175,3.1346282652377764,1.9892833221701274,3.9785666443402548,1.3261888814467515,2.7126590756865374,5.606162089752177,1.0850636302746148,71.4,42.7,48.8,0.0,,,,,,,,,,,,,,0.0,0.0,1.0,1.0,0.0,0.0,0.0,0.0,0.0,0.0,0.0,0.0,0.0,0.0,437f2b00,2020,1,52.6
19.0,1721.0,55.2,60.3,50.7,50.9,68.0,59.8,57.5,58.6,0.1,0.036606624055781516,0.05752469494479954,0.9413131900058105,3.2423009877977917,3.869843114468332,1.0981987216734457,2.8762347472399767,1.0459035444509006,0.41836141778036023,82.5,61.8,56.20000000000001,1.0,3.8999999999999986,9.800000000000004,19.5,20.400000000000002,4.899999999999999,1.0999999999999943,-0.006362125944218484,0.05361844494479954,0.4335006900058105,0.6667181144683321,-0.42957401220220826,-19.099999999999987,-583.0,1.0,0.0,0.0,0.0,1.0,0.0,0.0,0.0,0.0,0.0,0.0,0.0,0.0,0.0,441197b8,2020,1,60.1
21.0,2351.0,68.8,56.8,90.5,22.5,46.1,47.9,59.1,53.5,1.68,0.038281582305401955,0.13015737983836664,2.4883028498511273,3.9430029774564015,4.287537218205019,1.1867290514674607,3.52190557209698,0.9570395576350489,0.9570395576350489,71.7,38.3,76.8,1.0,21.5,38.099999999999994,20.699999999999996,72.7,-26.299999999999997,11.700000000000003,-0.019349154087340836,0.09173688890987144,0.6633295307476055,1.790205307852831,0.5812100212130717,46.199999999999996,1414.0,1.0,0.0,0.0,0.0,1.0,0.0,0.0,0.0,0.0,0.0,0.0,0.0,0.0,0.0,442b56fa,2020,1,57.05
22.0,3056.0,36.1,39.2,33.4,59.1,66.5,45.6,46.7,46.2,0.83,0.058900523560209424,0.06479057591623037,1.8848167539267016,4.270287958115183,2.444371727748691,0.7362565445026178,2.7977748691099475,0.11780104712041885,0.7951570680628273,80.4,47.2,89.4,1.0,-0.7999999999999972,-6.100000000000001,-3.6999999999999957,7.299999999999997,4.399999999999999,-11.599999999999994,-0.012931867527253164,0.007923266305322495,0.3883086062712311,-1.5962002709210799,-0.6382587661947596,1.5000000000000142,49.0,0.0,0.0,1.0,0.0,0.0,0.0,1.0,0.0,0.0,0.0,0.0,0.0,0.0,0.0,44bfb6c5,2020,1,49.0
23.0,2790.0,79.8,84.3,75.9,56.1,50.9,62.8,68.1,65.4,0.1,0.06451612903225806,0.1064516129032258,1.3870967741935485,6.67741935483871,6.258064516129032,0.5483870967741935,1.8387096774193548,1.4193548387096775,0.6451612903225806,87.9,66.4,91.2,1.0,6.000000000000007,33.8,38.3,32.300000000000004,-7.399999999999999,-13.500000000000007,0.033481646273637374,0.08576195773081201,0.6974416017797553,3.6028921023359284,3.9187986651835374,5.900000000000006,180.0,1.0,0.0,0.0,0.0,0.0,0.0,0.0,0.0,0.0,1.0,0.0,0.0,0.0,0.0,45a03961,2020,1,69.4
20.0,1506.0,77.0,66.4,68.5,14.8,35.2,53.4,57.0,55.2,0.83,0.2151394422310757,0.22111553784860558,4.183266932270916,3.2270916334661353,6.812749003984063,4.48207171314741,2.928286852589641,3.645418326693227,2.6294820717131473,71.7,50.0,59.8,0.0,,,,,,,,,,,,,,0.0,0.0,1.0,0.0,0.0,0.0,0.0,0.0,1.0,0.0,0.0,0.0,0.0,0.0,45c1c326,2020,0,
20.0,951.0,24.5,48.4,26.3,23.5,76.5,34.8,38.5,36.6,1.26,0.1608832807570978,0.028391167192429023,2.271293375394322,1.135646687697161,2.9337539432176656,2.460567823343849,1.8927444794952681,2.9337539432176656,0.8517350157728707,71.1,37.5,37.7,0.0,,,,,,,,,,,,,,0.0,1.0,0.0,0.0,0.0,1.0,0.0,0.0,0.0,0.0,0.0,0.0,0.0,0.0,46faabfa,2020,1,23.2
22.0,2618.0,36.1,28.0,12.2,74.3,64.0,52.8,61.1,57.0,0.11,0.02750190985485103,0.003437738731856379,0.2750190985485103,1.9251336898395721,2.26890756302521,0.2750190985485103,2.956455309396486,0.44690603514132926,0.03437738731856379,92.20000000000002,60.0,85.6,1.0,-1.0,-25.299999999999997,-32.9,-19.2,12.699999999999996,3.700000000000003,-0.02053468945891183,-0.02058056092502505,-0.2053468945891183,-4.524840054206966,-1.7805468286507062,-0.10000000000000853,-5.0,1.0,0.0,0.0,0.0,0.0,0.0,0.0,0.0,0.0,0.0,0.0,1.0,0.0,0.0,48035304,2020,1,59.849999999999994
22.0,1048.0,62.3,44.0,31.5,33.9,59.4,44.5,49.5,47.0,0.27,0.19751908396946563,0.025763358778625955,2.232824427480916,3.0916030534351147,2.318702290076336,2.833969465648855,2.5763358778625953,1.4599236641221374,0.601145038167939,79.6,48.0,34.2,0.0,,,,,,,,,,,,,,0.0,0.0,1.0,0.0,0.0,0.0,0.0,0.0,0.0,0.0,1.0,0.0,0.0,0.0,4830e0af,2020,0,
22.0,1182.0,62.8,74.2,54.3,50.4,22.2,56.0,60.3,58.2,0.66,0.09898477157360407,0.12944162436548223,2.1319796954314723,4.111675126903553,9.213197969543147,2.208121827411168,1.751269035532995,1.218274111675127,0.7614213197969544,90.7,12.5,34.6,1.0,10.200000000000003,38.099999999999994,7.799999999999997,23.299999999999997,-16.500000000000007,5.399999999999999,0.08010365269248518,0.060210855134713,0.495616059067836,2.2271839835291614,-1.0491640339356074,-7.199999999999996,-248.0,0.0,0.0,1.0,0.0,0.0,0.0,0.0,0.0,1.0,0.0,0.0,0.0,0.0,0.0,48b3dd60,2020,1,43.8
22.0,1442.0,56.1,27.5,47.8,22.7,45.6,37.6,42.6,40.1,0.12,0.11234396671289876,0.0811373092926491,1.9972260748959778,1.5603328710124826,3.3703190013869624,1.0610263522884882,2.246879334257975,2.309292649098474,0.8737864077669903,69.0,48.6,42.2,1.0,-4.0,-1.1999999999999957,-16.4,-14.800000000000004,10.7,-0.8999999999999986,0.023774701005101623,-0.06874914036669989,-0.3192008743848702,-2.0119671454714783,-0.3473128519246862,3.6000000000000014,121.0,0.0,0.0,1.0,1.0,0.0,0.0,0.0,0.0,0.0,0.0,0.0,0.0,0.0,0.0,49ea92be,2020,0,
23.0,2795.0,93.3,85.9,90.1,37.6,25.0,78.8,79.7,79.2,0.05,0.6085867620751341,0.30590339892665475,3.767441860465116,3.477638640429338,6.697674418604651,2.1252236135957063,0.6762075134168157,8.565295169946332,1.7066189624329158,71.7,24.3,91.3,1.0,9.400000000000006,6.599999999999994,19.60000000000001,18.0,2.700000000000003,-0.3999999999999986,0.009543318472104989,0.10861364205140564,0.7542892100067657,1.1376903612112663,1.5406119365632556,9.299999999999997,286.0,0.0,1.0,0.0,0.0,0.0,0.0,0.0,1.0,0.0,0.0,0.0,0.0,0.0,0.0,49fe9070,2020,1,50.3
23.0,2097.0,72.4,81.6,98.4,27.9,28.1,64.8,75.8,70.3,0.33,0.1888412017167382,0.34763948497854075,5.793991416309012,5.5364806866952785,8.197424892703863,1.1587982832618025,2.017167381974249,3.9914163090128754,2.875536480686695,75.9,34.1,61.3,1.0,13.299999999999997,-6.5,21.39999999999999,16.10000000000001,1.6999999999999993,-16.0,-0.018737051990016323,0.12029187377590486,1.3458859797357015,3.947013031089365,1.3354922188204847,8.099999999999994,276.0,0.0,0.0,1.0,1.0,0.0,0.0,0.0,0.0,0.0,0.0,0.0,0.0,0.0,0.0,4a5a45c7,2020,1,60.349999999999994
22.0,1579.0,65.1,80.2,74.9,29.9,50.9,62.4,67.2,64.8,0.41,0.1766941101963268,0.1481950601646612,3.3628879037365422,4.730842305256491,7.808739708676377,3.476884103863205,3.134895503483217,3.020899303356555,1.6529449018366054,79.7,40.9,62.7,1.0,3.3999999999999986,-6.800000000000011,15.100000000000009,-3.3999999999999915,8.0,5.799999999999997,0.0060519083614644364,-0.04997007745001769,-0.27013961919923757,1.9738773233552767,0.49231019516474817,14.900000000000006,-56.0,0.0,0.0,1.0,0.0,0.0,0.0,0.0,0.0,1.0,0.0,0.0,0.0,0.0,0.0,4b96c347,2020,1,52.7
22.0,2766.0,52.4,56.5,43.4,51.0,37.5,49.8,49.9,49.8,0.68,0.3839479392624729,0.0683297180043384,2.3101952277657265,1.75704989154013,3.806941431670282,1.106290672451193,1.0086767895878526,6.182212581344902,0.8459869848156182,78.5,16.7,80.9,0.0,,,,,,,,,,,,,,0.0,1.0,0.0,0.0,0.0,0.0,0.0,1.0,0.0,0.0,0.0,0.0,0.0,0.0,4bcf39f6,2020,1,40.5
22.0,983.0,51.0,51.8,71.2,33.7,66.1,54.9,56.7,55.8,0.66,0.03662258392675483,0.027466937945066123,1.4649033570701933,4.211597151576806,3.936927772126144,0.8240081383519837,4.852492370295015,0.3662258392675483,0.6408952187182095,76.8,72.5,39.0,1.0,0.5999999999999943,6.200000000000003,-13.700000000000003,4.200000000000003,10.400000000000002,2.499999999999993,0.01456376039734307,-0.04312129734905153,-0.21156723116510068,0.09869247800849745,-1.5236969660702533,-20.6,-1057.0,1.0,0.0,0.0,0.0,1.0,0.0,0.0,0.0,0.0,0.0,0.0,0.0,0.0,0.0,4bf69118,2020,1,50.6
22.0,2143.0,42.1,18.5,15.6,38.8,48.5,32.4,27.9,30.2,0.06,0.22678488100793284,0.10919272048530099,1.3859076061595894,1.2599160055996268,1.5958936070928607,0.20998600093327113,0.6299580027998134,3.569762015865609,0.46196920205319647,64.9,50.0,62.7,1.0,-13.2,-11.399999999999999,-11.3,-23.1,-7.900000000000006,0.6000000000000014,-0.1289583622353104,0.01797650426908476,-0.8032815830296001,-0.47167396047470733,-0.22994885926523811,-23.799999999999997,-817.0,0.0,1.0,0.0,0.0,0.0,0.0,0.0,0.0,0.0,0.0,0.0,0.0,1.0,0.0,4c2e9442,2020,1,30.4
20.0,1514.0,62.9,51.6,63.5,43.2,24.5,49.9,51.2,50.6,0.3,0.14861294583883752,0.059445178335535004,3.150594451783355,1.9022457067371201,7.84676354029062,1.6644649933949802,1.486129458388375,3.5667107001321003,1.3077939233817701,81.6,25.9,44.3,1.0,-5.600000000000001,-0.5,-5.799999999999997,-24.799999999999997,21.700000000000003,-17.6,0.06136462369118652,-0.14189710354365961,-0.9433652797602687,0.39709911076041937,-0.31251939393402095,5.099999999999994,173.0,0.0,0.0,1.0,0.0,0.0,0.0,0.0,0.0,1.0,0.0,0.0,0.0,0.0,0.0,4c3a6744,2020,1,52.6
21.0,1587.0,39.2,15.6,29.1,62.9,51.8,44.4,50.1,47.2,0.32,0.022684310018903593,0.02835538752362949,0.7372400756143668,1.6446124763705103,1.4744801512287335,0.2835538752362949,4.1398865784499055,0.3402646502835539,0.22684310018903592,87.4,49.0,63.0,0.0,,,,,,,,,,,,,,1.0,0.0,0.0,0.0,0.0,0.0,0.0,0.0,0.0,0.0,0.0,1.0,0.0,0.0,4c4ffacc,2020,0,
22.0,1746.0,45.1,48.7,58.7,48.2,63.9,52.4,56.5,54.4,0.32,0.08762886597938145,0.1391752577319588,2.3195876288659796,3.8659793814432994,4.587628865979382,0.6701030927835052,4.3298969072164954,1.597938144329897,1.288659793814433,81.8,43.1,57.1,0.0,,,,,,,,,,,,,,0.0,0.0,1.0,0.0,0.0,0.0,0.0,0.0,0.0,0.0,1.0,0.0,0.0,0.0,4c6facae,2020,1,49.55
22.0,924.0,43.1,33.7,31.7,55.2,43.6,43.3,45.2,44.2,0.31,0.0487012987012987,0.00974025974025974,0.3896103896103896,2.922077922077922,0.48701298701298695,0.0974025974025974,2.435064935064935,0.5844155844155844,0.1948051948051948,88.6,50.0,36.7,1.0,-5.699999999999996,-10.299999999999997,-13.5,-8.500000000000004,-17.200000000000003,9.100000000000001,-0.014678982988842147,0.0026980062191329784,-0.5258825681360892,-1.836930674958844,-0.8103164441192616,-0.6999999999999957,-354.0,1.0,0.0,0.0,0.0,0.0,0.0,0.0,0.0,0.0,0.0,0.0,1.0,0.0,0.0,4c700f46,2020,0,
20.0,2309.0,67.9,57.2,31.8,49.2,60.0,54.3,56.7,55.5,0.67,0.08575140753572977,0.0389779125162408,0.5456907752273712,2.728453876136856,3.0012992637505413,0.7405803378085751,1.4032048505846688,1.4811606756171503,0.1169337375487224,86.3,74.5,67.5,1.0,2.299999999999997,30.400000000000006,3.200000000000003,-1.6999999999999993,6.700000000000003,-1.8999999999999986,0.05872438050870274,0.017356290894619174,0.005150234686830624,0.32562358807486547,-0.6228974752144953,-29.900000000000006,-1021.0,1.0,0.0,0.0,0.0,0.0,0.0,0.0,0.0,0.0,0.0,0.0,1.0,0.0,0.0,4d1666ff,2020,1,59.6
23.0,925.0,27.2,58.2,32.4,35.8,45.2,42.0,45.3,43.6,0.76,0.048648648648648644,0.048648648648648644,1.9459459459459458,4.5729729729729724,5.7405405405405405,2.0432432432432432,1.654054054054054,1.0702702702702702,0.5837837837837837,78.8,52.9,27.0,1.0,-14.0,-42.099999999999994,-7.3999999999999915,-41.50000000000001,2.5,15.500000000000004,-0.09994793913340969,-0.11480759791161549,-0.9764536137678681,-0.7481771259426733,0.5608651028573979,-26.1,-892.0,0.0,0.0,1.0,0.0,0.0,0.0,0.0,0.0,1.0,0.0,0.0,0.0,0.0,0.0,4dbd0916,2020,1,73.0
19.0,1175.0,35.5,51.3,15.4,53.8,63.0,44.0,55.2,49.6,0.53,0.06893617021276595,0.04595744680851064,1.4553191489361703,5.438297872340426,4.212765957446808,1.0723404255319149,3.217021276595745,0.9957446808510638,0.3829787234042553,86.08076923076922,58.18461538461539,41.70978723404255,1.0,9.300000000000004,11.5,28.4,7.1,-0.7000000000000028,3.200000000000003,0.03058389748549322,0.03317335589941973,0.5604327852998067,2.1673114119922627,3.009320599613153,21.10978723404255,471.0,0.0,0.0,1.0,0.0,0.0,0.0,0.0,0.0,0.0,0.0,1.0,0.0,0.0,0.0,4f255115,2020,1,64.6
22.0,1053.0,55.9,31.7,13.1,13.2,44.8,37.1,41.7,39.4,0.45,0.4444444444444445,0.10256410256410256,1.2820512820512822,0.5982905982905983,1.8803418803418805,1.623931623931624,0.6837606837606838,5.47008547008547,0.4273504273504274,64.7,46.2,34.4,1.0,-12.200000000000003,-10.899999999999999,-8.500000000000004,-24.699999999999996,-9.2,-4.100000000000001,-0.055756924866872504,-0.013424620754463698,-0.928983756208887,-0.6569114422517564,-0.6340895869691682,-46.699999999999996,-1430.0,0.0,1.0,0.0,0.0,0.0,0.0,0.0,1.0,0.0,0.0,0.0,0.0,0.0,0.0,50e6dc35,2020,1,45.8
22.0,1198.0,62.3,48.9,43.4,36.5,38.3,45.7,49.5,47.6,0.33,0.12020033388981637,0.12771285475792987,1.8781302170283805,3.2303839732888147,5.409015025041736,1.352253756260434,2.4791318864774623,3.8313856427378963,1.0517529215358932,78.2,41.2,47.5,1.0,-11.899999999999999,-16.900000000000006,8.299999999999997,-33.50000000000001,-14.700000000000003,2.5,-0.12811729733494803,-0.029756862604115863,-1.57409050975493,1.4722720909905922,-0.5246631330368916,4.0,-288.0,0.0,0.0,1.0,1.0,0.0,0.0,0.0,0.0,0.0,0.0,0.0,0.0,0.0,0.0,5148dcc5,2020,1,66.25
22.0,1276.0,59.1,79.5,89.7,51.2,44.5,58.4,68.8,63.6,0.03,0.03526645768025079,0.10579937304075236,2.1865203761755487,8.463949843260188,7.3354231974921635,0.35266457680250785,2.3981191222570533,0.7053291536050157,1.2695924764890283,88.9,59.6,37.3,1.0,-1.6000000000000014,9.700000000000003,-7.799999999999997,-3.5999999999999943,1.0,0.3999999999999986,0.019627882528209083,-0.011489940599560405,-0.550230275431749,-2.360493396773691,0.8010480187597544,3.5999999999999943,125.0,1.0,0.0,0.0,0.0,1.0,0.0,0.0,0.0,0.0,0.0,0.0,0.0,0.0,0.0,51cf8561,2020,1,59.7
23.0,1512.0,42.2,38.8,23.2,59.4,64.3,44.2,56.1,50.2,0.12,0.08333333333333333,0.047619047619047616,1.726190476190476,3.392857142857143,3.095238095238095,0.7738095238095237,3.630952380952381,1.8452380952380951,0.8333333333333333,87.5,33.3,44.2,1.0,-4.299999999999997,8.200000000000003,-8.400000000000006,-18.400000000000002,3.1999999999999957,-5.299999999999997,0.026658270361041132,0.0022789972412138593,-0.08741153892287423,-1.363200191915558,-1.2167146455559554,-25.39999999999999,-870.0,0.0,0.0,1.0,0.0,0.0,0.0,0.0,0.0,0.0,0.0,1.0,0.0,0.0,0.0,52611641,2020,1,57.7
21.0,1400.0,58.2,66.8,74.7,26.6,37.7,45.5,56.1,50.8,1.2,0.05785714285714286,0.025714285714285717,1.6071428571428572,4.114285714285715,3.6,1.2857142857142858,4.307142857142857,1.6071428571428572,0.8357142857142857,82.0,28.6,55.6,1.0,0.5999999999999943,9.100000000000001,8.0,-2.299999999999997,-3.5,-3.5,0.034110441010177156,-0.04552581982661137,-0.43507350169619263,-0.769393139841688,0.6947606483226543,0.20000000000000284,-495.0,1.0,0.0,0.0,0.0,1.0,0.0,0.0,0.0,0.0,0.0,0.0,0.0,0.0,0.0,5314e067,2020,0,
22.0,2971.0,56.0,51.2,32.6,65.4,50.4,52.8,53.7,53.2,0.42,0.051497812184449675,0.06967351060249073,0.5149781218444968,2.7869404240996296,3.8774823291820932,0.30292830696735107,1.6963985190171658,0.5149781218444968,0.24234264557388083,86.3,47.4,86.9,0.0,,,,,,,,,,,,,,1.0,0.0,0.0,0.0,0.0,0.0,0.0,0.0,0.0,1.0,0.0,0.0,0.0,0.0,532e1e4f,2020,1,53.1
22.0,982.0,48.1,36.5,59.4,42.2,21.7,41.7,41.6,41.7,0.14,0.03665987780040733,0.13747454175152748,2.566191446028513,2.016293279022403,3.391038696537678,1.924643584521385,2.566191446028513,1.2830957230142566,1.64969450101833,85.5,29.4,39.0,0.0,,,,,,,,,,,,,,0.0,0.0,1.0,0.0,0.0,0.0,0.0,0.0,1.0,0.0,0.0,0.0,0.0,0.0,54131505,2020,0,
22.0,1857.0,63.8,69.5,85.3,35.4,22.1,57.9,57.5,57.7,0.15,0.10662358642972537,0.3053311793214863,4.313408723747981,4.652665589660743,6.494345718901454,1.5508885298869144,1.5508885298869144,2.762520193861066,2.617124394184168,78.9,25.0,60.7,1.0,-9.700000000000003,-18.700000000000003,-2.5,12.799999999999997,-18.4,-7.199999999999999,-0.1559758830662959,0.13822242600583645,0.8518702622095193,-0.9061847850773255,-0.7186871954851455,36.1,1103.0,0.0,0.0,1.0,0.0,0.0,0.0,1.0,0.0,0.0,0.0,0.0,0.0,0.0,0.0,555d5edd,2020,1,53.8
23.0,1549.0,53.0,54.5,55.3,20.7,41.3,40.8,46.8,43.8,0.61,0.02905100064557779,0.12782440284054228,0.9296320206584893,2.7888960619754677,3.9509360877985795,0.9296320206584893,2.0335700451904453,1.510652033570045,0.5810200129115558,71.8,55.0,45.3,0.0,,,,,,,,,,,,,,1.0,0.0,0.0,0.0,1.0,0.0,0.0,0.0,0.0,0.0,0.0,0.0,0.0,0.0,558807c0,2020,0,
22.0,2828.0,57.7,59.8,70.0,43.7,46.9,56.4,56.3,56.4,0.08,0.08592644978783594,0.14321074964639322,3.0233380480905234,5.282885431400283,4.773691654879774,0.9547383309759547,2.386845827439887,1.8776520509193777,1.654879773691655,80.7,50.9,82.7,1.0,-0.30000000000000426,-11.299999999999997,-3.6000000000000014,13.100000000000001,2.0,-10.5,-0.03121020964817274,-0.009717666839507005,0.4528391326892218,-0.3998441368772756,-0.8342512280357255,40.39240780911063,62.0,0.0,0.0,1.0,0.0,0.0,0.0,1.0,0.0,0.0,0.0,0.0,0.0,0.0,0.0,56f7a928,2020,1,58.45
19.0,1570.0,76.8,68.8,80.9,30.0,25.3,58.1,68.8,63.4,0.75,0.29808917197452234,0.1089171974522293,3.7834394904458604,3.8980891719745228,7.165605095541402,1.4904458598726116,2.407643312101911,3.8407643312101913,1.7197452229299364,77.6,31.8,45.9,1.0,7.799999999999997,20.699999999999996,1.7000000000000028,26.800000000000004,-8.600000000000001,-21.599999999999998,0.18255132336894464,-0.006620651153348381,1.114116781282514,0.11381226685614276,-0.6039028598979868,-20.199999999999996,-689.0,0.0,0.0,1.0,1.0,0.0,0.0,0.0,0.0,0.0,0.0,0.0,0.0,0.0,0.0,570bb4b9,2020,1,64.9
23.0,3069.0,30.0,20.0,17.5,30.9,73.9,31.2,50.0,40.6,0.2,0.06158357771260997,0.06158357771260997,1.0850439882697946,2.4926686217008798,1.9354838709677418,0.8504398826979471,2.932551319648094,0.7624633431085044,0.3812316715542522,66.8,46.3,89.7,1.0,10.100000000000001,-0.1999999999999993,-2.5,5.5,-4.399999999999999,6.6000000000000085,0.017861604618439567,0.011135147219336429,0.008810804413292406,0.5229278171560827,-0.5342372078955329,11.5,393.0,0.0,0.0,1.0,0.0,0.0,0.0,0.0,0.0,0.0,0.0,1.0,0.0,0.0,0.0,58afe001,2020,1,42.6
21.0,1216.0,46.2,62.1,73.8,26.0,62.7,54.5,56.8,55.6,0.41,0.21463815789473686,0.08881578947368421,3.0345394736842106,1.9983552631578947,3.700657894736842,1.480263157894737,0.8881578947368421,5.995065789473684,1.40625,74.44222222222221,43.04666666666667,22.344407894736843,1.0,5.800000000000004,8.600000000000001,-0.10000000000000142,14.699999999999996,7.899999999999999,-16.700000000000003,-0.02019550159645686,-0.06676150993923163,0.04041031517149074,-0.20345169430425347,0.2958112318467403,-67.25559210526315,-1850.0,0.0,1.0,0.0,0.0,0.0,0.0,0.0,0.0,0.0,0.0,0.0,0.0,1.0,0.0,58e933d2,2020,0,
17.0,1320.0,74.3,46.1,51.0,44.2,21.3,47.2,54.6,50.9,0.72,0.19772727272727272,0.06818181818181819,2.4545454545454546,1.840909090909091,5.659090909090909,1.4318181818181819,1.7727272727272727,4.090909090909091,0.8863636363636364,85.2,30.0,38.6,0.0,,,,,,,,,,,,,,0.0,0.0,1.0,1.0,0.0,0.0,0.0,0.0,0.0,0.0,0.0,0.0,0.0,0.0,58eee997,2020,1,60.6
22.0,2626.0,62.0,36.4,18.2,21.0,54.9,43.3,49.2,46.2,0.6,0.5243716679360244,0.05140898705255141,1.9192688499619193,1.3366336633663367,1.7821782178217822,0.5140898705255141,0.753998476770754,4.935262757044935,0.5140898705255141,66.2,46.4,76.8,1.0,5.400000000000006,21.0,-5.800000000000004,-2.0,12.4,-20.4,0.24690530022301993,-0.019218815638031544,0.20402221319061886,-0.5384495848688007,0.17631976202104527,24.599999999999994,842.0,0.0,1.0,0.0,0.0,0.0,0.0,0.0,0.0,0.0,0.0,0.0,0.0,0.0,1.0,59e6e5bf,2020,1,37.8
22.0,2919.0,28.0,65.6,44.9,46.4,49.7,49.6,53.2,51.4,0.67,0.04008221993833505,0.07399794450154162,2.3124357656731758,4.347379239465571,6.752312435765674,2.589928057553957,2.7749229188078113,0.7708119218910586,0.9249743062692704,87.7,36.9,85.4,0.0,,,,,,,,,,,,,,0.0,0.0,1.0,0.0,0.0,0.0,0.0,0.0,1.0,0.0,0.0,0.0,0.0,0.0,5a2cb25d,2020,1,52.7
23.0,2740.0,64.8,56.6,53.4,64.1,50.1,56.0,57.7,56.8,0.19,0.08540145985401461,0.026277372262773727,0.7883211678832117,3.186131386861314,3.5145985401459856,0.3284671532846716,2.8576642335766427,1.083941605839416,0.2956204379562044,89.3,75.70000000000002,80.1,1.0,-3.0,-22.5,-8.699999999999996,6.299999999999997,10.199999999999996,-10.199999999999996,-0.126976100252842,-0.02982236059564123,-0.09324606274902336,-1.2138075150632752,-0.34013753566762617,14.399999999999991,494.0,1.0,0.0,0.0,0.0,0.0,0.0,0.0,0.0,0.0,1.0,0.0,0.0,0.0,0.0,5aa53281,2020,1,49.5
22.0,2640.0,11.8,39.8,2.6,69.5,75.1,39.4,61.6,50.5,0.82,0.013636363636363637,0.010227272727272727,0.4431818181818182,3.647727272727273,3.0,0.7840909090909092,2.4886363636363638,0.23863636363636365,0.17045454545454547,87.8,46.3,77.2,1.0,3.1000000000000014,-5.5,10.499999999999996,-5.5,5.700000000000003,1.8999999999999915,-0.004017618317343697,-0.025080691180141942,-0.08643764042940189,0.06943899568458223,1.176169799208246,2.700000000000003,91.0,0.0,0.0,1.0,0.0,0.0,0.0,0.0,0.0,0.0,0.0,1.0,0.0,0.0,0.0,5c7845f6,2020,1,51.8
22.0,1009.0,40.2,75.8,49.1,49.1,58.4,57.1,61.1,59.1,0.53,0.0356788899900892,0.062438057482656094,2.497522299306244,5.35183349851338,8.384539147670962,3.211100099108028,3.211100099108028,2.319127849355798,1.159563924677899,84.6,41.7,29.5,1.0,-8.499999999999993,-5.5,-2.6000000000000085,-30.9,-6.299999999999997,3.5,-0.027889883244111534,-0.058008039171619,-0.9151171058982173,0.28788487257802586,-2.1760475423788135,-49.2,-1681.0,0.0,0.0,1.0,0.0,0.0,0.0,0.0,0.0,1.0,0.0,0.0,0.0,0.0,0.0,5cdddffa,2020,1,58.8
23.0,1298.0,76.8,48.3,51.8,23.0,52.9,58.4,62.5,60.4,0.37,0.49922958397534667,0.1802773497688752,2.5654853620955316,1.3174114021571648,1.7334360554699537,1.386748844375963,0.8320493066255777,7.419106317411402,1.2480739599383668,68.3,53.1,42.4,1.0,17.6,31.799999999999997,13.099999999999994,19.699999999999996,-13.0,-4.300000000000004,0.1293665702767165,0.07753762374147792,0.3737045401777235,-0.11587901302319703,0.35850729256812364,4.0,-16.0,0.0,1.0,0.0,0.0,0.0,0.0,0.0,1.0,0.0,0.0,0.0,0.0,0.0,0.0,5d4f7d61,2020,1,59.8
21.0,1450.0,63.1,64.0,54.4,20.6,61.9,57.2,59.0,58.1,0.23,0.3413793103448276,0.14275862068965517,2.0482758620689654,2.296551724137931,4.096551724137931,0.7448275862068966,1.1793103448275863,5.4,1.0551724137931036,65.8,55.3,57.5,0.0,,,,,,,,,,,,,,0.0,1.0,0.0,0.0,0.0,1.0,0.0,0.0,0.0,0.0,0.0,0.0,0.0,0.0,5e080f73,2020,1,40.0
18.0,1006.0,71.1,72.2,80.6,39.3,34.5,49.7,61.7,55.7,0.26,0.08946322067594434,0.0536779324055666,2.1471172962226643,4.11530815109344,6.530815109343937,1.2524850894632207,2.4155069582504973,2.594433399602386,1.1630218687872764,83.5,54.5,29.4,0.0,,,,,,,,,,,,,,1.0,0.0,0.0,0.0,1.0,0.0,0.0,0.0,0.0,0.0,0.0,0.0,0.0,0.0,5e74d6c8,2020,1,46.7
20.0,1748.0,27.5,71.0,32.4,62.9,56.7,53.0,55.0,54.0,0.19,0.04118993135011442,0.056636155606407335,1.7505720823798627,6.435926773455378,8.34096109839817,1.4931350114416477,2.368421052631579,1.0812356979405036,0.6693363844393593,89.0,37.9,51.1,1.0,-0.3999999999999986,7.0,1.2999999999999972,-5.0,9.100000000000001,-4.199999999999996,0.01606196485406975,-0.01874774388172669,-0.5528248464242325,-0.4119472310573915,0.6146145352050292,-11.699999999999989,-401.0,0.0,0.0,1.0,0.0,0.0,0.0,1.0,0.0,0.0,0.0,0.0,0.0,0.0,0.0,5ea8ef20,2020,1,60.1
21.0,990.0,34.8,33.0,12.6,54.5,75.1,53.3,63.3,58.3,0.46,0.02727272727272727,0.0,0.09090909090909091,2.3636363636363638,2.3636363636363638,0.9090909090909091,3.6363636363636362,0.2727272727272727,0.0,87.1,69.8,39.3,0.0,,,,,,,,,,,,,,1.0,0.0,0.0,0.0,0.0,0.0,0.0,0.0,0.0,0.0,0.0,1.0,0.0,0.0,5f26e0c5,2020,1,45.6
22.0,2270.0,66.3,30.4,26.4,50.1,79.9,56.5,66.0,61.2,0.99,0.06740088105726873,0.015859030837004406,0.5550660792951542,1.9823788546255507,2.101321585903084,0.5550660792951542,4.8370044052863435,0.8325991189427313,0.11894273127753305,81.9,59.3,66.4,0.0,,,,,,,,,,,,,,1.0,0.0,0.0,0.0,0.0,0.0,0.0,0.0,0.0,0.0,0.0,1.0,0.0,0.0,5fd5ed86,2020,1,61.9
19.0,1261.0,27.5,22.3,26.7,71.8,57.2,49.3,55.9,52.6,0.6,0.0,0.014274385408406028,0.3568596352101507,1.3560666137985726,1.7842981760507535,0.14274385408406026,3.283108643933386,0.570975416336241,0.07137192704203013,90.7,45.6,41.2,0.0,,,,,,,,,,,,,,1.0,0.0,0.0,0.0,0.0,0.0,0.0,0.0,0.0,0.0,0.0,1.0,0.0,0.0,610aa1e9,2020,1,51.4
20.0,1273.0,48.3,76.0,53.0,58.4,54.5,59.3,62.7,61.0,0.17,0.02827965435978005,0.04948939512961508,0.9897879025923016,5.373134328358209,5.302435192458759,1.767478397486253,4.807541241162609,0.6362922230950511,0.4948939512961508,91.3,75.8,50.5,1.0,3.6000000000000014,14.199999999999996,5.599999999999994,-2.5,9.899999999999999,-4.899999999999999,0.02827965435978005,0.036595412321592156,0.21614893411092628,0.40272172541004814,0.8602403455501868,30.1,575.0,1.0,0.0,0.0,0.0,0.0,0.0,0.0,0.0,0.0,1.0,0.0,0.0,0.0,0.0,61590953,2020,0,
21.0,1845.0,64.7,53.7,53.5,28.5,32.1,47.0,48.8,47.9,0.5,0.1951219512195122,0.07804878048780488,2.8292682926829267,3.268292682926829,4.829268292682927,2.5365853658536586,1.951219512195122,2.5853658536585367,1.170731707317073,79.9,33.9,73.2,1.0,-0.10000000000000142,12.5,-1.7999999999999972,12.399999999999999,0.3000000000000007,-27.4,0.100265290173981,-0.04336774565047506,0.9700777361905151,0.3520338913338543,-0.37420310122156897,3.799999999999997,-527.0,0.0,0.0,1.0,0.0,0.0,0.0,0.0,0.0,1.0,0.0,0.0,0.0,0.0,0.0,6191093d,2020,1,54.599999999999994
23.0,1175.0,48.6,39.9,60.7,22.5,65.3,48.2,48.4,48.3,0.7,0.007659574468085107,0.061276595744680855,0.8425531914893617,3.6,2.451063829787234,0.4595744680851064,4.365957446808511,0.3829787234042553,0.3829787234042553,66.3,54.8,38.4,0.0,,,,,,,,,,,,,,1.0,0.0,0.0,0.0,1.0,0.0,0.0,0.0,0.0,0.0,0.0,0.0,0.0,0.0,626fab5f,2020,0,
23.0,1349.0,73.5,70.5,62.6,13.6,42.7,44.5,54.7,49.6,1.22,0.07338769458858414,0.04670126019273536,1.8013343217197924,4.069681245366938,4.936990363232024,1.3343217197924389,2.8687916975537435,2.8687916975537435,0.7338769458858414,77.3,58.6,39.4,1.0,-3.6999999999999957,-15.799999999999997,6.299999999999997,-23.199999999999996,-10.700000000000001,7.100000000000001,-0.08556218607967363,-0.12084050591704984,-0.08888047541624577,-1.1202888730448253,0.6758864959635971,-21.9,-746.0,1.0,0.0,0.0,0.0,1.0,0.0,0.0,0.0,0.0,0.0,0.0,0.0,0.0,0.0,63f04c6c,2020,1,51.4
23.0,2486.0,35.1,69.1,41.2,71.1,76.2,59.9,70.1,65.0,0.66,0.03258246178600161,0.09412711182622686,2.3531777956556716,5.973451327433628,8.000804505229283,0.9050683829444891,2.8600160901045855,1.0498793242156073,1.1584875301689461,93.1,67.6,72.7,1.0,4.399999999999999,-6.100000000000001,19.499999999999993,28.1,1.7999999999999972,-10.0,-0.05626580146811174,0.04805764199076069,1.0369072289280665,3.3938575216826647,1.7284787497371008,-7.299999999999997,-249.0,0.0,0.0,1.0,0.0,0.0,0.0,0.0,0.0,0.0,0.0,1.0,0.0,0.0,0.0,6434f10d,2020,1,65.80000000000001
22.0,2140.0,51.7,49.1,56.6,57.9,27.0,50.3,52.6,51.4,0.77,0.4247663551401869,0.11355140186915888,2.5654205607476634,1.8504672897196262,2.9439252336448596,1.2616822429906542,0.6728971962616822,3.658878504672897,0.9672897196261682,79.7,27.2,62.6,1.0,7.899999999999999,10.700000000000003,7.399999999999999,13.899999999999999,-2.700000000000003,-5.899999999999999,0.16381632429502963,-0.05856457592232783,0.788739499674252,-0.05422405691652177,0.29587136128039115,15.200000000000003,519.0,0.0,1.0,0.0,0.0,0.0,0.0,0.0,0.0,0.0,0.0,0.0,0.0,1.0,0.0,64e8ed6d,2020,1,31.3
23.0,1778.0,64.1,49.8,69.9,12.4,64.2,50.6,57.1,53.8,0.02,0.12654668166479188,0.14173228346456693,3.0877390326209224,3.290213723284589,4.910011248593926,1.9235095613048367,2.1766029246344205,3.3914510686164228,1.3160854893138356,65.2,50.0,58.1,1.0,19.599999999999994,22.099999999999994,14.299999999999997,32.00000000000001,-3.0,21.700000000000003,0.07768674681137169,0.053784400728410564,1.2310615081909548,0.6103369814929485,1.04265672002726,28.0,857.0,0.0,0.0,1.0,1.0,0.0,0.0,0.0,0.0,0.0,0.0,0.0,0.0,0.0,0.0,66385c46,2020,0,
23.0,1484.0,69.6,65.7,74.9,18.7,29.9,53.3,63.1,58.2,0.61,0.1394878706199461,0.24258760107816715,3.39622641509434,4.002695417789758,6.2466307277628035,1.2129380053908356,2.001347708894879,3.699460916442049,1.8800539083557954,73.5,32.5,43.4,0.0,,,,,,,,,,,,,,0.0,0.0,1.0,1.0,0.0,0.0,0.0,0.0,0.0,0.0,0.0,0.0,0.0,0.0,6639e500,2020,1,40.3
22.0,2464.0,56.1,80.2,90.3,16.3,53.4,61.8,61.5,61.6,0.29,0.08035714285714286,0.2483766233766234,5.040584415584416,6.3189935064935066,7.7435064935064934,3.8717532467532467,4.1274350649350655,2.0819805194805197,2.885551948051948,74.6,29.9,72.0,0.0,,,,,,,,,,,,,,0.0,0.0,1.0,0.0,0.0,0.0,1.0,0.0,0.0,0.0,0.0,0.0,0.0,0.0,66b76d44,2020,1,66.6
22.0,2110.0,75.2,59.7,86.6,24.2,26.5,41.0,56.0,48.5,2.78,0.1109004739336493,0.07251184834123223,2.9431279620853084,2.345971563981043,6.739336492890995,2.260663507109005,3.3696682464454977,3.071090047393365,1.023696682464455,78.2,21.7,61.7,0.0,,,,,,,,,,,,,,1.0,0.0,0.0,0.0,1.0,0.0,0.0,0.0,0.0,0.0,0.0,0.0,0.0,0.0,674cfc5a,2020,0,
21.0,1966.0,26.8,18.8,20.0,41.2,85.0,51.4,64.4,57.9,2.24,0.009155645981688708,0.009155645981688708,0.2746693794506612,1.9226856561546286,1.281790437436419,0.18311291963377416,3.296032553407935,0.5493387589013224,0.2288911495422177,83.2,62.6,64.2,0.0,,,,,,,,,,,,,,1.0,0.0,0.0,0.0,0.0,0.0,0.0,0.0,0.0,0.0,0.0,1.0,0.0,0.0,677da306,2020,0,
21.0,2087.0,51.3,68.2,31.5,57.4,72.0,62.5,66.6,64.6,0.28,0.056061332055582176,0.004312410158121706,0.6468615237182559,4.010541447053186,5.088643986583612,0.21562050790608528,2.414949688548155,1.1212266411116434,0.12937230474365116,84.3,71.0,82.8,1.0,6.199999999999996,-9.400000000000006,25.5,-3.8999999999999986,1.6000000000000014,4.900000000000006,-0.011480881828095126,-0.004130366577337957,-0.19741614982771027,1.9648165944635374,1.3088528917060946,51.599999999999994,1021.0,1.0,0.0,0.0,0.0,0.0,0.0,0.0,0.0,0.0,0.0,0.0,1.0,0.0,0.0,67ac5bb8,2020,1,53.3
22.0,2013.0,45.3,73.9,56.4,46.6,55.8,57.9,58.5,58.2,0.1,0.09388971684053651,0.07600596125186289,2.459016393442623,6.8405365126676605,6.393442622950819,1.7883755588673622,2.503725782414307,1.698956780923994,0.9836065573770492,82.1,62.50000000000001,58.9,1.0,5.200000000000003,6.699999999999996,3.8000000000000114,-5.5,16.0,-1.7000000000000028,0.04174938854958061,-0.013791270804783387,-0.3218011154083582,-0.2689326586713241,2.263774362683754,-31.9,-1094.0,0.0,0.0,1.0,0.0,0.0,0.0,1.0,0.0,0.0,0.0,0.0,0.0,0.0,0.0,6928979a,2020,1,68.75
23.0,1003.0,21.7,74.9,47.6,37.0,87.0,45.6,54.1,49.8,1.55,0.12562313060817548,0.0897308075772682,2.8713858424725824,3.589232303090728,8.614157527417747,3.678963110667996,4.127617148554338,4.307078763708874,0.8075772681954138,80.7,60.900000000000006,39.8,1.0,-6.5,-62.2,3.8000000000000114,-26.999999999999993,5.800000000000001,43.9,-0.029480713846088746,-0.013671755392241303,-0.11138039703249936,-1.0897753051054515,0.48715541400544327,-26.400000000000006,-1260.0,0.0,1.0,0.0,0.0,0.0,1.0,0.0,0.0,0.0,0.0,0.0,0.0,0.0,0.0,6a827d8e,2020,1,62.8
23.0,1333.0,32.3,80.3,76.9,29.7,49.5,52.6,60.9,56.8,1.61,0.0067516879219804956,0.06751687921980495,2.093023255813953,5.468867216804201,6.346586646661665,2.633158289572393,4.523630907726932,0.8102025506376593,1.0127531882970742,79.3,37.0,52.9,1.0,5.399999999999999,3.799999999999997,14.299999999999997,-1.3999999999999915,5.0,2.5,0.0067516879219804956,-0.002483120780195039,0.14302325581395325,0.7465866466616653,1.0688672168042004,0.29999999999999716,-467.0,1.0,0.0,0.0,0.0,1.0,0.0,0.0,0.0,0.0,0.0,0.0,0.0,0.0,0.0,6b2c894b,2020,1,52.2
22.0,2674.0,28.1,30.5,12.2,61.5,91.0,41.8,67.5,54.6,2.07,0.05385190725504862,0.02019446522064323,1.31264023934181,2.423335826477188,2.019446522064323,0.8077786088257293,5.856394913986537,0.7068062827225131,0.3029169783096485,85.9,55.4,78.2,1.0,-1.7999999999999972,-9.600000000000001,-9.200000000000003,-5.800000000000001,14.399999999999999,-4.0,-0.047179646143009644,-0.02895602021624998,-0.1345684985222677,-1.2845583323046093,-1.454091357988832,-18.200000000000003,-622.0,0.0,0.0,1.0,0.0,0.0,0.0,0.0,0.0,0.0,0.0,1.0,0.0,0.0,0.0,6b47c5db,2020,1,51.0
23.0,2583.0,37.6,58.6,32.0,51.7,76.7,51.5,63.5,57.5,0.69,0.09756097560975609,0.024390243902439022,1.986062717770035,3.658536585365854,4.878048780487805,2.961672473867596,3.7282229965156795,1.3937282229965158,0.6271777003484321,88.99999999999999,57.4,75.5,1.0,4.700000000000003,12.100000000000001,-1.5,14.0,6.100000000000001,2.299999999999997,0.050098879367172035,0.012524719841793009,0.20623410867313297,-0.8174027686222818,-0.6723796967699411,31.1,1066.0,0.0,0.0,1.0,0.0,0.0,0.0,0.0,0.0,0.0,0.0,1.0,0.0,0.0,0.0,6bb2c084,2020,1,56.4
22.0,1259.0,27.1,46.9,8.5,38.3,84.1,40.1,60.4,50.2,0.66,0.028594122319301033,0.014297061159650517,0.7863383637807784,2.8594122319301034,5.790309769658459,1.858617950754567,5.289912629070691,0.857823669579031,0.28594122319301035,84.4,60.7,36.8,1.0,9.0,-6.199999999999996,-0.30000000000000426,-18.3,6.399999999999999,17.0,-0.06272493066829761,-0.03643574605568206,-1.4966379609091878,-0.2976270961814498,0.37350467837880696,-15.100000000000001,-515.0,0.0,0.0,1.0,0.0,0.0,0.0,0.0,0.0,0.0,0.0,1.0,0.0,0.0,0.0,6c203af0,2020,1,53.4
23.0,2264.0,43.2,56.4,75.8,19.2,48.8,50.5,55.3,52.9,1.2,0.14708480565371027,0.12720848056537104,3.418727915194346,1.6298586572438163,5.605123674911661,2.583922261484099,1.510600706713781,3.299469964664311,1.5901060070671378,67.0,15.9,74.0,1.0,-16.500000000000007,-34.7,-8.100000000000001,-13.0,8.299999999999999,-6.900000000000006,-0.21291519434628978,-0.11085603556366122,-0.9941753106121056,-1.0722956799270493,0.004052205630912908,23.299999999999997,714.0,0.0,1.0,0.0,0.0,0.0,1.0,0.0,0.0,0.0,0.0,0.0,0.0,0.0,0.0,6c6a3300,2020,1,39.8
21.0,907.0,46.5,63.3,23.2,60.4,30.0,47.2,49.8,48.5,0.38,0.14884233737596472,0.009922822491730982,1.4884233737596473,4.465270121278942,5.854465270121279,1.6868798235942668,2.282249173098126,1.2899669239250275,0.39691289966923926,86.74752475247524,29.2019801980198,18.3710033076075,1.0,-16.099999999999994,-19.200000000000003,-16.700000000000003,-45.099999999999994,7.699999999999996,2.6999999999999993,-0.03483113201179039,-0.08897827640936791,-1.9024714457066008,-4.318219188277466,-1.0449339603537116,-0.22899669239250287,270.0,0.0,0.0,1.0,0.0,0.0,0.0,0.0,0.0,1.0,0.0,0.0,0.0,0.0,0.0,6c811eb7,2020,1,33.8
23.0,1596.0,53.5,64.6,56.2,25.6,31.9,48.5,53.2,50.8,0.14,0.14097744360902256,0.10714285714285714,2.481203007518797,5.018796992481203,6.2593984962406015,1.5225563909774436,2.0864661654135337,2.706766917293233,1.2406015037593985,75.2,31.8,46.70000000000001,1.0,-11.600000000000001,-24.099999999999994,-12.100000000000009,-35.89999999999999,5.400000000000002,16.299999999999997,-0.01892103354833785,-0.21265409717186368,-1.5391015610091214,-5.116236021525896,-0.006583718178695186,-10.899999999999991,-374.0,0.0,0.0,1.0,1.0,0.0,0.0,0.0,0.0,0.0,0.0,0.0,0.0,0.0,0.0,6ca5ec4b,2020,1,50.599999999999994
21.0,1670.0,63.3,61.0,74.4,24.2,42.0,45.6,55.3,50.4,0.9,0.0592814371257485,0.07005988023952095,1.5628742514970058,3.8802395209580833,4.311377245508981,0.7544910179640718,3.0718562874251494,1.0778443113772453,0.8622754491017963,78.8,30.4,66.3,0.0,,,,,,,,,,,,,,1.0,0.0,0.0,0.0,1.0,0.0,0.0,0.0,0.0,0.0,0.0,0.0,0.0,0.0,6dfd8f05,2020,1,41.9
20.0,2530.0,72.6,48.4,35.6,14.3,37.2,41.0,42.0,41.5,0.68,0.21699604743083004,0.12806324110671938,2.1699604743083003,2.632411067193676,5.335968379446641,2.0632411067193677,2.2766798418972334,3.41501976284585,0.7470355731225297,63.9,28.200000000000003,82.7,0.0,,,,,,,,,,,,,,0.0,0.0,1.0,0.0,0.0,0.0,0.0,0.0,1.0,0.0,0.0,0.0,0.0,0.0,6ecbddf6,2020,1,42.8
21.0,2612.0,45.1,44.5,23.5,47.1,66.1,44.1,43.2,43.7,0.24,0.08958652373660031,0.05857580398162328,1.5160796324655437,3.4111791730474734,3.7557427258805514,1.0336906584992342,2.51531393568147,1.2404287901990811,0.5513016845329249,80.9,49.2,76.4,1.0,-2.299999999999997,16.5,-4.299999999999997,-0.6999999999999993,-7.0,-6.1000000000000085,-0.00705777156541311,0.028374461699744086,0.06641520293534242,-0.35163982445501896,-1.3606329074894385,32.800000000000004,1122.0,0.0,0.0,1.0,0.0,0.0,0.0,1.0,0.0,0.0,0.0,0.0,0.0,0.0,0.0,6f7d826d,2020,1,48.0
21.0,2202.0,80.6,70.5,72.7,23.8,81.5,71.4,72.3,71.8,1.05,0.42098092643051777,0.30653950953678477,3.147138964577657,2.20708446866485,5.55858310626703,2.82016348773842,1.4305177111716623,6.416893732970028,1.1852861035422344,68.5,60.0,72.0,1.0,24.199999999999996,11.399999999999991,15.5,18.300000000000004,10.5,40.8,0.21094592059621203,0.2015220066196319,0.13663721428594133,0.2026904574922348,-0.03328892690107743,-3.200000000000003,-369.0,0.0,1.0,0.0,0.0,0.0,1.0,0.0,0.0,0.0,0.0,0.0,0.0,0.0,0.0,6f8cd6d0,2020,1,62.05
22.0,985.0,52.5,35.9,28.7,14.8,59.0,36.2,33.1,34.7,0.21,0.09137055837563451,0.07309644670050762,1.5532994923857868,2.1015228426395938,3.9289340101522843,1.8274111675126903,2.9238578680203045,0.9137055837563451,1.0964467005076142,68.91363636363636,50.80909090909092,18.20213197969543,1.0,-18.099999999999994,-12.0,-27.9,-20.7,-14.0,12.100000000000001,-0.08053332332492,-0.032263996922412885,-0.8866265704607934,-1.1727295757996563,-2.667423552924177,-34.79786802030457,-638.0,0.0,0.0,1.0,0.0,0.0,0.0,1.0,0.0,0.0,0.0,0.0,0.0,0.0,0.0,70678132,2020,1,52.2
22.0,1997.0,40.9,23.7,31.7,41.1,47.9,39.4,43.2,41.3,1.08,0.03605408112168253,0.013520280420630946,0.4506760140210315,2.5688532799198796,1.3970956434651978,0.13520280420630945,2.298447671507261,0.6309464196294441,0.18027040560841262,78.0,51.00000000000001,58.4,0.0,,,,,,,,,,,,,,1.0,0.0,0.0,0.0,0.0,0.0,0.0,0.0,0.0,0.0,0.0,1.0,0.0,0.0,70d8e84c,2020,0,
19.0,1364.0,48.7,78.6,72.1,52.7,56.0,60.5,65.9,63.2,1.65,0.2837243401759531,0.22434017595307917,3.563049853372434,2.375366568914956,9.897360703812318,3.497067448680352,1.9794721407624634,9.765395894428153,1.3856304985337244,77.4,44.4,39.9,1.0,-0.5,-5.399999999999999,-0.4000000000000057,-12.0,29.800000000000004,18.200000000000003,-0.08911800734993874,0.0689891978172909,-0.993912171944022,-2.6342848658079365,0.09688555625672812,14.5,495.0,0.0,1.0,0.0,0.0,0.0,1.0,0.0,0.0,0.0,0.0,0.0,0.0,0.0,0.0,7111d552,2020,1,78.65
22.0,1380.0,17.4,31.7,18.5,35.7,80.4,28.6,36.5,32.6,0.21,0.15652173913043477,0.07173913043478261,1.9565217391304348,1.0434782608695652,2.4782608695652173,1.434782608695652,1.434782608695652,3.9130434782608696,0.45652173913043476,71.1,43.6,40.4,0.0,,,,,,,,,,,,,,0.0,1.0,0.0,0.0,0.0,0.0,0.0,0.0,0.0,0.0,0.0,0.0,0.0,1.0,718b8afd,2020,0,
20.0,1487.0,40.1,56.0,51.8,25.5,70.6,47.2,50.9,49.0,0.29,0.22999327505043712,0.10894418291862812,2.5420309347679892,1.5736381977135172,5.2051109616677875,1.9973100201748486,1.6946872898453262,3.9340954942837927,1.0289172831203766,70.3,38.7,43.5,1.0,-9.399999999999999,-15.799999999999997,-9.700000000000003,-12.200000000000003,6.5,7.099999999999994,-0.1551230040193303,-0.07524186359299981,-0.5975039489529408,0.47487840352825295,-0.5612455232167155,-19.4,-663.0,0.0,1.0,0.0,0.0,0.0,1.0,0.0,0.0,0.0,0.0,0.0,0.0,0.0,0.0,71b47ab9,2020,1,56.4
22.0,1717.0,77.3,65.6,88.6,22.9,20.2,39.6,57.0,48.3,2.37,0.0943506115317414,0.1258008153756552,1.887012230634828,4.140943506115317,4.036109493302271,1.310425160163075,2.3587652882935353,1.520093185789167,1.1531741409435061,71.4,44.0,50.2,0.0,,,,,,,,,,,,,,1.0,0.0,0.0,0.0,1.0,0.0,0.0,0.0,0.0,0.0,0.0,0.0,0.0,0.0,71dc23da,2020,0,
22.0,1763.0,45.6,40.8,19.3,63.5,75.5,47.0,63.0,55.0,1.27,0.10720363017583664,0.035734543391945546,1.3272830402722633,3.16505955757232,3.6755530346001133,0.8678389109472491,4.237095859330687,1.3272830402722633,0.5615428247305729,84.8,51.3,70.0,1.0,3.799999999999997,18.8,7.0,-4.0,-2.200000000000003,4.200000000000003,0.06030148773229293,0.009677797589976816,-0.28823519944979803,0.39240306355205323,-0.37865787149542696,19.5,36.0,0.0,0.0,1.0,0.0,0.0,0.0,0.0,0.0,0.0,0.0,1.0,0.0,0.0,0.0,71ec39ef,2020,1,42.6
21.0,1629.0,19.6,64.8,62.0,38.5,67.8,43.8,48.7,46.2,0.02,0.17679558011049723,0.08839779005524862,3.0939226519337013,2.6519337016574585,7.348066298342541,2.596685082872928,2.320441988950276,3.646408839779005,1.160220994475138,84.0,52.6,64.6,0.0,,,,,,,,,,,,,,0.0,1.0,0.0,0.0,0.0,0.0,0.0,0.0,0.0,0.0,0.0,0.0,1.0,0.0,741418c3,2020,0,
20.0,1921.0,64.6,70.6,63.5,65.9,54.9,62.1,65.0,63.6,0.79,0.06090577824049974,0.03279541905257678,1.4523685580426862,4.357105674128058,6.231129619989589,0.3748047891723061,2.4362311296199897,0.7964601769911505,0.7496095783446122,88.0,65.7,56.2,1.0,20.800000000000004,14.999999999999993,55.099999999999994,49.6,6.500000000000007,9.399999999999999,0.02895311551860625,0.011493643904647789,1.345859682303041,4.793259797504382,3.025744727382496,6.800000000000004,231.0,1.0,0.0,0.0,0.0,0.0,0.0,0.0,0.0,0.0,1.0,0.0,0.0,0.0,0.0,75b86fb3,2020,1,57.5
21.0,1819.0,55.1,45.4,43.0,57.4,65.7,51.8,58.9,55.4,0.18,,,2.22649807586586,4.700384826827928,3.5623969213853766,0.7421660252886201,2.869708631115998,0.8905992303463441,1.187465640461792,83.2,39.8,53.2,0.0,,,,,,,,,,,,,,0.0,0.0,1.0,0.0,0.0,0.0,0.0,0.0,0.0,0.0,1.0,0.0,0.0,0.0,75e60d75,2020,0,
19.0,3240.0,44.9,51.0,64.9,29.9,33.6,39.8,47.2,43.5,1.15,0.016666666666666666,0.10833333333333334,1.5277777777777777,2.138888888888889,5.666666666666667,1.3611111111111112,2.3333333333333335,1.4444444444444444,0.6666666666666666,78.1,35.4,94.7,0.0,,,,,,,,,,,,,,1.0,0.0,0.0,0.0,1.0,0.0,0.0,0.0,0.0,0.0,0.0,0.0,0.0,0.0,774cf58b,2020,1,46.1
23.0,1072.0,68.8,85.8,83.9,38.9,46.8,57.4,68.8,63.1,0.79,0.05876865671641791,0.1259328358208955,2.434701492537313,5.457089552238806,6.044776119402985,0.9235074626865671,4.365671641791045,2.0988805970149254,1.007462686567164,81.2,36.4,42.5,1.0,-5.300000000000004,-5.799999999999997,-1.7000000000000028,-11.299999999999997,0.10000000000000142,-8.100000000000001,-0.0013458471003759825,-0.02864731685086022,-0.22751224792070213,-2.28537655235274,-0.9837501424176835,11.899999999999999,24.0,1.0,0.0,0.0,0.0,1.0,0.0,0.0,0.0,0.0,0.0,0.0,0.0,0.0,0.0,77d7c96f,2020,0,
22.0,2489.0,59.5,60.7,31.7,35.6,55.4,48.9,50.3,49.6,0.95,0.17717959019686622,0.061470470068300524,1.7717959019686622,4.266773804740859,4.556046605062274,1.0486139011651265,2.1333869023704297,3.1458417034953796,0.7231820008035356,77.6,34.5,72.8,0.0,,,,,,,,,,,,,,0.0,0.0,1.0,0.0,0.0,0.0,0.0,0.0,0.0,0.0,1.0,0.0,0.0,0.0,780e3631,2020,1,57.7
23.0,2113.0,41.5,46.9,14.8,29.5,84.9,40.4,49.0,44.7,1.82,0.32796971131093233,0.04685281590156176,1.1926171320397538,2.172266919072409,2.2574538570752485,1.0648367250354946,1.7889256980596309,4.855655466161855,0.5111216280170374,64.5,49.3,61.8,0.0,,,,,,,,,,,,,,0.0,1.0,0.0,0.0,0.0,0.0,0.0,0.0,0.0,0.0,0.0,0.0,0.0,1.0,78b8ac63,2020,0,
17.0,1251.0,15.7,37.7,26.7,45.8,69.9,38.7,54.2,46.4,0.01,0.014388489208633094,0.02877697841726619,1.5107913669064748,3.884892086330935,3.237410071942446,0.7913669064748201,3.597122302158273,0.28776978417266186,0.5755395683453237,77.2,54.3,49.6,0.0,,,,,,,,,,,,,,0.0,0.0,1.0,0.0,0.0,0.0,0.0,0.0,0.0,0.0,1.0,0.0,0.0,0.0,7909ffa4,2020,1,36.35
20.0,2527.0,69.8,82.7,92.9,37.8,19.2,64.3,70.4,67.4,0.07,0.10684606252473287,0.23149980213692123,4.131381084289671,7.229916897506925,9.722991689750693,2.2437673130193905,1.5314602295211712,2.4574594380688564,2.1369212504946575,80.9,35.5,73.9,0.0,,,,,,,,,,,,,,0.0,0.0,1.0,0.0,0.0,0.0,0.0,0.0,1.0,0.0,0.0,0.0,0.0,0.0,79300479,2020,1,66.6
19.0,1499.0,48.1,55.5,24.3,13.1,45.5,41.1,41.5,41.3,0.47,0.3722481654436291,0.054036024016010674,2.2815210140093396,0.9606404269513009,3.722481654436291,1.9212808539026018,0.6604402935290193,6.364242828552369,0.9006004002668446,68.8,38.8,43.8,0.0,,,,,,,,,,,,,,0.0,1.0,0.0,0.0,0.0,0.0,0.0,1.0,0.0,0.0,0.0,0.0,0.0,0.0,79443529,2020,1,51.6
22.0,917.0,78.9,47.4,66.1,18.5,31.4,47.7,58.8,53.2,0.81,0.2257360959651036,0.26499454743729556,2.7480916030534353,1.766630316248637,4.612868047982552,1.5703380588876774,3.435114503816794,5.103598691384951,1.3740458015267176,68.1,14.800000000000002,26.8,0.0,,,,,,,,,,,,,,0.0,0.0,1.0,1.0,0.0,0.0,0.0,0.0,0.0,0.0,0.0,0.0,0.0,0.0,79c84d1c,2020,1,48.5
22.0,2004.0,21.1,62.1,52.3,61.8,54.3,55.9,57.4,56.6,0.58,0.0,0.008982035928143714,0.718562874251497,4.131736526946108,4.535928143712575,0.4940119760479042,2.0209580838323356,0.17964071856287425,0.22455089820359284,88.9,62.1,58.6,1.0,1.2000000000000028,-18.699999999999996,18.9,6.799999999999997,11.899999999999999,-10.0,-0.025399811853245528,-0.02488437987618366,-0.04343148134586894,2.7579413139853886,1.3377572230891,27.5,941.0,1.0,0.0,0.0,0.0,0.0,0.0,0.0,0.0,0.0,1.0,0.0,0.0,0.0,0.0,7a11550b,2020,0,
21.0,908.0,47.5,51.2,56.4,23.4,22.1,41.7,44.8,43.2,1.26,0.08920704845814978,0.06938325991189427,2.577092511013216,1.4867841409691631,7.037444933920705,2.577092511013216,0.8920704845814978,2.8744493392070485,0.8920704845814978,77.5,25.0,36.0,1.0,-13.199999999999996,-38.099999999999994,-2.8999999999999986,0.0,-0.9000000000000021,-22.699999999999996,-0.2279358086847074,-0.11061674008810575,0.005663939584644506,-0.7625550660792957,-0.14178728760226544,5.300000000000001,-142.0,0.0,0.0,1.0,0.0,0.0,0.0,0.0,0.0,1.0,0.0,0.0,0.0,0.0,0.0,7b9a9e25,2020,1,47.0
16.0,2107.0,27.5,28.0,20.5,53.3,73.9,38.4,56.8,47.6,1.35,0.03844328429046037,0.02990033222591362,1.2814428096820123,2.4347413383958236,4.10061699098244,0.5980066445182725,5.211200759373517,0.46986236355007116,0.34171808258187,89.19999999999999,52.3,83.6,0.0,,,,,,,,,,,,,,0.0,0.0,1.0,0.0,0.0,0.0,0.0,0.0,0.0,0.0,1.0,0.0,0.0,0.0,7b9c2d84,2020,1,63.0
19.0,939.0,46.5,69.2,78.3,42.7,42.9,56.7,61.8,59.2,1.46,0.21086261980830673,0.24920127795527156,3.3546325878594248,2.108626198083067,7.859424920127795,3.0670926517571884,1.5335463258785942,4.217252396166134,1.4376996805111821,76.3,20.5,27.5,0.0,,,,,,,,,,,,,,0.0,1.0,0.0,0.0,0.0,1.0,0.0,0.0,0.0,0.0,0.0,0.0,0.0,0.0,7ba2eaa9,2020,0,
21.0,1925.0,94.0,74.5,95.9,31.2,40.8,68.0,80.8,74.4,0.45,0.36467532467532465,0.4301298701298701,5.002597402597402,4.161038961038961,6.825974025974026,2.571428571428571,2.1974025974025975,4.722077922077922,3.179220779220779,79.2,35.8,62.9,1.0,8.0,17.299999999999997,1.4000000000000057,19.80000000000001,-21.7,1.3999999999999986,0.16225317934660494,0.18878038916101195,1.9662652226666064,-1.4266211297353157,0.112596054464567,29.1,769.0,0.0,0.0,1.0,1.0,0.0,0.0,0.0,0.0,0.0,0.0,0.0,0.0,0.0,0.0,7c56da38,2020,1,74.4
23.0,1079.0,36.7,32.5,27.8,31.7,59.9,36.1,35.4,35.8,0.02,0.07506950880444857,0.09175162187210381,2.0018535681186282,2.4189063948100094,4.170528266913809,0.7506950880444856,2.83595922150139,1.6682113067655235,0.6672845227062094,75.3,63.6,42.8,1.0,-10.700000000000003,-16.099999999999994,-22.9,-35.7,16.4,30.2,-0.03558622890046946,-0.1664450994393716,-0.8014251204059621,-1.5835700937419288,-0.9745362281408103,7.099999999999994,-141.0,0.0,0.0,1.0,0.0,0.0,0.0,1.0,0.0,0.0,0.0,0.0,0.0,0.0,0.0,7cf431a5,2020,0,
21.0,1291.0,52.3,54.5,40.7,50.4,73.5,59.6,64.5,62.0,0.53,0.027885360185902403,0.006971340046475601,0.975987606506584,2.579395817195972,3.625096824167312,0.487993803253292,3.13710302091402,0.557707203718048,0.278853601859024,89.3,64.5,37.7,0.0,,,,,,,,,,,,,,1.0,0.0,0.0,0.0,0.0,0.0,0.0,0.0,0.0,0.0,0.0,1.0,0.0,0.0,7edfbb8a,2020,1,54.150000000000006
22.0,2308.0,69.4,58.0,44.3,46.9,71.5,59.8,63.4,61.6,0.66,0.0818890814558059,0.06629116117850953,0.8968804159445407,3.3925476603119584,3.509532062391681,0.389948006932409,4.3674176776429805,1.1308492201039861,0.1949740034662045,81.8,55.2,75.4,1.0,4.600000000000001,29.60000000000001,2.6000000000000014,12.599999999999998,-14.700000000000003,5.900000000000006,0.06263087888804555,0.04061355775482907,0.3191343389117304,-1.3050185795484048,-0.5232868617993112,29.60000000000001,906.0,1.0,0.0,0.0,0.0,0.0,0.0,0.0,0.0,0.0,0.0,0.0,1.0,0.0,0.0,7f609bfc,2020,1,58.0
22.0,991.0,58.4,61.2,66.3,34.3,73.6,58.3,57.5,57.9,0.3,0.07265388496468214,0.24520686175580222,2.996972754793138,4.086781029263371,6.6296670030272455,1.6347124117053482,3.8143289606458124,0.3632694248234107,2.0887991927346117,78.6,62.5,39.3,1.0,18.1,8.799999999999997,19.6,31.699999999999996,2.6999999999999957,23.499999999999993,-0.008366370099083795,0.1304281670821338,0.9714663781989898,2.578654249838949,0.778453947492928,0.29999999999999716,-342.0,0.0,0.0,1.0,0.0,0.0,0.0,1.0,0.0,0.0,0.0,0.0,0.0,0.0,0.0,80556f08,2020,1,38.2
20.0,1618.0,36.7,58.8,23.9,47.9,66.8,47.5,57.2,52.4,0.15,0.061186650185414096,0.055624227441285534,1.557478368355995,4.116192830655129,5.673671199011125,1.2237330037082819,3.2262051915945613,1.5018541409147095,0.723114956736712,85.88666666666667,61.63777777777778,34.977750309023484,1.0,15.600000000000001,-14.099999999999994,18.099999999999994,3.1999999999999993,14.399999999999999,25.299999999999997,-0.05723440244616486,-0.003586298874503943,0.17589942098757394,0.5420922516427034,1.945140199076182,8.277750309023485,706.0,0.0,0.0,1.0,0.0,0.0,0.0,0.0,0.0,0.0,0.0,1.0,0.0,0.0,0.0,822d51d7,2020,1,54.0
23.0,2172.0,59.6,36.7,51.1,36.4,31.4,42.2,47.6,44.9,0.42,0.09530386740331491,0.10359116022099447,1.988950276243094,2.6933701657458564,3.93646408839779,0.8287292817679558,2.361878453038674,2.0303867403314917,0.7458563535911602,75.8,15.5,63.5,1.0,-13.899999999999999,-6.999999999999993,-28.599999999999994,-21.4,8.0,-3.1000000000000014,-0.03902449080564031,-0.11060811367977198,-1.3148012364636428,-1.4729752016385151,-1.445395465557088,-9.0,-307.0,0.0,0.0,1.0,1.0,0.0,0.0,0.0,0.0,0.0,0.0,0.0,0.0,0.0,0.0,82927de4,2020,1,60.6
22.0,1477.0,26.7,33.5,29.9,82.0,45.6,49.7,49.8,49.8,0.02,0.006093432633716994,0.012186865267433988,0.7312119160460393,1.6452268111035884,3.0467163168584968,0.12186865267433987,1.1577522004062288,0.5484089370345294,0.18280297901150983,94.6,55.8,43.2,1.0,5.0,-11.3,17.3,16.099999999999998,15.299999999999997,-1.0,-0.024435739686500105,0.012186865267433988,0.48697853748430253,1.7034327347689444,-0.24758187274987176,0.10000000000000142,3.0,1.0,0.0,0.0,0.0,0.0,0.0,0.0,0.0,0.0,1.0,0.0,0.0,0.0,0.0,84594618,2020,0,
22.0,1573.0,46.9,36.2,75.1,51.8,26.2,40.5,47.3,43.9,0.53,0.011443102352193263,0.13731722822631914,1.7736808645899556,2.5174825174825175,3.8334392879847425,0.22886204704386523,1.8308963763509218,0.4005085823267641,1.08709472345836,81.7,21.6,46.0,1.0,7.299999999999997,9.899999999999999,-3.299999999999997,28.89999999999999,3.1999999999999957,5.800000000000001,-0.002910964633452671,0.09425502726938134,1.055977515307659,0.8190852209990966,-0.9274935590725062,27.7,946.0,1.0,0.0,0.0,0.0,1.0,0.0,0.0,0.0,0.0,0.0,0.0,0.0,0.0,0.0,84fb6aff,2020,0,
21.0,901.0,21.0,33.4,19.4,56.8,81.0,40.6,61.7,51.2,0.77,0.029966703662597113,0.01997780244173141,0.8990011098779135,2.297447280799112,5.793562708102109,0.9988901220865705,5.294117647058823,0.9988901220865705,0.1997780244173141,83.8,65.4,35.8,0.0,,,,,,,,,,,,,,0.0,0.0,1.0,0.0,0.0,0.0,0.0,0.0,0.0,0.0,1.0,0.0,0.0,0.0,8577e60a,2020,1,50.1
23.0,1447.0,36.6,46.7,71.7,37.0,51.4,48.2,51.4,49.8,1.01,0.01243953006219765,0.06219765031098825,1.6171389080856944,4.167242570836213,3.296475466482377,0.31098825155494125,2.798894263994471,0.497581202487906,0.8085694540428472,73.4,43.2,42.3,0.0,,,,,,,,,,,,,,1.0,0.0,0.0,0.0,1.0,0.0,0.0,0.0,0.0,0.0,0.0,0.0,0.0,0.0,868ce848,2020,0,
23.0,1250.0,49.7,69.4,66.3,43.3,70.8,58.4,62.5,60.4,0.02,0.216,0.1296,2.88,2.592,4.968,1.08,2.2319999999999998,5.544,1.152,76.7,39.20000000000001,36.5,1.0,3.0,-13.099999999999994,5.6000000000000085,25.5,-8.100000000000001,6.200000000000003,-0.23626130653266328,0.016534673366834174,0.8448241206030151,1.0484020100502516,0.8583316582914575,9.322613065326635,56.0,0.0,1.0,0.0,0.0,0.0,1.0,0.0,0.0,0.0,0.0,0.0,0.0,0.0,0.0,8696bc90,2020,0,
23.0,1434.0,44.4,68.7,58.7,48.9,34.8,48.0,54.0,51.0,0.16,0.01882845188284519,0.0502092050209205,1.1924686192468619,4.644351464435147,3.8912133891213387,1.2552301255230125,3.577405857740586,0.6276150627615062,0.4393305439330544,85.5,36.4,56.89999999999999,1.0,10.399999999999999,3.299999999999997,28.900000000000006,12.100000000000001,9.899999999999999,-4.100000000000001,0.005514842415389567,-0.049642865984996655,0.3936520511995246,-0.23600554578990396,2.314469807630413,17.39999999999999,82.0,1.0,0.0,0.0,0.0,1.0,0.0,0.0,0.0,0.0,0.0,0.0,0.0,0.0,0.0,8746d5d0,2020,0,
23.0,1787.0,47.4,42.7,61.3,50.9,49.3,49.7,50.6,50.2,0.67,0.045327364297705654,0.1561275881365417,2.417459429210968,3.424734191382205,4.38164521544488,0.9569110240626749,2.568550643536654,0.7050923335198658,1.813094571908226,83.0,50.0,52.3,0.0,,,,,,,,,,,,,,0.0,0.0,1.0,0.0,0.0,0.0,1.0,0.0,0.0,0.0,0.0,0.0,0.0,0.0,88050721,2020,1,53.2
22.0,1542.0,59.4,39.9,68.0,27.1,59.1,48.7,53.8,51.2,0.18,0.09922178988326848,0.16926070038910507,2.9766536964980546,1.9260700389105059,4.43579766536965,1.0505836575875487,3.501945525291829,2.918287937743191,1.284046692607004,72.1,47.5,61.2,0.0,,,,,,,,,,,,,,0.0,0.0,1.0,1.0,0.0,0.0,0.0,0.0,0.0,0.0,0.0,0.0,0.0,0.0,8846a40f,2020,1,51.0
22.0,1887.0,69.6,71.8,80.0,23.8,67.6,58.8,65.6,62.2,0.96,0.042925278219395874,0.08108108108108109,1.6693163751987283,4.197138314785374,5.294117647058824,0.9062003179650239,4.674085850556439,1.383147853736089,1.09697933227345,72.4,64.7,61.7,1.0,4.900000000000006,-2.3000000000000114,13.299999999999997,-1.7999999999999972,5.400000000000002,3.3999999999999915,-0.021930597612089722,-0.008719362377898957,-0.17658162923586151,0.5047606625798888,0.6051205764261716,2.700000000000003,83.0,1.0,0.0,0.0,0.0,1.0,0.0,0.0,0.0,0.0,0.0,0.0,0.0,0.0,0.0,88d4144a,2020,1,56.0
23.0,1455.0,73.0,64.0,76.8,19.9,34.8,43.1,55.7,49.4,0.99,0.03711340206185566,0.07422680412371133,1.6082474226804122,3.5257731958762886,5.010309278350515,1.2989690721649483,3.2164948453608244,1.360824742268041,0.7422680412371133,77.0,38.1,47.5,0.0,,,,,,,,,,,,,,1.0,0.0,0.0,0.0,1.0,0.0,0.0,0.0,0.0,0.0,0.0,0.0,0.0,0.0,8954fddc,2020,0,
19.0,1745.0,54.2,60.0,41.4,58.1,24.2,50.2,50.2,50.2,0.0,0.3919770773638968,0.11346704871060173,2.5787965616045843,2.6303724928366763,4.4871060171919765,1.0315186246418337,0.5673352435530086,4.383954154727793,0.8767908309455588,77.2,25.0,51.0,0.0,,,,,,,,,,,,,,0.0,1.0,0.0,0.0,0.0,1.0,0.0,0.0,0.0,0.0,0.0,0.0,0.0,0.0,8aafd64f,2020,1,70.8
23.0,2752.0,39.6,53.6,45.7,35.0,86.0,51.1,64.0,57.6,0.69,0.10465116279069768,0.05886627906976744,2.093023255813953,4.414970930232558,3.4338662790697674,1.340843023255814,4.316860465116279,1.6024709302325582,0.9811046511627907,78.1,54.79999999999999,80.5,1.0,-1.6999999999999957,-13.600000000000001,-4.399999999999999,3.8000000000000043,-10.700000000000003,7.799999999999997,0.01986855409504551,-0.01939459049544994,0.006066734074822833,-1.4900467644084934,-0.44372472194135515,-0.20000000000000284,-8.0,0.0,0.0,1.0,0.0,0.0,0.0,0.0,0.0,0.0,0.0,1.0,0.0,0.0,0.0,8b04d6c1,2020,1,61.55
23.0,2624.0,72.8,73.3,75.8,47.3,22.0,65.9,65.7,65.8,0.19,0.3875762195121952,0.1509146341463415,3.2583841463414633,2.1951219512195124,4.630335365853659,2.1951219512195124,0.6859756097560976,6.448170731707317,1.0632621951219512,79.8,25.9,76.7,1.0,-4.299999999999997,13.299999999999997,-8.5,-13.600000000000009,7.299999999999997,-29.5,0.08776129045605702,-0.010097087013436395,-0.5725843915980797,-5.141410470050102,-2.0800168519883835,29.300000000000004,1003.0,0.0,1.0,0.0,0.0,0.0,0.0,0.0,1.0,0.0,0.0,0.0,0.0,0.0,0.0,8b788c01,2020,0,
23.0,2415.0,55.2,40.3,19.7,48.9,81.8,46.4,62.9,54.6,1.29,0.18260869565217394,0.02608695652173913,1.3043478260869565,3.8385093167701867,3.316770186335404,1.1180124223602486,3.2422360248447206,1.2670807453416149,0.484472049689441,80.6,66.2,78.9,1.0,-6.600000000000001,-15.299999999999997,-17.900000000000006,-10.0,4.5,-2.5,-0.03986321446018562,-0.05986809965803615,-0.7181240840254031,-1.7394095889454944,-1.116546863005094,20.700000000000003,635.0,0.0,0.0,1.0,0.0,0.0,0.0,0.0,0.0,0.0,0.0,1.0,0.0,0.0,0.0,8b8e759d,2020,0,
19.0,1419.0,47.9,54.5,79.6,31.4,24.5,38.9,50.7,44.8,0.74,0.02536997885835095,0.0824524312896406,1.9027484143763214,3.2980972515856237,6.913319238900634,0.5708245243128964,2.66384778012685,0.4439746300211416,1.20507399577167,75.4,39.3,56.3,0.0,,,,,,,,,,,,,,1.0,0.0,0.0,0.0,1.0,0.0,0.0,0.0,0.0,0.0,0.0,0.0,0.0,0.0,8bbe2df5,2020,0,
22.0,3051.0,76.7,49.9,73.7,18.1,44.5,51.5,61.7,56.6,0.28,0.15634218289085547,0.21828908554572274,2.566371681415929,2.7728613569321534,5.191740412979351,1.7994100294985251,1.504424778761062,3.6873156342182893,1.5634218289085546,71.8,42.5,89.2,1.0,10.399999999999999,1.7000000000000028,5.0,11.100000000000001,0.0,9.899999999999999,-0.09484716059154227,0.07556786765799675,-0.17387570202840985,0.5961171969945749,0.6605873321938089,-3.000000000000014,-102.0,0.0,0.0,1.0,1.0,0.0,0.0,0.0,0.0,0.0,0.0,0.0,0.0,0.0,0.0,8c3c640c,2020,1,58.4
20.0,2287.0,74.8,26.8,24.3,16.8,51.3,47.0,54.3,50.6,0.47,0.5194578049846961,0.11412330564057717,1.7315260166156536,0.47223436816790554,2.361171840839528,0.590292960209882,0.7870572802798426,6.217752514210757,0.7870572802798426,62.99999999999999,37.9,90.8,0.0,,,,,,,,,,,,,,0.0,1.0,0.0,0.0,0.0,0.0,0.0,1.0,0.0,0.0,0.0,0.0,0.0,0.0,8c90fd7a,2020,1,54.2
23.0,2205.0,52.4,28.0,52.5,28.1,28.7,32.0,36.7,34.4,0.99,0.036734693877551024,0.04081632653061224,0.6530612244897959,2.326530612244898,3.020408163265306,0.24489795918367346,1.3877551020408163,0.6530612244897959,0.4489795918367347,69.3,42.0,64.5,0.0,,,,,,,,,,,,,,1.0,0.0,0.0,0.0,1.0,0.0,0.0,0.0,0.0,0.0,0.0,0.0,0.0,0.0,8d47bb39,2020,1,36.3
22.0,939.0,10.5,55.4,14.3,59.5,73.0,43.9,60.9,52.4,1.08,0.009584664536741214,0.02875399361022364,1.5335463258785942,4.02555910543131,5.463258785942492,0.9584664536741214,3.5463258785942493,0.38338658146964855,0.7667731629392971,86.0,43.8,27.5,0.0,,,,,,,,,,,,,,0.0,0.0,1.0,0.0,0.0,0.0,0.0,0.0,0.0,0.0,1.0,0.0,0.0,0.0,8e48dc61,2020,0,
19.0,1507.0,65.9,53.8,45.5,33.8,29.7,52.6,54.8,53.7,0.69,0.435965494359655,0.13735899137358992,1.9708029197080292,1.6124751161247513,3.8221632382216324,1.4333112143331121,0.7166556071665561,6.15129396151294,0.8958195089581952,73.0,32.8,44.1,0.0,,,,,,,,,,,,,,0.0,1.0,0.0,0.0,0.0,0.0,0.0,1.0,0.0,0.0,0.0,0.0,0.0,0.0,8e92be30,2020,1,52.1
21.0,1719.0,47.6,49.8,31.4,30.6,70.6,45.1,54.4,49.8,0.35,0.07329842931937172,0.11518324607329843,1.8848167539267013,3.4031413612565444,5.287958115183246,1.256544502617801,3.5602094240837694,1.832460732984293,0.7329842931937173,78.2,51.2,56.2,0.0,,,,,,,,,,,,,,0.0,0.0,1.0,0.0,0.0,0.0,0.0,0.0,0.0,0.0,1.0,0.0,0.0,0.0,8f056768,2020,1,49.2
18.0,1019.0,29.0,79.1,58.3,51.3,47.6,49.0,56.8,52.9,1.08,0.2031403336604514,0.0971540726202159,2.7379784102060842,3.974484789008832,10.775269872423944,2.1197252208047104,1.1481844946025515,5.740922473012757,1.324828263002944,84.1,31.300000000000004,29.8,0.0,,,,,,,,,,,,,,0.0,1.0,0.0,0.0,0.0,1.0,0.0,0.0,0.0,0.0,0.0,0.0,0.0,0.0,8f5e92a6,2020,1,66.6
22.0,2113.0,56.7,27.4,22.1,51.2,53.1,44.6,49.6,47.1,1.09,0.029815428300993846,0.051112162801703734,0.38334122101277807,1.7889256980596309,1.4907714150496925,0.38334122101277807,3.8334122101277806,0.6814955040227165,0.12778040700425936,88.79999999999998,48.5,69.1,0.0,,,,,,,,,,,,,,1.0,0.0,0.0,0.0,0.0,0.0,0.0,0.0,0.0,0.0,0.0,1.0,0.0,0.0,90339309,2020,0,
21.0,2027.0,34.2,43.4,14.4,39.8,58.9,37.8,48.3,43.0,0.35,0.0710409472126295,0.02220029600394672,1.0656142081894426,4.9284657128761715,3.3744449925999014,0.9324124321657622,2.84163788850518,1.021213616181549,0.2220029600394672,78.3,52.3,59.3,1.0,1.5,12.700000000000003,-0.3999999999999986,-1.1999999999999993,1.5,0.6000000000000014,0.04348992680446624,-0.02371807134299205,0.055410126556789674,-1.4929019461756088,1.2549963251210694,30.599999999999998,1047.0,0.0,0.0,1.0,0.0,0.0,0.0,0.0,0.0,0.0,0.0,1.0,0.0,0.0,0.0,9228b07c,2020,0,
23.0,1921.0,37.9,51.6,34.4,26.8,51.8,40.2,38.4,39.3,0.48,0.2670484122852681,0.042165538781884435,1.7334721499219157,1.4523685580426862,3.045288912024987,1.0307131702238417,0.5153565851119208,3.7011972930765227,0.6090577824049974,73.2,46.2,76.2,1.0,2.299999999999997,-6.100000000000001,5.899999999999999,3.1999999999999993,18.4,-0.30000000000000426,-0.06508480103606401,-0.07124580235222897,-0.37273847114019043,0.5340377869124757,-0.8158582646395818,43.7,810.0,0.0,1.0,0.0,0.0,0.0,0.0,0.0,0.0,0.0,0.0,0.0,0.0,1.0,0.0,923f4dda,2020,1,51.1
23.0,1878.0,42.6,32.9,70.0,22.7,51.4,41.9,45.3,43.6,0.97,0.01437699680511182,0.07667731629392971,1.1980830670926517,1.9648562300319488,2.8753993610223643,0.7667731629392971,3.1150159744408943,0.6709265175718849,0.6230031948881789,69.5,54.9,61.4,0.0,,,,,,,,,,,,,,1.0,0.0,0.0,0.0,1.0,0.0,0.0,0.0,0.0,0.0,0.0,0.0,0.0,0.0,92948149,2020,0,
20.0,1051.0,66.3,45.7,60.6,42.4,48.9,51.6,56.2,53.9,0.59,0.13701236917221696,0.11132254995242627,3.596574690770695,2.740247383444339,5.0523311132255,1.1132254995242628,2.2264509990485255,2.5689819219790677,1.6270218839200763,82.0,53.3,30.7,1.0,15.899999999999999,19.199999999999996,25.700000000000003,11.200000000000003,8.600000000000001,3.299999999999997,0.0451756344783394,0.004179692809569133,1.0710644866890622,2.679882133633663,0.9800433018116859,-3.6999999999999993,-125.0,0.0,0.0,1.0,1.0,0.0,0.0,0.0,0.0,0.0,0.0,0.0,0.0,0.0,0.0,92d83c27,2020,1,41.3
22.0,1886.0,65.8,45.9,25.5,73.0,63.1,58.5,63.2,60.8,0.12,0.06680805938494166,0.02386002120890774,0.47720042417815484,3.0063626723223753,3.292682926829268,0.0,2.3382820784729588,1.0498409331919407,0.14316012725344646,88.9,73.4,74.8,1.0,0.7999999999999972,13.299999999999997,8.299999999999997,7.199999999999999,-1.5,-1.999999999999993,0.020266365784424534,0.02386002120890774,-0.04639362882766279,1.8964321188137543,0.5047466412945796,29.599999999999994,339.0,1.0,0.0,0.0,0.0,0.0,0.0,0.0,0.0,0.0,0.0,0.0,1.0,0.0,0.0,94f8d10c,2020,1,58.4
23.0,2898.0,41.7,55.2,58.2,33.8,41.9,47.5,47.9,47.7,0.05,0.05279503105590062,0.13664596273291926,2.670807453416149,3.416149068322981,5.186335403726708,1.6149068322981366,2.8571428571428568,1.9875776397515525,1.1801242236024843,76.2,28.3,84.7,0.0,,,,,,,,,,,,,,0.0,0.0,1.0,0.0,0.0,0.0,1.0,0.0,0.0,0.0,0.0,0.0,0.0,0.0,95facda1,2020,1,50.7
20.0,2867.0,80.2,64.3,79.6,32.3,22.1,57.0,68.3,62.6,0.94,0.2009068712940356,0.16951517265434254,3.672828740844088,3.2647366585280784,6.403906522497384,1.4754098360655739,1.9462853156609696,4.61457970003488,1.6637600279037321,80.9,26.4,83.8,0.0,,,,,,,,,,,,,,0.0,0.0,1.0,1.0,0.0,0.0,0.0,0.0,0.0,0.0,0.0,0.0,0.0,0.0,9674002f,2020,1,70.9
22.0,1458.0,44.7,39.9,36.2,39.1,32.7,38.6,38.8,38.7,0.34,0.07407407407407407,0.04938271604938272,1.8518518518518519,3.2716049382716053,3.5185185185185186,1.234567901234568,2.037037037037037,1.3580246913580247,0.617283950617284,78.1,30.3,42.6,1.0,2.8000000000000043,0.0,7.5,-4.399999999999999,5.700000000000003,-0.7999999999999972,0.026031369447739552,0.009347128860770618,-0.2299986819559774,-0.08468432845657015,0.7893985325776551,9.700000000000003,334.0,0.0,0.0,1.0,0.0,0.0,0.0,0.0,0.0,1.0,0.0,0.0,0.0,0.0,0.0,96960855,2020,0,
18.0,992.0,26.6,49.6,16.0,47.7,72.6,53.8,49.1,51.4,0.07,0.018145161290322582,0.009072580645161291,0.3629032258064516,3.0846774193548385,3.4475806451612905,0.907258064516129,3.810483870967742,0.3629032258064516,0.0,88.1,74.4,39.4,1.0,2.6999999999999957,-8.100000000000001,20.8,-9.899999999999999,7.0,10.099999999999994,-0.00299814332988102,0.009072580645161291,0.01051481546972488,2.1789823679490743,1.2522576856038596,2.1000000000000014,-285.0,1.0,0.0,0.0,0.0,0.0,0.0,0.0,0.0,0.0,1.0,0.0,0.0,0.0,0.0,972aeb2a,2020,1,54.75
22.0,944.0,33.6,65.5,62.9,24.7,37.9,42.4,50.0,46.2,0.14,0.009533898305084746,0.06673728813559321,1.2394067796610169,2.5741525423728815,5.815677966101695,2.288135593220339,2.955508474576271,1.9067796610169492,0.5720338983050848,79.40857142857142,20.968571428571423,17.127966101694916,0.0,,,,,,,,,,,,,,1.0,0.0,0.0,0.0,1.0,0.0,0.0,0.0,0.0,0.0,0.0,0.0,0.0,0.0,984a5a64,2020,1,53.25
20.0,1503.0,83.7,57.5,79.0,25.8,11.7,52.5,55.1,53.8,0.7,0.2155688622754491,0.25748502994011974,3.8922155688622757,2.3353293413173652,5.92814371257485,3.7724550898203595,1.0778443113772456,4.970059880239521,1.437125748502994,79.6,28.6,43.9,1.0,10.799999999999997,9.5,13.200000000000003,29.700000000000003,4.600000000000001,-16.2,-0.008666698313452376,0.17084856334895326,1.0892710615010075,1.800170892642801,0.6026000094940358,-7.700000000000003,-263.0,0.0,0.0,1.0,0.0,0.0,0.0,0.0,0.0,1.0,0.0,0.0,0.0,0.0,0.0,9907b1c8,2020,1,57.2
21.0,1496.0,24.6,19.3,12.6,45.2,81.5,33.3,56.8,45.0,0.67,0.030080213903743314,0.03609625668449198,1.3235294117647058,2.406417112299465,1.3836898395721924,0.6617647058823529,3.7299465240641707,0.5414438502673796,0.4211229946524064,76.8,45.3,43.7,0.0,,,,,,,,,,,,,,0.0,0.0,1.0,0.0,0.0,0.0,0.0,0.0,0.0,0.0,1.0,0.0,0.0,0.0,9939e168,2020,1,40.5
23.0,2605.0,32.0,69.8,85.2,13.2,75.4,52.7,61.9,57.3,2.67,0.13128598848368522,0.22802303262955853,3.4203454894433785,2.2111324376199617,11.401151631477928,5.389635316698657,1.6928982725527832,4.076775431861805,1.727447216890595,65.9,48.5,76.2,1.0,1.0999999999999943,4.300000000000001,-2.700000000000003,7.5,-4.199999999999999,-9.099999999999994,0.0015742368207140311,0.008510837507607283,-0.6705636014657124,2.520885556089901,-0.28332432512948413,49.800000000000004,1703.0,0.0,1.0,0.0,0.0,0.0,1.0,0.0,0.0,0.0,0.0,0.0,0.0,0.0,0.0,9a28eba4,2020,1,55.4
22.0,2394.0,48.2,48.1,26.1,72.4,61.0,57.2,61.5,59.4,0.25,0.05639097744360902,0.011278195488721804,0.41353383458646614,3.1203007518796992,3.496240601503759,0.0,2.255639097744361,0.8646616541353384,0.18796992481203006,89.4,64.5,70.0,0.0,,,,,,,,,,,,,,1.0,0.0,0.0,0.0,0.0,0.0,0.0,0.0,0.0,0.0,0.0,1.0,0.0,0.0,9a64e67e,2020,1,57.8
18.0,1282.0,40.8,70.1,78.4,28.5,54.8,53.0,60.0,56.5,1.47,0.0140405616224649,0.04914196567862714,1.4742589703588145,3.4399375975039,6.248049921996881,1.3338533541341655,3.159126365054602,1.123244929797192,0.842433697347894,78.0,70.4,50.9,0.0,,,,,,,,,,,,,,1.0,0.0,0.0,0.0,1.0,0.0,0.0,0.0,0.0,0.0,0.0,0.0,0.0,0.0,9b398aea,2020,1,49.9
21.0,1103.0,63.1,75.4,72.4,25.9,62.2,61.1,55.7,58.4,0.28,0.171350861287398,0.1387126019945603,3.753399818676337,5.303717135086129,6.609247506799637,2.2030825022665455,3.753399818676337,3.2638259292837715,1.4687216681776971,78.7,41.1,32.3,1.0,8.399999999999999,2.700000000000003,21.200000000000003,7.6000000000000085,4.299999999999997,19.300000000000004,0.03239599192872816,0.05320191315845578,1.401855875683463,3.1888199533554564,1.028182693280903,7.699999999999996,261.0,0.0,0.0,1.0,0.0,0.0,0.0,0.0,0.0,0.0,0.0,1.0,0.0,0.0,0.0,9b6f7fd5,2020,1,69.7
19.0,2251.0,69.8,50.0,62.1,22.1,33.8,47.4,48.6,48.0,0.5,0.15992892047978674,0.1959129275877388,2.2390048867170145,2.838738338516215,5.717458907152376,2.2390048867170145,1.279431363838294,2.838738338516215,1.0795202132385606,72.0,49.4,65.8,1.0,-10.0,-3.6000000000000085,-1.2000000000000028,-11.600000000000001,1.2000000000000028,-24.6,0.0011053910680220436,0.015912927587738795,-0.3021715838712207,-0.10607050461232959,-0.23184989677790258,40.9,1401.0,0.0,0.0,1.0,0.0,0.0,0.0,0.0,0.0,1.0,0.0,0.0,0.0,0.0,0.0,9e1035f8,2020,1,60.8
21.0,3070.0,50.9,73.6,68.1,36.8,58.4,56.6,61.4,59.0,1.44,0.020521172638436478,0.08794788273615635,1.3778501628664495,4.192182410423452,6.889250814332247,1.7296416938110748,5.482084690553745,1.3485342019543973,0.7622149837133549,81.2,53.8,89.8,1.0,7.0,13.600000000000001,16.499999999999993,4.3999999999999915,8.899999999999999,-2.200000000000003,0.006162525542074002,0.02764156493143395,0.2865929835429013,1.5191168002926805,0.774824401489183,-1.7999999999999972,-64.0,1.0,0.0,0.0,0.0,1.0,0.0,0.0,0.0,0.0,0.0,0.0,0.0,0.0,0.0,9e525177,2020,1,48.4
22.0,1579.0,63.5,29.9,29.3,19.7,14.6,30.5,30.1,30.3,0.06,0.18239392020265993,0.11399620012666245,1.7099430018999366,1.4819506016466117,3.818872704243192,0.7979734008866372,1.538948701709943,3.020899303356555,0.9689677010766308,68.2,16.0,46.2,0.0,,,,,,,,,,,,,,0.0,0.0,1.0,0.0,0.0,0.0,0.0,0.0,1.0,0.0,0.0,0.0,0.0,0.0,9e90fb5d,2020,0,
21.0,2644.0,41.9,32.5,18.6,54.8,54.7,46.0,51.4,48.7,0.71,0.023827534039334342,0.0034039334341906206,0.3744326777609682,2.0763993948562787,2.484871406959153,0.23827534039334344,1.7360060514372164,0.3744326777609682,0.1021180030257186,88.0,66.1,77.3,0.0,,,,,,,,,,,,,,1.0,0.0,0.0,0.0,0.0,0.0,0.0,0.0,0.0,0.0,0.0,1.0,0.0,0.0,9f7c837d,2020,1,47.2
23.0,951.0,35.0,7.1,15.8,63.4,41.8,37.3,43.0,40.2,1.97,0.01892744479495268,0.0,0.18927444794952683,0.5678233438485805,0.6624605678233438,0.0,1.135646687697161,0.47318611987381703,0.09463722397476342,79.9,63.0,27.8,1.0,-2.799999999999997,2.700000000000003,-4.5,-14.3,15.100000000000001,-10.400000000000006,3.31130944628312e-05,-0.006298110566829951,-0.2515932917285697,-0.9120670738841438,-0.8177609808540087,-13.999999999999996,-478.0,1.0,0.0,0.0,0.0,0.0,0.0,0.0,0.0,0.0,0.0,0.0,1.0,0.0,0.0,a03c82b2,2020,0,
19.0,1672.0,55.0,21.3,30.1,19.2,67.8,34.7,46.1,40.4,0.59,0.12380382775119615,0.05921052631578947,1.3995215311004783,1.6148325358851674,2.5299043062200957,0.4844497607655502,3.552631578947368,1.8301435406698563,0.5921052631578947,66.0,40.0,54.6,0.0,,,,,,,,,,,,,,0.0,0.0,1.0,0.0,0.0,0.0,0.0,0.0,0.0,0.0,1.0,0.0,0.0,0.0,a0415710,2020,1,64.4
23.0,1165.0,53.5,33.1,26.4,40.9,84.8,44.1,61.6,52.8,2.06,0.12360515021459229,0.0927038626609442,1.7768240343347639,2.6266094420600856,2.6266094420600856,0.927038626609442,3.5536480686695278,2.0858369098712446,0.7725321888412017,72.7,68.0,46.2,0.0,,,,,,,,,,,,,,0.0,0.0,1.0,0.0,0.0,0.0,0.0,0.0,0.0,0.0,1.0,0.0,0.0,0.0,a0b65401,2020,0,
23.0,2203.0,74.9,82.7,84.3,33.5,46.2,66.6,71.2,68.9,0.19,0.14707217430776215,0.22060826146164322,3.1457103949160237,6.168860644575579,6.740807989105765,2.5737630503858373,2.5329096686336814,3.3908306854289605,1.5524285065819337,83.2,43.2,72.0,1.0,-6.3999999999999915,-16.19999999999999,-4.200000000000003,-13.5,6.100000000000001,23.000000000000004,-0.12299534257145767,-0.0933452269104498,-1.9518139861792498,-1.4962512757104385,-0.27900132091579355,-15.099999999999994,-463.0,0.0,0.0,1.0,0.0,0.0,0.0,0.0,0.0,1.0,0.0,0.0,0.0,0.0,0.0,a167537f,2020,1,69.7
21.0,2643.0,91.3,65.4,78.8,27.0,18.8,57.3,71.0,64.2,0.7,0.4392735527809308,0.170261066969353,3.1328036322360955,4.4608399545970485,5.618615209988649,2.4517593643586832,0.681044267877412,5.550510783200908,1.1237230419977298,76.7,30.3,77.3,1.0,0.0,16.099999999999994,0.6000000000000085,13.700000000000003,-4.100000000000001,-31.3,0.026677151752653172,-0.02254098958591691,0.3950144291512627,0.9913658526621711,2.0700944533117016,9.099999999999994,309.0,0.0,0.0,1.0,1.0,0.0,0.0,0.0,0.0,0.0,0.0,0.0,0.0,0.0,0.0,a1d5bd30,2020,1,46.05
21.0,1378.0,42.6,20.4,33.0,34.1,70.4,36.5,50.6,43.6,0.13,0.09143686502177067,0.0783744557329463,2.0899854862119014,2.481857764876633,1.6328011611030477,0.5878084179970973,4.049346879535559,0.5878084179970973,0.9796806966618287,78.4,37.5,40.3,1.0,-6.600000000000001,3.700000000000003,-5.400000000000002,-4.399999999999999,-20.4,-2.1999999999999886,-0.00026619174678826907,0.01287227232683276,0.38692871765294945,-0.0702556074559042,-1.1862645058657248,20.199999999999996,691.0,0.0,0.0,1.0,0.0,0.0,0.0,0.0,0.0,0.0,0.0,1.0,0.0,0.0,0.0,a2b105e0,2020,1,41.2
21.0,2577.0,56.3,42.0,45.7,53.8,63.7,54.7,58.5,56.6,0.81,0.06984866123399301,0.017462165308498253,0.8032596041909197,2.0954598370197903,2.270081490104773,0.4889406286379511,4.086146682188591,1.0128055878928988,0.27939464493597205,87.90000000000002,66.1,75.4,1.0,-2.1000000000000014,-13.700000000000003,14.600000000000001,16.200000000000003,-3.5,-7.700000000000003,-0.0033533935605275372,-0.001801533321638734,0.30240343980735807,0.42076642161162225,0.5158365493485575,7.1000000000000085,241.0,1.0,0.0,0.0,0.0,0.0,0.0,0.0,0.0,0.0,0.0,0.0,1.0,0.0,0.0,a3d94a58,2020,1,64.8
19.0,1950.0,61.7,24.7,27.5,58.8,67.4,52.4,60.0,56.2,1.07,0.07846153846153846,0.004615384615384616,0.4615384615384615,2.123076923076923,1.7076923076923076,0.1846153846153846,4.246153846153846,0.6923076923076923,0.0923076923076923,83.8,66.0,57.0,0.0,,,,,,,,,,,,,,1.0,0.0,0.0,0.0,0.0,0.0,0.0,0.0,0.0,0.0,0.0,1.0,0.0,0.0,a40819d9,2020,1,46.8
21.0,1948.0,32.0,52.7,45.9,44.7,51.0,48.3,48.3,48.3,0.42,0.009240246406570842,0.04620123203285421,1.0164271047227926,3.4188911704312113,4.019507186858316,0.7392197125256673,2.63347022587269,0.5544147843942505,0.36960985626283366,85.34746543778802,65.33317972350231,32.45051334702259,0.0,,,,,,,,,,,,,,1.0,0.0,0.0,0.0,0.0,0.0,0.0,0.0,0.0,1.0,0.0,0.0,0.0,0.0,a4e85758,2020,1,54.4
20.0,983.0,59.9,67.3,43.0,74.5,78.4,70.8,68.9,69.8,0.2,0.027466937945066123,0.054933875890132246,1.007121057985758,4.028484231943032,5.127161749745676,0.5493387589013224,2.9298067141403865,0.6408952187182095,0.5493387589013224,92.1,74.0,32.1,1.0,6.199999999999996,-11.600000000000001,-8.900000000000006,18.3,24.1,8.100000000000009,-0.07198057586708857,0.047830482046406914,0.5098834889249844,0.22581999757519444,-0.020450258980409863,-9.299999999999997,-284.0,1.0,0.0,0.0,0.0,0.0,0.0,0.0,0.0,0.0,1.0,0.0,0.0,0.0,0.0,a4effc55,2020,1,63.3
21.0,1135.0,70.4,30.7,28.0,27.4,38.5,46.5,52.6,49.6,0.21,0.48370044052863437,0.14273127753303966,1.5859030837004406,0.7136563876651982,2.616740088105727,0.9515418502202644,1.3480176211453745,4.995594713656388,0.6343612334801763,70.18809523809524,21.04523809523809,20.36555066079295,1.0,16.300000000000004,34.2,-3.8000000000000007,0.3000000000000007,-3.1000000000000014,3.299999999999997,0.29838815501044635,0.043898058590006034,-0.45253205699962806,-0.4717980038640741,-0.15113427808634594,-22.23444933920705,-322.0,0.0,1.0,0.0,0.0,0.0,0.0,0.0,1.0,0.0,0.0,0.0,0.0,0.0,0.0,a4fe8cda,2020,1,33.0
23.0,1220.0,66.0,56.2,68.3,21.9,16.3,33.4,47.1,40.2,3.48,0.05163934426229508,0.13278688524590165,2.360655737704918,2.7295081967213117,4.647540983606557,2.4344262295081966,3.0245901639344264,2.6557377049180326,0.8114754098360656,73.9,28.600000000000005,35.7,0.0,,,,,,,,,,,,,,1.0,0.0,0.0,0.0,1.0,0.0,0.0,0.0,0.0,0.0,0.0,0.0,0.0,0.0,a55d8df5,2020,0,
23.0,2051.0,33.4,47.3,47.0,53.6,50.6,49.5,50.5,50.0,0.24,0.013164310092637738,0.039492930277913216,0.6143344709897611,3.598244758654315,2.764505119453925,0.0877620672842516,3.1155533885909312,0.7459775719161384,0.26328620185275475,79.3,42.2,67.0,1.0,-10.399999999999999,-22.6,-13.400000000000006,8.399999999999999,-16.499999999999993,-8.799999999999997,-0.025194773551475216,0.015518503000342621,-0.009000638227074309,-1.7906360632844875,-1.6761292424112155,5.700000000000003,174.0,1.0,0.0,0.0,0.0,0.0,0.0,0.0,0.0,0.0,0.0,0.0,1.0,0.0,0.0,a5ae8f8e,2020,1,43.0
21.0,1956.0,70.7,81.1,69.9,37.2,25.7,60.2,65.7,63.0,0.86,0.17024539877300612,0.10582822085889569,3.174846625766871,4.923312883435583,8.788343558282207,2.9907975460122698,1.7944785276073618,3.03680981595092,1.2423312883435582,84.7,53.6,77.6,1.0,-3.5999999999999943,-8.5,-0.8000000000000114,-2.3999999999999915,-10.399999999999999,0.09999999999999787,-0.02968926310219805,-0.03236191308426013,-0.0887927077842563,0.8791635517483956,-0.6924989427650052,-11.900000000000006,-1105.0,0.0,0.0,1.0,0.0,0.0,0.0,0.0,0.0,1.0,0.0,0.0,0.0,0.0,0.0,a5db0bec,2020,1,65.4
22.0,2766.0,65.5,15.5,17.7,47.2,59.1,43.6,51.1,47.4,1.53,0.04880694143167028,0.039045553145336226,0.2928416485900217,1.2039045553145336,1.5943600867678958,0.1301518438177874,2.0824295010845986,0.7158351409978307,0.1301518438177874,79.6,68.3,80.9,1.0,-8.100000000000001,20.4,0.9000000000000004,3.1999999999999993,-20.39999999999999,-8.300000000000004,0.01244330506803392,0.03298494708473017,-0.01018865444028133,0.04890554131335034,-0.7354893840794059,-5.8999999999999915,-204.0,1.0,0.0,0.0,0.0,0.0,0.0,0.0,0.0,0.0,0.0,0.0,1.0,0.0,0.0,a712ca2b,2020,1,43.8
20.0,1058.0,25.9,47.4,17.8,68.7,65.6,56.0,53.4,54.7,0.47,0.025519848771266538,0.008506616257088847,0.5103969754253308,2.4669187145557654,2.4669187145557654,0.4253308128544423,2.8071833648393194,0.34026465028355385,0.08506616257088846,92.2,50.0,34.6,0.0,,,,,,,,,,,,,,1.0,0.0,0.0,0.0,0.0,0.0,0.0,0.0,0.0,1.0,0.0,0.0,0.0,0.0,a73c8f95,2020,1,54.2
21.0,2586.0,42.9,72.1,69.4,55.7,66.1,63.0,63.4,63.2,0.46,0.052204176334106726,0.16009280742459395,3.236658932714617,5.707656612529002,6.090487238979118,1.705336426914153,3.5498839907192576,1.1832946635730859,1.6357308584686774,86.6,45.9,75.6,1.0,6.400000000000006,-18.6,11.799999999999997,-2.0999999999999943,11.5,9.999999999999993,-0.06961498988137785,-0.010454025277084444,-0.515371386722308,1.851180254680255,1.1759836293129755,21.599999999999994,739.0,0.0,0.0,1.0,0.0,0.0,0.0,0.0,0.0,0.0,0.0,1.0,0.0,0.0,0.0,a8a874f1,2020,1,57.0
19.0,1416.0,41.3,30.2,32.8,26.4,76.8,39.5,46.7,43.1,0.04,0.2669491525423729,0.09533898305084747,1.843220338983051,1.2711864406779663,1.9067796610169492,1.0169491525423728,1.4618644067796611,3.75,0.6355932203389831,71.8,42.6,46.3,0.0,,,,,,,,,,,,,,0.0,1.0,0.0,0.0,0.0,0.0,0.0,0.0,0.0,0.0,0.0,0.0,0.0,1.0,a8d4428b,2020,1,26.2
21.0,1042.0,80.2,60.8,79.1,31.4,8.9,53.7,66.6,60.2,0.31,0.19001919385796548,0.1381957773512476,3.8003838771593093,2.763915547024952,8.723608445297504,1.9865642994241843,1.727447216890595,5.268714011516315,1.381957773512476,82.80948275862069,10.502586206896552,15.31228406909789,0.0,,,,,,,,,,,,,,0.0,0.0,1.0,1.0,0.0,0.0,0.0,0.0,0.0,0.0,0.0,0.0,0.0,0.0,a8f21b9f,2020,0,
21.0,1783.0,83.4,76.4,80.2,31.7,74.0,65.0,70.8,67.9,0.6,0.14133482893998878,0.06561974200785194,1.8676388109927091,4.845765563656759,4.8962422882781835,0.6057206954570948,4.795288839035334,2.5238362310712286,0.7066741446999439,77.7,79.0,58.3,1.0,6.800000000000004,17.60000000000001,3.0,-3.799999999999997,7.300000000000001,13.200000000000003,0.11194707383794796,-0.05193127840031134,0.03090411711515806,-0.6874311811095719,-0.5909691302207927,18.299999999999997,558.0,1.0,0.0,0.0,0.0,1.0,0.0,0.0,0.0,0.0,0.0,0.0,0.0,0.0,0.0,ac73ec79,2020,1,55.1
20.0,1188.0,36.9,67.9,44.0,43.7,71.0,54.1,56.7,55.4,0.16,0.09090909090909091,0.05303030303030303,2.272727272727273,4.242424242424242,7.575757575757576,2.5,2.878787878787879,3.3333333333333335,0.9848484848484849,84.9,56.0,34.7,0.0,,,,,,,,,,,,,,0.0,0.0,1.0,0.0,0.0,0.0,0.0,0.0,1.0,0.0,0.0,0.0,0.0,0.0,ad1f61f3,2020,0,
21.0,2430.0,58.5,57.2,35.2,61.0,56.2,55.6,56.0,55.8,0.12,0.1037037037037037,0.014814814814814815,0.6296296296296297,3.5555555555555554,4.185185185185185,0.37037037037037035,1.6666666666666667,0.7407407407407407,0.14814814814814814,85.8,61.9,96.4,0.0,,,,,,,,,,,,,,1.0,0.0,0.0,0.0,0.0,0.0,0.0,0.0,0.0,1.0,0.0,0.0,0.0,0.0,ad82197c,2020,1,60.2
20.0,1213.0,11.4,54.5,20.9,60.7,53.1,42.3,45.3,43.8,0.06,0.0,0.04451772464962902,1.6323165704863973,4.7485572959604285,4.303380049464138,1.4097279472382522,2.5968672712283594,0.4451772464962902,0.8161582852431987,90.2,52.2,48.1,0.0,,,,,,,,,,,,,,0.0,0.0,1.0,0.0,0.0,0.0,1.0,0.0,0.0,0.0,0.0,0.0,0.0,0.0,ae59b359,2020,1,41.8
20.0,1771.0,89.2,63.4,82.3,17.0,4.3,52.9,56.9,54.9,1.07,0.25917560700169395,0.2896668548842462,3.4048560135516657,2.1852060982495765,8.639186900056465,3.6589497459062676,0.8639186900056466,5.132693393562959,1.7278373800112932,73.6,17.6,57.9,1.0,-5.700000000000003,10.700000000000003,1.8999999999999986,2.700000000000003,-15.600000000000001,-8.899999999999999,0.08564361751878422,-0.017958035562730124,0.6441198172326472,1.3035164355516446,-0.6544082751071283,24.5,630.0,0.0,0.0,1.0,0.0,0.0,0.0,0.0,0.0,1.0,0.0,0.0,0.0,0.0,0.0,aeed5c06,2020,1,59.6
23.0,1225.0,45.2,59.4,21.0,72.5,61.8,59.1,59.3,59.2,0.88,0.05142857142857143,0.0,0.5142857142857143,3.23265306122449,4.334693877551021,0.8816326530612245,4.334693877551021,0.5877551020408164,0.1469387755102041,94.8,68.6,50.4,1.0,9.400000000000006,7.0,2.8999999999999986,-19.299999999999997,10.799999999999997,23.699999999999996,0.03347345920912005,-0.026932668329177057,-0.1141432133950836,-2.2189220825487297,0.0007328617232431611,-8.200000000000003,-780.0,1.0,0.0,0.0,0.0,0.0,0.0,0.0,0.0,0.0,1.0,0.0,0.0,0.0,0.0,aef6e670,2020,1,56.4
23.0,3233.0,36.2,72.7,90.1,54.4,58.8,58.4,66.2,62.3,0.38,0.16702752861119702,0.20600061862047633,5.177853386947108,4.899474172595113,10.884627281163006,1.9764924218991649,1.4197339931951747,3.869471079492731,2.5610887720383544,79.1,32.7,94.5,0.0,,,,,,,,,,,,,,0.0,1.0,0.0,0.0,0.0,0.0,0.0,0.0,0.0,0.0,0.0,0.0,1.0,0.0,b0b4fd3e,2020,1,67.2
21.0,2637.0,67.0,71.3,83.3,45.2,44.9,66.7,69.3,68.0,0.04,0.36177474402730375,0.18430034129692832,3.6518771331058018,3.1399317406143346,7.747440273037543,2.04778156996587,1.8430034129692832,5.904436860068259,1.5699658703071673,73.1,16.7,77.1,1.0,5.5,16.5,-12.100000000000009,8.799999999999997,27.800000000000004,-5.600000000000001,0.10073321469309143,0.01818300444788415,-0.056099135846077175,-0.4990989491114357,-0.30107023697300894,-11.600000000000009,-397.0,0.0,1.0,0.0,0.0,0.0,1.0,0.0,0.0,0.0,0.0,0.0,0.0,0.0,0.0,b0f7e36c,2020,0,
23.0,1937.0,63.8,69.2,71.4,28.8,27.8,54.5,58.9,56.7,0.25,0.15332989158492513,0.12545172947857514,3.57769747031492,3.57769747031492,7.29478575116159,2.230252968508002,1.3939081053175013,3.1595250387196696,1.6262261228704182,80.5,38.1,76.9,1.0,-0.09999999999999432,-15.5,10.600000000000001,9.000000000000007,2.400000000000002,-5.099999999999998,-0.07436651320868337,-0.03333655281170447,0.7614524636571307,1.2128949389112575,0.16225139841079228,-10.899999999999991,-1067.0,0.0,0.0,1.0,0.0,0.0,0.0,0.0,0.0,1.0,0.0,0.0,0.0,0.0,0.0,b2bd0f6c,2020,1,60.55
22.0,1599.0,64.3,44.2,26.2,27.2,61.9,42.9,41.8,42.3,0.81,0.17448405253283303,0.056285178236397754,1.857410881801126,2.645403377110694,4.784240150093809,2.5891181988742966,4.727954971857411,1.9136960600375235,0.5065666041275798,77.5,50.0,52.3,1.0,5.5,5.899999999999999,7.400000000000006,-0.3000000000000007,5.0,9.799999999999997,0.018324422688992675,-0.06864252563867453,0.13965495351888202,1.0364090338416405,-0.061363540182538756,-4.200000000000003,-130.0,0.0,0.0,1.0,0.0,0.0,0.0,0.0,0.0,1.0,0.0,0.0,0.0,0.0,0.0,b3325a30,2020,1,38.8
20.0,2528.0,59.4,79.8,62.7,32.1,56.7,55.9,61.7,58.8,0.31,0.03916139240506329,0.07476265822784811,1.317246835443038,5.375791139240507,5.4825949367088604,1.0680379746835442,2.9193037974683547,1.0324367088607596,0.49841772151898733,83.2,51.0,73.9,0.0,,,,,,,,,,,,,,1.0,0.0,0.0,0.0,1.0,0.0,0.0,0.0,0.0,0.0,0.0,0.0,0.0,0.0,b3af9be1,2020,1,56.8
22.0,1176.0,27.7,41.3,20.0,44.4,61.7,47.4,53.5,50.4,0.16,0.007653061224489797,0.015306122448979593,0.5357142857142857,2.8316326530612246,2.7551020408163267,0.7653061224489796,3.1377551020408165,0.22959183673469388,0.07653061224489796,85.1,54.3,34.4,1.0,-11.0,-25.099999999999998,3.1999999999999957,-21.299999999999997,3.6000000000000014,-20.0,-0.022123613713475463,-0.007026383754494351,-0.2831442750797589,0.4474097331240192,-0.07159315339038841,3.9406947890818778,-33.0,1.0,0.0,0.0,0.0,0.0,0.0,0.0,0.0,0.0,0.0,0.0,1.0,0.0,0.0,b5bf1770,2020,1,46.6
22.0,2030.0,90.1,59.3,70.7,60.3,59.2,74.0,78.1,76.0,1.11,0.7714285714285714,0.14187192118226602,3.1477832512315267,1.108374384236453,3.413793103448276,2.2610837438423643,1.6403940886699506,9.044334975369457,1.3300492610837438,87.5,35.4,59.4,1.0,-0.5,-2.3000000000000114,-12.5,-6.799999999999997,19.699999999999996,17.5,-0.14073359073359082,-0.057935028624683776,-1.0221009186526429,-1.6248169351617632,-0.8896951138330451,29.099999999999998,994.0,0.0,1.0,0.0,0.0,0.0,0.0,0.0,1.0,0.0,0.0,0.0,0.0,0.0,0.0,b66315ae,2020,1,74.75
22.0,2056.0,58.5,51.0,60.6,25.7,36.9,40.4,47.5,44.0,1.46,0.05690661478599222,0.04815175097276265,1.3132295719844358,2.582684824902724,3.764591439688716,0.5690661478599222,3.501945525291829,1.2694552529182879,0.5690661478599222,74.1,54.7,81.6,1.0,0.0,0.6000000000000014,27.2,6.100000000000001,-23.900000000000002,-8.100000000000001,-0.039780941167454516,-0.0404785086512302,0.42692697574450744,2.394851063681554,0.5683607425392503,48.89999999999999,939.0,1.0,0.0,0.0,0.0,1.0,0.0,0.0,0.0,0.0,0.0,0.0,0.0,0.0,0.0,b66d1d8a,2020,0,
23.0,2789.0,58.2,46.0,32.4,44.4,59.4,50.2,53.8,52.0,0.75,0.08067407673001076,0.0032269630692004308,0.7744711366081033,2.9042667622803875,1.9361778415202582,0.38723556830405165,2.839727500896379,1.1294370742201507,0.09680889207601291,78.5,58.2,91.1,0.0,,,,,,,,,,,,,,1.0,0.0,0.0,0.0,0.0,0.0,0.0,0.0,0.0,0.0,0.0,1.0,0.0,0.0,b77f44a4,2020,1,57.8
19.0,1270.0,33.6,46.9,69.2,32.6,31.0,38.5,45.8,42.2,0.42,0.014173228346456694,0.04251968503937008,1.8425196850393701,2.905511811023622,6.165354330708662,0.28346456692913385,2.4803149606299213,0.8503937007874016,0.8503937007874016,72.8,29.0,37.1,0.0,,,,,,,,,,,,,,1.0,0.0,0.0,0.0,1.0,0.0,0.0,0.0,0.0,0.0,0.0,0.0,0.0,0.0,b7de5bad,2020,0,
23.0,1659.0,27.9,17.6,8.7,54.3,74.0,33.2,55.0,44.1,0.51,0.03797468354430379,0.0054249547920434,0.7594936708860759,2.549728752260398,1.2477396021699818,0.43399638336347196,3.146473779385172,0.5424954792043399,0.21699819168173598,81.4,55.6,48.5,1.0,1.8000000000000043,-34.1,2.3000000000000007,-4.4,3.5999999999999943,25.799999999999997,-0.037114708589188444,0.0054249547920434,0.43768199031396626,0.4968456808350593,1.1552114697812563,24.0,820.0,0.0,0.0,1.0,0.0,0.0,0.0,0.0,0.0,0.0,0.0,1.0,0.0,0.0,0.0,b86a64b2,2020,0,
21.0,1111.0,28.2,27.3,38.7,51.1,59.4,47.3,52.8,50.0,0.57,0.008100810081008101,0.008100810081008101,0.567056705670567,2.592259225922592,2.8352835283528353,0.324032403240324,2.268226822682268,0.729072907290729,0.324032403240324,80.04634146341465,73.0170731707317,20.28091809180918,1.0,-1.0,-15.2,0.6000000000000014,12.500000000000004,-11.699999999999996,3.299999999999997,-0.03145962947943146,0.008100810081008101,0.07255121116507246,0.6594593525286592,-0.6714770378136716,-6.319081908190821,201.0,1.0,0.0,0.0,0.0,0.0,0.0,0.0,0.0,0.0,0.0,0.0,1.0,0.0,0.0,b871bf55,2020,0,
20.0,2048.0,65.4,68.7,86.6,15.8,24.9,54.6,59.6,57.1,0.23,0.1494140625,0.193359375,4.3505859375,3.4716796875,8.6572265625,2.63671875,1.1865234375,5.44921875,1.5380859375,73.7,26.800000000000004,59.9,1.0,1.8999999999999986,-12.599999999999994,7.100000000000001,24.299999999999997,-2.3000000000000007,1.3999999999999986,-0.12491184605803046,0.11422690137749121,1.3435519398446658,0.9022441474941383,0.4646456898446658,10.0,342.0,0.0,0.0,1.0,0.0,0.0,0.0,0.0,0.0,1.0,0.0,0.0,0.0,0.0,0.0,b8a642fc,2020,1,57.8
21.0,1357.0,59.9,59.0,35.5,10.9,47.9,43.1,46.1,44.6,0.89,0.1790714812085483,0.09285187914517318,2.188651436993368,2.520265291083272,6.4333087693441415,3.5814296241709656,4.112011790714813,4.244657332350774,0.5969049373618276,73.99999999999999,33.3,53.79999999999999,1.0,-11.199999999999996,-21.699999999999996,-9.5,-38.3,2.5999999999999996,18.2,-0.0035983080186179905,-0.24438465481267224,-2.307835682444572,-0.38167952105398495,-0.7115848260127469,16.29999999999999,76.0,0.0,0.0,1.0,0.0,0.0,0.0,0.0,0.0,1.0,0.0,0.0,0.0,0.0,0.0,b8d22478,2020,0,
17.0,1753.0,78.6,64.4,88.6,22.0,13.9,36.7,55.4,46.0,1.47,0.0513405590416429,0.16942384483742157,2.3103251568739305,3.1317741015402167,6.2122076440387906,1.5915573302909298,2.4130062749572163,3.1317741015402167,1.1294922989161438,78.1,24.5,51.3,0.0,,,,,,,,,,,,,,1.0,0.0,0.0,0.0,1.0,0.0,0.0,0.0,0.0,0.0,0.0,0.0,0.0,0.0,bc7dc64d,2020,1,63.2
21.0,1633.0,55.7,39.7,38.2,29.8,25.1,32.0,36.5,34.2,0.09,0.02204531537048377,0.033067973055725654,0.6062461726883037,3.0863441518677277,3.4170238824249846,0.4409063074096754,2.1494182486221676,0.6613594611145132,0.1653398652786283,82.4,54.1,64.8,1.0,-8.199999999999996,14.400000000000006,-1.8999999999999986,-0.6999999999999957,-11.400000000000002,-21.1,0.003295315370483772,0.008067973055725652,-0.17500382731169628,-0.8017261175750154,0.3988441518677277,-19.400000000000006,-1247.0,1.0,0.0,0.0,0.0,1.0,0.0,0.0,0.0,0.0,0.0,0.0,0.0,0.0,0.0,bcc81786,2020,1,44.3
21.0,2175.0,31.3,61.6,41.5,37.0,87.0,52.0,65.7,58.8,0.62,0.08275862068965517,0.05793103448275862,2.3172413793103446,5.8758620689655165,3.972413793103448,1.5310344827586206,4.758620689655173,1.2,0.993103448275862,79.1,62.3,86.3,1.0,-0.6000000000000014,-2.900000000000002,-7.199999999999996,12.8,-6.200000000000003,3.0,-0.0011489593670939158,-0.00408761164614288,0.8944606740002514,-0.8066701144766082,-1.0921152313992986,14.200000000000003,-292.0,0.0,0.0,1.0,0.0,0.0,0.0,0.0,0.0,0.0,0.0,1.0,0.0,0.0,0.0,bced0375,2020,0,
23.0,2092.0,30.7,64.8,35.7,59.2,73.5,62.2,60.2,61.2,0.02,0.012906309751434034,0.01720841300191205,0.5162523900573613,4.689292543021033,3.8288718929254304,0.5592734225621415,2.882409177820268,0.43021032504780116,0.17208413001912046,90.5,76.0,68.4,1.0,-1.0999999999999943,-25.3,-3.200000000000003,-2.6999999999999957,-7.099999999999994,10.899999999999999,-0.020801555417105298,-0.0011776952718366741,-0.12726139952384397,-2.238543837411648,0.46048764005882603,-27.599999999999994,-845.0,1.0,0.0,0.0,0.0,0.0,0.0,0.0,0.0,0.0,1.0,0.0,0.0,0.0,0.0,bd142efb,2020,1,52.900000000000006
22.0,1572.0,44.2,28.4,21.5,60.7,44.6,43.0,46.5,44.8,0.91,0.0400763358778626,0.005725190839694657,0.28625954198473286,2.17557251908397,1.8893129770992367,0.3435114503816794,1.4312977099236643,0.6870229007633588,0.1717557251908397,86.1,61.2,46.0,1.0,-21.799999999999997,-23.0,-13.700000000000003,-2.3000000000000007,-12.099999999999994,-31.199999999999996,-0.05296877690409229,-0.036568042243012105,-0.1366727888423348,-0.14076221087068785,-0.7003673305400899,14.899999999999999,508.0,1.0,0.0,0.0,0.0,0.0,0.0,0.0,0.0,0.0,0.0,0.0,1.0,0.0,0.0,be170419,2020,1,43.7
22.0,1093.0,54.9,41.9,47.4,14.9,54.7,41.5,41.5,41.5,0.57,0.18938700823421775,0.05763952424519671,2.7996340347666973,1.6468435498627632,3.5407136322049406,2.634949679780421,2.22323879231473,4.611161939615736,0.9057639524245197,68.8,43.4,35.7,1.0,-12.399999999999999,-22.000000000000007,2.6999999999999957,-25.199999999999996,-8.700000000000001,13.5,-0.04076104021800295,-0.06349102757176156,-0.22862976065725915,-0.21433347412076564,-0.29124527920856913,20.042934051144012,350.0,0.0,0.0,1.0,0.0,0.0,0.0,0.0,0.0,1.0,0.0,0.0,0.0,0.0,0.0,be5e1c4c,2020,0,
22.0,1330.0,44.0,67.9,80.5,46.1,86.2,60.5,65.8,63.2,0.42,0.14210526315789473,0.2300751879699248,3.045112781954887,3.3834586466165413,6.022556390977443,1.4887218045112782,2.9097744360902253,2.6390977443609023,1.6917293233082706,72.3,45.0,52.8,1.0,0.9000000000000057,-53.8,15.100000000000009,-5.900000000000006,33.5,64.0,-0.377801060027117,-0.05798101811906817,-0.8190558363120921,-0.019598175767288062,1.2054726981387893,15.299999999999997,49.0,0.0,1.0,0.0,0.0,0.0,1.0,0.0,0.0,0.0,0.0,0.0,0.0,0.0,0.0,beb391dd,2020,1,41.2
22.0,2855.0,41.4,51.7,49.1,38.1,60.5,48.2,52.0,50.1,0.15,0.08196147110332751,0.06935201401050789,2.1751313485113837,5.422066549912435,4.697022767075307,0.6619964973730298,2.3957968476357268,1.4185639229422067,0.9141856392294221,77.6,44.2,93.3,1.0,-8.100000000000001,-14.399999999999999,-7.199999999999996,-9.299999999999997,-6.299999999999997,-7.5,0.020034865598740348,-0.06629674090430207,-0.3903994509643698,-1.820015240788389,0.7333378474222645,-6.400000000000006,-197.0,0.0,0.0,1.0,0.0,0.0,0.0,0.0,0.0,0.0,0.0,1.0,0.0,0.0,0.0,beb882a8,2020,1,51.4
21.0,3258.0,70.0,46.7,34.9,62.2,55.7,54.2,56.5,55.4,0.15,0.0718232044198895,0.008287292817679558,0.580110497237569,2.707182320441989,3.5359116022099446,0.19337016574585633,2.430939226519337,0.9392265193370165,0.16574585635359115,88.6,76.9,95.29999999999998,1.0,-2.3000000000000043,0.9000000000000057,-4.599999999999994,-0.10000000000000142,12.700000000000003,-9.899999999999991,-0.00896137004819561,0.0023032502644880683,-0.1379746091454097,0.45412968731632786,-1.122604913600564,7.299999999999983,250.0,1.0,0.0,0.0,0.0,0.0,0.0,0.0,0.0,0.0,0.0,0.0,1.0,0.0,0.0,bee704fc,2020,1,57.2
22.0,1162.0,65.4,46.2,39.9,15.5,29.8,39.2,40.6,39.9,0.1,0.24010327022375216,0.0774526678141136,2.4010327022375213,1.93631669535284,5.499139414802065,2.1686746987951806,2.2461273666092945,3.7951807228915664,0.9294320137693631,69.1,40.0,38.0,0.0,,,,,,,,,,,,,,0.0,0.0,1.0,0.0,0.0,0.0,0.0,0.0,1.0,0.0,0.0,0.0,0.0,0.0,bf075f6b,2020,1,56.7
22.0,1518.0,16.8,52.2,29.3,65.1,55.6,45.4,54.2,49.8,0.09,0.017786561264822132,0.029644268774703556,2.015810276679842,4.624505928853755,5.0395256916996045,0.5928853754940712,3.9130434782608696,0.3557312252964427,0.9486166007905138,89.2,50.0,44.4,1.0,1.5999999999999943,-5.899999999999999,2.700000000000003,-1.3999999999999986,-6.700000000000003,2.200000000000003,-0.0366763736822278,0.0024128013011785916,-0.7073364706726544,2.452536281714733,-1.7748889274246116,25.099999999999998,857.0,0.0,0.0,1.0,0.0,0.0,0.0,0.0,0.0,0.0,0.0,1.0,0.0,0.0,0.0,bf309d24,2020,0,
22.0,1782.0,31.2,22.5,9.6,37.1,48.5,27.5,33.1,30.3,0.48,0.2777777777777778,0.050505050505050504,1.3636363636363635,0.6060606060606061,1.7171717171717171,0.7070707070707071,0.9595959595959596,4.848484848484849,0.5555555555555556,73.5,38.7,52.1,0.0,,,,,,,,,,,,,,0.0,1.0,0.0,0.0,0.0,0.0,0.0,0.0,0.0,0.0,0.0,0.0,0.0,1.0,bfae110f,2020,0,
23.0,2903.0,17.7,33.0,4.4,50.0,61.8,32.7,49.4,41.0,1.04,0.031002411298656565,0.006200482259731313,0.7750602824664141,3.038236307268343,3.038236307268343,1.426110919738202,2.821219428177747,0.4650361694798485,0.1860144677919394,81.4,47.9,84.9,0.0,,,,,,,,,,,,,,0.0,0.0,1.0,0.0,0.0,0.0,0.0,0.0,0.0,0.0,1.0,0.0,0.0,0.0,bfd381b3,2020,1,49.6
21.0,2028.0,81.2,54.1,72.8,16.3,17.2,48.8,51.2,50.0,0.37,0.2707100591715976,0.1997041420118343,3.150887573964497,1.6420118343195265,6.523668639053254,2.3520710059171597,1.8195266272189348,5.059171597633136,1.1538461538461537,72.9,26.5,59.3,1.0,-4.899999999999999,2.1000000000000085,-8.100000000000001,-6.5,-1.1999999999999993,-5.199999999999999,0.10284779231363486,0.002788790505378086,-0.17407655802976452,-1.2883830108750107,-1.4247026563547922,-22.200000000000003,-760.0,0.0,0.0,1.0,0.0,0.0,0.0,0.0,0.0,1.0,0.0,0.0,0.0,0.0,0.0,bfdb33aa,2020,1,42.6
22.0,1692.0,28.5,72.8,74.6,51.9,51.7,59.1,62.6,60.8,0.09,0.031914893617021274,0.09574468085106383,2.606382978723404,5.585106382978723,9.148936170212766,1.5425531914893615,3.6702127659574466,1.1170212765957446,1.5425531914893615,84.2,33.3,49.5,1.0,-3.6000000000000085,-31.700000000000003,-3.700000000000003,8.099999999999994,-0.20000000000000284,5.5,-0.13395049099836334,0.009206219312602293,-0.9993862520458268,0.6393207855973806,1.1139525368248773,13.0,444.0,0.0,0.0,1.0,0.0,0.0,0.0,1.0,0.0,0.0,0.0,0.0,0.0,0.0,0.0,c0617e2b,2020,0,
23.0,2684.0,60.7,78.5,82.9,59.2,47.9,68.3,71.0,69.6,0.08,0.10730253353204174,0.15089418777943367,3.7555886736214603,7.544709388971684,8.315946348733235,1.005961251862891,2.2131147540983607,1.8107302533532041,1.6095380029806259,90.0,59.1,78.5,1.0,-9.5,-16.200000000000003,-9.599999999999994,-12.199999999999989,1.1000000000000014,-2.8999999999999986,-0.03275770743181371,-0.03434677607598802,-1.5757366275833586,-1.0816440127125482,-0.31673639416084587,20.299999999999997,692.0,0.0,0.0,1.0,1.0,0.0,0.0,0.0,0.0,0.0,0.0,0.0,0.0,0.0,0.0,c0c7ff58,2020,1,65.9
22.0,2683.0,18.7,48.2,27.3,32.3,78.0,33.6,32.6,33.1,0.11,0.18449496831904585,0.09727916511367872,1.9455833022735745,1.5765933656354827,2.448751397689154,1.6101379053298548,1.375326127469251,3.656354826686545,0.9392471114424152,79.9,39.2,78.5,1.0,-33.699999999999996,-47.2,-20.799999999999997,-53.3,-1.8000000000000043,8.599999999999994,-0.16620925703306685,-0.1224391447454762,-1.3079378244869886,-1.6920936727333808,-1.3811531132377568,8.900000000000006,553.0,0.0,1.0,0.0,0.0,0.0,0.0,0.0,0.0,0.0,0.0,0.0,0.0,1.0,0.0,c17bfb65,2020,1,54.95
22.0,2115.0,43.3,59.9,53.8,49.3,73.2,56.1,62.8,59.4,1.25,0.03404255319148936,0.09361702127659575,2.2127659574468086,5.617021276595745,5.23404255319149,1.4893617021276595,5.191489361702128,0.8085106382978723,0.5957446808510638,82.4,42.9,69.1,1.0,10.899999999999999,-2.5,8.299999999999997,9.799999999999997,26.599999999999998,6.299999999999997,-0.08602148096005813,-0.007236767410704142,0.19569018370081093,1.0077885510570184,1.1986648198187968,7.8999999999999915,241.0,0.0,0.0,1.0,0.0,0.0,0.0,0.0,0.0,0.0,0.0,1.0,0.0,0.0,0.0,c1b7847c,2020,1,59.4
23.0,920.0,61.1,82.7,54.8,55.3,66.1,65.3,67.3,66.3,0.73,0.0391304347826087,0.10760869565217393,0.782608695652174,5.184782608695652,6.16304347826087,0.9782608695652175,2.9347826086956523,1.2717391304347827,0.391304347826087,88.3,77.8,30.1,1.0,17.299999999999997,1.3999999999999986,34.2,16.0,5.299999999999997,14.099999999999994,-0.02532793585302246,0.04315032501654277,0.13802498929586238,2.456687166712079,2.525874819975867,-2.6000000000000014,-197.0,1.0,0.0,0.0,0.0,0.0,0.0,0.0,0.0,0.0,1.0,0.0,0.0,0.0,0.0,c3ee18ef,2020,1,66.1
23.0,1253.0,79.7,65.2,80.2,18.2,52.5,59.1,68.7,63.9,0.6,0.2657621707901038,0.22984836392657623,3.7350359138068634,3.8786911412609735,5.5307262569832405,2.5139664804469275,3.304070231444533,4.381484437350359,1.8675179569034317,74.7,50.0,49.7,1.0,-2.500000000000007,1.1000000000000085,-10.0,-2.799999999999997,-15.400000000000002,29.4,0.01068423030828991,0.11931458971779021,-0.04862020334004269,-2.2491509277120834,-0.7127117874116768,-12.199999999999996,-864.0,0.0,0.0,1.0,1.0,0.0,0.0,0.0,0.0,0.0,0.0,0.0,0.0,0.0,0.0,c47541e0,2020,0,
22.0,1841.0,20.6,31.5,6.5,59.3,77.8,37.4,59.8,48.6,1.18,0.0048886474741988055,0.03422053231939163,0.8310700706137969,4.25312330255296,2.5909831613253664,0.6355241716458446,3.6175991309071156,0.14665942422596415,0.34220532319391633,84.0,51.400000000000006,73.1,1.0,4.0,4.600000000000001,8.3,-4.699999999999999,6.099999999999994,2.5999999999999943,-0.01320180478710773,0.020652693123411732,-0.2543570650645951,0.8271640658479795,0.7254851115981862,14.899999999999991,-149.0,0.0,0.0,1.0,0.0,0.0,0.0,0.0,0.0,0.0,0.0,1.0,0.0,0.0,0.0,c69ef855,2020,0,
22.0,1646.0,74.3,42.4,50.9,32.9,48.0,47.8,53.9,50.8,1.09,0.2187120291616039,0.13122721749696234,2.405832320777643,3.2260024301336574,4.264884568651276,1.0935601458080195,1.7496962332928312,3.2260024301336574,0.8201701093560146,74.5,34.5,48.1,0.0,,,,,,,,,,,,,,0.0,0.0,1.0,1.0,0.0,0.0,0.0,0.0,0.0,0.0,0.0,0.0,0.0,0.0,c6dc9ecd,2020,0,
22.0,1861.0,24.7,48.6,24.4,60.0,54.2,43.3,51.8,47.6,0.14,0.05319720580333155,0.02418054809242343,1.8377216550241806,3.2885545405695864,5.658248253627082,0.9188608275120903,2.950026867275658,1.4991939817302526,0.5803331542181623,86.4,30.2,54.4,1.0,-5.199999999999996,-28.7,3.1000000000000014,-43.4,9.200000000000003,1.4000000000000057,-0.08330431088018715,-0.039520159693218634,-1.1653117120132308,0.01618556404164284,1.013529262510941,25.5,872.0,0.0,0.0,1.0,0.0,0.0,0.0,0.0,0.0,0.0,0.0,1.0,0.0,0.0,0.0,c6e8cf1f,2020,1,57.3
22.0,2050.0,57.0,36.5,56.2,52.8,63.9,50.9,50.6,50.8,0.16,0.15804878048780488,0.15804878048780488,3.029268292682927,3.5121951219512195,2.546341463414634,0.5707317073170731,3.1170731707317074,2.107317073170732,1.624390243902439,81.0,50.0,59.9,1.0,5.399999999999999,18.5,17.9,25.700000000000003,-3.6000000000000014,-0.30000000000000426,0.10561560708136211,0.09327838980925793,1.2712148314080811,0.9733462612213513,0.9522225379896021,-25.4,-868.0,0.0,0.0,1.0,0.0,0.0,0.0,1.0,0.0,0.0,0.0,0.0,0.0,0.0,0.0,c7259b83,2020,1,56.4
23.0,1632.0,39.4,37.4,37.3,46.1,44.8,40.5,40.8,40.6,0.46,0.05514705882352941,0.12132352941176472,2.261029411764706,3.3639705882352944,4.136029411764706,0.7169117647058824,2.261029411764706,0.9375,1.2683823529411764,77.3,45.0,64.8,1.0,-1.1000000000000014,12.0,5.199999999999996,8.999999999999996,-2.799999999999997,-7.800000000000004,-0.005869890329012958,0.07047607178464607,0.023741276171485914,1.2885717846460616,-0.551283649052841,13.0,-138.0,0.0,0.0,1.0,0.0,0.0,0.0,1.0,0.0,0.0,0.0,0.0,0.0,0.0,0.0,c8090cb3,2020,0,
23.0,1491.0,86.8,60.8,86.8,25.5,54.5,53.3,63.3,58.3,1.27,0.11468812877263582,0.13279678068410464,1.8108651911468814,4.285714285714286,4.164989939637827,1.2072434607645874,2.837022132796781,1.3279678068410463,1.267605633802817,70.0,61.3,48.7,1.0,5.899999999999999,50.5,-10.900000000000006,56.3,-18.799999999999997,2.3999999999999986,0.09387888021772252,0.122392156406648,1.0825414917249159,-0.5170909852176644,-1.1246903385631715,34.46,626.0,1.0,0.0,0.0,0.0,1.0,0.0,0.0,0.0,0.0,0.0,0.0,0.0,0.0,0.0,c8c60119,2020,0,
22.0,960.0,85.6,71.5,75.6,34.7,31.5,70.3,72.2,71.2,0.62,0.5625,0.24375000000000002,3.65625,2.4375,4.21875,1.78125,0.65625,7.5,1.5,81.0,9.4,28.1,1.0,24.400000000000006,46.599999999999994,31.700000000000003,8.599999999999994,-3.299999999999997,-9.299999999999997,0.36164984059511157,0.09072130712008503,1.2651766737513284,1.8276766737513284,0.7159272051009564,0.6000000000000014,19.0,0.0,1.0,0.0,0.0,0.0,0.0,0.0,1.0,0.0,0.0,0.0,0.0,0.0,0.0,c92e1a31,2020,1,55.0
21.0,2287.0,69.7,54.1,58.9,28.7,13.5,46.2,48.8,47.5,0.22,0.1219938784433756,0.1534761696545693,2.518583296895496,2.361171840839528,8.382160034980323,1.1018801923917796,1.1412330564057718,3.935286401399213,1.0231744643637954,73.0,23.5,66.9,0.0,,,,,,,,,,,,,,0.0,0.0,1.0,0.0,0.0,0.0,0.0,0.0,1.0,0.0,0.0,0.0,0.0,0.0,c931d9f9,2020,1,38.4
22.0,1477.0,48.3,54.7,52.8,24.7,46.9,46.2,48.8,47.5,0.27,0.1279620853080569,0.060934326337169935,2.1936357481381177,3.960731211916046,4.813811780636425,1.5233581584292484,1.6452268111035884,2.4983073798239674,0.974949221394719,75.7,39.7,43.2,1.0,-12.5,-33.0,2.200000000000003,-23.60000000000001,-2.1999999999999993,5.299999999999997,-0.052114543044433526,-0.09615379626819401,-0.8714983514787402,-0.12871695499575875,0.5507695260922914,-25.5,-872.0,0.0,0.0,1.0,1.0,0.0,0.0,0.0,0.0,0.0,0.0,0.0,0.0,0.0,0.0,c9e39d91,2020,1,57.2
23.0,2643.0,74.2,66.5,59.3,43.9,54.7,55.8,57.0,56.4,0.15,0.09194097616345064,0.08172531214528944,1.2599318955732122,4.154370034052214,4.426787741203178,0.5788876276958003,2.3496027241770716,0.9875141884222475,0.4767309875141884,86.1,57.6,86.4,1.0,4.0,-8.299999999999997,15.100000000000001,0.09999999999999432,8.5,1.4000000000000057,0.0020757739667457004,-0.008139890051415494,-0.2677765417707718,0.5176514456465133,0.6496271483807208,20.900000000000006,640.0,1.0,0.0,0.0,0.0,0.0,0.0,0.0,0.0,0.0,1.0,0.0,0.0,0.0,0.0,ca8033cb,2020,1,52.7
23.0,1102.0,51.8,48.1,67.3,31.4,51.8,47.5,51.5,49.5,0.92,0.05716878402903811,0.03266787658802178,1.3067150635208713,2.4500907441016335,5.635208711433757,1.633393829401089,4.491833030852995,0.5716878402903811,0.5716878402903811,73.7,53.8,43.7,0.0,,,,,,,,,,,,,,1.0,0.0,0.0,0.0,1.0,0.0,0.0,0.0,0.0,0.0,0.0,0.0,0.0,0.0,cc41f558,2020,1,50.0
19.0,2139.0,50.2,46.4,53.5,61.9,57.3,55.5,54.1,54.8,0.0,0.03366058906030856,0.012622720897615708,0.8835904628330996,2.903225806451613,2.524544179523142,0.5890603085553997,3.8288920056100983,0.7573632538569425,0.29453015427769985,88.3,57.6,84.9,1.0,5.0,5.700000000000003,6.399999999999999,9.600000000000001,5.699999999999996,1.5,-0.0036683201060124654,-0.0060417336855448055,-0.2362768121565314,0.3594674478765221,0.3275310739754618,14.400000000000006,-272.0,1.0,0.0,0.0,0.0,0.0,0.0,0.0,0.0,0.0,1.0,0.0,0.0,0.0,0.0,cc77354e,2020,1,57.2
21.0,1888.0,64.8,11.5,14.2,50.7,56.9,41.8,32.0,36.9,0.12,0.3861228813559322,0.10963983050847456,1.2394067796610169,0.2860169491525424,1.430084745762712,0.8580508474576272,1.1917372881355932,3.336864406779661,0.3336864406779661,77.1,45.9,74.9,0.0,,,,,,,,,,,,,,0.0,1.0,0.0,0.0,0.0,1.0,0.0,0.0,0.0,0.0,0.0,0.0,0.0,0.0,cc83b74d,2020,1,33.5
20.0,3175.0,86.5,88.9,99.7,21.0,28.8,48.8,69.2,59.0,0.35,0.07937007874015747,0.3089763779527559,4.280314960629921,7.766929133858268,6.94488188976378,0.737007874015748,2.6078740157480316,1.7858267716535432,2.409448818897638,71.6,30.4,92.8,1.0,-1.0,8.0,3.200000000000003,2.0,-8.5,-3.3000000000000007,0.020881045433902387,0.07867580930937654,1.2461963578679387,0.8400890384234057,0.6751338454748392,20.799999999999997,713.0,1.0,0.0,0.0,0.0,1.0,0.0,0.0,0.0,0.0,0.0,0.0,0.0,0.0,0.0,cd1acf9d,2020,1,59.3
23.0,1818.0,46.1,54.6,39.8,75.1,36.2,50.5,55.2,52.8,0.23,0.03465346534653465,0.0297029702970297,0.8415841584158417,3.1683168316831685,4.405940594059406,0.297029702970297,3.118811881188119,0.24752475247524752,0.39603960396039606,94.7,42.9,53.2,1.0,4.599999999999994,9.100000000000001,0.7000000000000028,8.299999999999997,7.599999999999994,3.5,0.01078078630144181,0.02373480053575649,0.18508548467578867,0.7056753420700166,-0.47226672269348935,9.100000000000001,310.0,1.0,0.0,0.0,0.0,0.0,0.0,0.0,0.0,0.0,1.0,0.0,0.0,0.0,0.0,cdf65d12,2020,0,
22.0,1024.0,54.3,66.1,69.3,10.3,16.3,46.3,52.2,49.2,0.13,0.10546874999999999,0.2197265625,2.373046875,3.779296875,6.85546875,2.197265625,1.23046875,4.21875,1.669921875,65.9,14.3,29.9,0.0,,,,,,,,,,,,,,0.0,0.0,1.0,0.0,0.0,0.0,0.0,0.0,1.0,0.0,0.0,0.0,0.0,0.0,ce82f116,2020,0,
23.0,1847.0,86.3,54.7,67.9,23.7,46.0,54.6,64.6,59.6,0.22,0.35571196534921495,0.1705468327016784,2.6312939902544668,3.167298321602599,5.0676773145641585,1.5592853275582026,2.338927991337304,4.677855982674608,1.0720086626962642,77.1,34.7,54.0,1.0,-8.100000000000001,2.700000000000003,-16.0,-8.299999999999997,-10.500000000000004,-6.299999999999997,0.11899963658209167,0.01767012037291127,-0.524870393307177,-0.2583500826961149,-1.8135235962056204,0.6000000000000014,22.0,0.0,0.0,1.0,1.0,0.0,0.0,0.0,0.0,0.0,0.0,0.0,0.0,0.0,0.0,cea4ee8f,2020,1,44.8
19.0,1134.0,59.0,58.1,53.5,55.7,19.7,51.1,53.1,52.1,0.6,0.15873015873015872,0.07936507936507936,3.5714285714285716,2.301587301587302,8.333333333333334,2.142857142857143,1.8253968253968254,2.2222222222222223,1.1904761904761905,90.90000000000002,12.5,33.2,0.0,,,,,,,,,,,,,,0.0,0.0,1.0,0.0,0.0,0.0,0.0,0.0,1.0,0.0,0.0,0.0,0.0,0.0,cf007308,2020,1,56.2
22.0,2054.0,71.0,34.3,43.0,65.6,58.0,54.3,57.6,56.0,0.16,0.0744888023369036,0.030671859785783833,0.7887049659201558,2.3222979552093475,2.629016553067186,0.43816942551119764,3.4177215189873418,0.6134371957156767,0.08763388510223953,86.3,57.5,60.1,0.0,,,,,,,,,,,,,,1.0,0.0,0.0,0.0,0.0,0.0,0.0,0.0,0.0,0.0,0.0,1.0,0.0,0.0,d0042ab9,2020,1,45.4
23.0,1190.0,46.5,52.0,41.7,13.2,35.3,38.9,41.9,40.4,0.84,0.0453781512605042,0.12100840336134455,1.8907563025210086,2.5714285714285716,5.369747899159664,2.0420168067226894,1.9663865546218489,3.4789915966386555,1.2100840336134455,75.1,39.1,47.2,0.0,,,,,,,,,,,,,,0.0,0.0,1.0,0.0,0.0,0.0,0.0,0.0,1.0,0.0,0.0,0.0,0.0,0.0,d07e3b41,2020,0,
23.0,3139.0,43.7,62.7,49.1,38.4,76.6,54.3,62.0,58.2,1.56,0.08888180949346926,0.060210258043963044,2.293724115960497,6.479770627588404,4.501433577572475,0.9748327492832112,3.3258999681427204,1.8063077413188913,0.9461611978337049,77.0,63.2,91.8,1.0,4.0,-17.5,2.8000000000000043,8.800000000000004,10.399999999999999,5.0,-0.038125489776603724,-0.04489923100713185,0.5418992984422486,0.2094627746527662,1.4432742772234404,31.699999999999996,1084.0,0.0,0.0,1.0,0.0,0.0,0.0,0.0,0.0,0.0,0.0,1.0,0.0,0.0,0.0,d080ed5e,2020,1,61.7
21.0,943.0,37.8,35.8,23.9,38.6,79.1,40.8,57.7,49.2,0.67,0.05726405090137858,0.05726405090137858,0.6680805938494168,2.767762460233298,3.2449628844114526,1.3361611876988335,2.767762460233298,2.00424178154825,0.19088016967126192,77.2,65.2,27.6,0.0,,,,,,,,,,,,,,0.0,0.0,1.0,0.0,0.0,0.0,0.0,0.0,0.0,0.0,1.0,0.0,0.0,0.0,d0b6129f,2020,0,
23.0,1865.0,36.4,26.4,36.0,40.8,77.6,40.4,56.6,48.5,1.75,0.09168900804289544,0.0482573726541555,1.7855227882037534,2.316353887399464,2.557640750670241,0.386058981233244,2.6058981233243967,2.123324396782842,0.9168900804289545,76.7,58.6,54.5,0.0,,,,,,,,,,,,,,0.0,0.0,1.0,0.0,0.0,0.0,0.0,0.0,0.0,0.0,1.0,0.0,0.0,0.0,d1b49282,2020,1,38.6
22.0,1444.0,24.8,31.4,15.5,69.5,38.6,41.9,44.7,43.3,0.45,0.006232686980609419,0.006232686980609419,0.3739612188365651,1.994459833795014,2.3684210526315788,0.4986149584487535,1.1218836565096952,0.24930747922437674,0.062326869806094184,90.3,63.6,42.2,1.0,-1.7000000000000028,-42.3,4.899999999999999,3.1999999999999993,6.399999999999999,-5.199999999999996,-0.06781794593078298,0.006232686980609419,-0.024772958378624754,0.7734843437708194,0.28559907430134324,-4.0,-136.0,1.0,0.0,0.0,0.0,0.0,0.0,0.0,0.0,0.0,0.0,0.0,1.0,0.0,0.0,d2110326,2020,1,57.6
22.0,2373.0,73.3,82.7,86.5,29.0,54.0,57.7,68.9,63.3,0.16,0.03792667509481669,0.14791403286978508,2.3893805309734515,4.285714285714286,8.34386852085967,0.8723135271807838,2.692793931731985,2.1238938053097343,1.3653603034134008,78.1,73.8,69.4,1.0,5.699999999999996,11.899999999999999,8.299999999999997,6.700000000000003,10.399999999999999,-1.5,0.007371119539261131,0.06735847731422953,0.44493608652900707,1.3160907430818929,0.2857142857142856,-25.299999999999997,-867.0,1.0,0.0,0.0,0.0,1.0,0.0,0.0,0.0,0.0,0.0,0.0,0.0,0.0,0.0,d2424d1b,2020,0,
22.0,1492.0,62.6,53.4,51.9,16.8,22.0,42.4,45.4,43.9,0.46,0.14477211796246647,0.11461126005361928,2.5335120643431632,1.990616621983914,5.851206434316353,1.5683646112600536,2.4128686327077746,3.860589812332439,1.2064343163538873,72.8,21.4,59.2,1.0,2.8999999999999986,23.200000000000003,2.1999999999999957,1.6000000000000014,6.100000000000001,-17.6,0.11927636725425117,-0.20408562379907197,0.23889450060378614,0.2421412785089876,-0.04904343467330974,47.782719546742214,786.0,0.0,0.0,1.0,0.0,0.0,0.0,0.0,0.0,1.0,0.0,0.0,0.0,0.0,0.0,d2448564,2020,0,
20.0,2357.0,64.6,81.5,57.5,49.0,68.5,64.9,65.9,65.4,0.75,0.07254985150615188,0.04200254560882478,1.1073398387781077,5.880356385235468,6.2621977089520575,0.992787441663131,3.2456512515910054,0.992787441663131,0.3054730589732711,89.8,65.6,77.0,1.0,8.800000000000004,17.699999999999996,23.9,26.0,7.0,-10.5,0.009904839905223811,0.035041988764277214,0.480889722768827,2.921130423569227,2.2608668260707354,34.7,1064.0,1.0,0.0,0.0,0.0,0.0,0.0,0.0,0.0,0.0,1.0,0.0,0.0,0.0,0.0,d248cd8f,2020,1,59.55
21.0,2808.0,32.5,36.5,28.1,33.4,67.2,38.2,50.5,44.4,0.04,0.05128205128205129,0.08012820512820513,2.0512820512820515,2.8525641025641026,2.8525641025641026,1.7628205128205128,3.75,1.0576923076923077,0.8653846153846154,76.4,44.4,91.8,0.0,,,,,,,,,,,,,,0.0,0.0,1.0,0.0,0.0,0.0,0.0,0.0,0.0,0.0,1.0,0.0,0.0,0.0,d3112d86,2020,1,37.0
23.0,2530.0,36.9,32.9,24.1,34.9,85.3,40.0,59.4,49.7,1.52,0.07114624505928854,0.060474308300395255,1.6007905138339922,2.7035573122529644,2.6679841897233203,0.7114624505928854,4.090909090909091,2.1343873517786562,0.5691699604743083,74.5,61.8,74.0,1.0,-7.5,-4.5,-14.700000000000003,-21.0,5.099999999999998,-6.799999999999997,-0.0028939743191392503,-0.009452565557008769,-0.9083502539905051,-1.9800962490335356,-0.9573202014581876,10.0,342.0,0.0,0.0,1.0,0.0,0.0,0.0,0.0,0.0,0.0,0.0,1.0,0.0,0.0,0.0,d328a254,2020,1,42.2
21.0,2979.0,63.0,77.8,92.6,14.0,53.6,52.9,65.6,59.2,1.74,0.04833836858006042,0.10876132930513595,2.29607250755287,4.04833836858006,6.61631419939577,1.903323262839879,3.957703927492447,1.3897280966767371,1.3293051359516617,72.5,52.3,87.1,0.0,,,,,,,,,,,,,,1.0,0.0,0.0,0.0,1.0,0.0,0.0,0.0,0.0,0.0,0.0,0.0,0.0,0.0,d38fdf53,2020,1,57.6
21.0,1670.0,81.4,78.1,89.9,13.0,21.3,59.4,73.3,66.4,0.15,0.20479041916167662,0.3125748502994012,4.419161676646707,5.119760479041916,7.868263473053892,2.1556886227544907,1.5628742514970058,3.988023952095808,2.4790419161676644,69.2,25.0,54.6,1.0,11.900000000000006,51.900000000000006,6.299999999999997,11.700000000000003,-21.299999999999997,-28.400000000000002,0.05850066651149993,0.22352891390364146,0.9209284610990034,0.10854615856625927,-0.15939146442098195,8.399999999999999,255.0,0.0,0.0,1.0,1.0,0.0,0.0,0.0,0.0,0.0,0.0,0.0,0.0,0.0,0.0,d4a2533d,2020,1,60.2
21.0,2817.0,90.9,85.7,90.2,37.7,49.7,60.0,72.9,66.4,0.7,0.1853035143769968,0.1405750798722045,2.939297124600639,5.047923322683706,7.507987220447284,1.8849840255591055,3.5463258785942493,3.0351437699680512,1.2779552715654952,83.4,66.7,82.4,1.0,11.600000000000009,21.400000000000006,18.10000000000001,12.0,14.000000000000004,2.200000000000003,0.12153833219076199,0.058591274204188304,0.8441554241957805,0.584910297370361,1.8141176546675122,24.60000000000001,841.0,1.0,0.0,0.0,0.0,1.0,0.0,0.0,0.0,0.0,0.0,0.0,0.0,0.0,0.0,d4c9725f,2020,1,61.0
19.0,2450.0,71.6,36.4,20.5,64.5,56.8,51.7,56.4,54.0,0.41,0.08816326530612245,0.007346938775510205,0.3306122448979592,1.9836734693877551,3.012244897959184,0.036734693877551024,1.9836734693877551,0.8081632653061225,0.11020408163265306,91.3,63.9,71.6,0.0,,,,,,,,,,,,,,1.0,0.0,0.0,0.0,0.0,0.0,0.0,0.0,0.0,0.0,0.0,1.0,0.0,0.0,d6e53a3a,2020,1,60.6
23.0,1492.0,41.7,78.1,81.7,41.6,45.5,61.2,66.4,63.8,0.39,0.07841823056300268,0.09651474530831099,3.619302949061662,5.308310991957104,9.41018766756032,2.292225201072386,3.9209115281501337,1.6890080428954422,1.7493297587131367,82.8,22.6,43.6,1.0,-0.10000000000000142,-38.89999999999999,-0.8000000000000114,8.200000000000003,8.700000000000003,14.899999999999999,-0.10845884584895746,-0.05298691582125713,0.6666451417526917,-0.1952940600144295,0.6363840816581003,-26.181146179401985,-916.0,0.0,0.0,1.0,0.0,0.0,0.0,0.0,0.0,1.0,0.0,0.0,0.0,0.0,0.0,d7553721,2020,1,53.2
18.0,2234.0,84.6,90.8,93.9,41.0,60.2,66.1,77.4,71.8,1.66,0.09265890778871977,0.17323187108325871,2.6991942703670544,5.478961504028648,8.581020590868397,3.6257833482542523,4.109221128021486,2.6991942703670544,1.3294538943598926,86.4,52.9,73.0,0.0,,,,,,,,,,,,,,1.0,0.0,0.0,0.0,1.0,0.0,0.0,0.0,0.0,0.0,0.0,0.0,0.0,0.0,d781d855,2020,1,64.15
22.0,1029.0,9.6,54.1,5.5,60.9,48.1,38.2,40.3,39.2,0.04,0.008746355685131196,0.008746355685131196,0.9620991253644314,3.760932944606414,6.4723032069970845,1.5743440233236152,2.9737609329446064,0.26239067055393583,0.26239067055393583,88.1,26.3,40.8,0.0,,,,,,,,,,,,,,0.0,0.0,1.0,0.0,0.0,0.0,0.0,0.0,1.0,0.0,0.0,0.0,0.0,0.0,d8992b84,2020,0,
22.0,1772.0,48.7,54.3,24.1,44.6,87.9,50.5,66.9,58.7,0.63,0.11173814898419865,0.05079006772009029,1.7268623024830698,4.164785553047404,4.266365688487585,1.574492099322799,3.707674943566591,1.1681715575620766,0.7110609480812641,82.0,59.2,51.8,1.0,6.700000000000003,-3.799999999999997,17.599999999999994,21.400000000000002,-17.199999999999996,13.400000000000006,-0.04397119357635498,0.05079006772009029,1.2078311606145578,0.8407601521554047,1.0505987018363308,26.4,905.0,0.0,0.0,1.0,0.0,0.0,0.0,0.0,0.0,0.0,0.0,1.0,0.0,0.0,0.0,d93c2511,2020,1,59.9
22.0,1854.0,34.8,41.5,53.5,29.4,62.3,43.6,49.1,46.4,0.14,0.05339805825242719,0.13106796116504854,2.4757281553398056,3.203883495145631,3.932038834951456,1.0679611650485437,2.9126213592233006,2.4271844660194173,1.262135922330097,68.7,35.7,54.2,1.0,-3.3999999999999986,-31.200000000000003,-15.899999999999999,-28.299999999999997,4.699999999999999,24.599999999999994,-0.0013021038221271083,-0.0038591052855187213,0.5794558700885899,-0.5533744551619968,-0.6615946247895392,-18.0,-614.0,0.0,0.0,1.0,0.0,0.0,0.0,0.0,0.0,0.0,0.0,1.0,0.0,0.0,0.0,d97f2e8d,2020,0,
23.0,1240.0,66.4,45.1,35.0,24.3,38.2,48.8,46.2,47.5,0.26,0.39919354838709675,0.23225806451612904,1.8870967741935483,0.8709677419354839,3.5564516129032255,2.467741935483871,1.0887096774193548,5.806451612903225,0.7983870967741935,73.6,13.4,36.3,0.0,,,,,,,,,,,,,,0.0,1.0,0.0,0.0,0.0,1.0,0.0,0.0,0.0,0.0,0.0,0.0,0.0,0.0,d9cfca3d,2020,0,
22.0,3008.0,22.3,50.4,30.1,53.9,65.2,45.0,56.2,50.6,0.03,0.029920212765957445,0.09275265957446809,1.7952127659574466,6.402925531914893,4.667553191489361,0.4787234042553191,3.4408244680851063,0.538563829787234,0.7779255319148936,80.2,43.8,88.0,1.0,-3.6000000000000014,-9.7,-1.7000000000000028,3.700000000000003,-6.899999999999999,-3.5999999999999943,-0.019244311655636386,-0.011360450965377689,0.20459579937646954,0.8500724716950163,0.5899435267735047,-3.0,-104.0,0.0,0.0,1.0,0.0,0.0,0.0,0.0,0.0,0.0,0.0,1.0,0.0,0.0,0.0,da27e268,2020,1,49.0
23.0,2431.0,37.0,28.5,10.6,56.9,53.7,44.3,50.6,47.4,0.65,0.022213081036610446,0.0,0.22213081036610446,2.0732208967503083,1.9251336898395721,0.29617441382147264,2.6655697243932535,0.6293706293706294,0.03702180172768408,86.8,60.5,71.1,1.0,-12.200000000000003,-26.1,-3.3999999999999986,-8.9,-15.699999999999996,-12.299999999999997,-0.042668484359888,-0.018537590113285273,-0.14862099189960096,-0.670128926020366,-0.33666581797677697,14.299999999999997,489.0,1.0,0.0,0.0,0.0,0.0,0.0,0.0,0.0,0.0,0.0,0.0,1.0,0.0,0.0,da7b447d,2020,1,63.4
21.0,2485.0,19.4,68.2,47.8,53.1,67.0,53.6,60.3,57.0,0.7,0.025352112676056335,0.05070422535211267,2.4627766599597587,6.012072434607646,5.9396378269617705,2.3903420523138834,4.961770623742455,0.4346076458752515,1.0140845070422535,87.59999999999998,49.0,72.7,1.0,-1.7000000000000028,-7.5,4.5,0.09999999999999432,-1.0,-5.5,0.0071150306091870355,-0.0435206986600454,0.4870927693822511,0.34693265978851784,0.38897213065627767,-13.899999999999991,-476.0,0.0,0.0,1.0,0.0,0.0,0.0,0.0,0.0,0.0,0.0,1.0,0.0,0.0,0.0,db092d3b,2020,1,58.8
19.0,2287.0,95.2,85.7,98.1,37.0,10.6,68.6,74.3,71.4,0.32,0.3974639265413205,0.425010931351115,4.9191080017490165,5.155225185832969,10.310450371665938,3.659816353301268,1.219938784433756,5.6668124180148665,2.6366418889374725,83.50000000000001,5.6,74.7,1.0,6.0,6.6000000000000085,8.700000000000003,1.6999999999999886,8.2,2.4000000000000004,0.14147042796350662,0.14341808291551972,0.38436602694202726,0.8752614240836554,0.6936242106196415,-5.700000000000003,-174.0,0.0,0.0,1.0,0.0,0.0,0.0,0.0,0.0,1.0,0.0,0.0,0.0,0.0,0.0,dbf053da,2020,1,60.5
20.0,1023.0,83.0,61.6,65.5,14.0,40.2,52.9,63.4,58.2,0.57,0.4662756598240469,0.12316715542521993,3.695014662756598,3.0791788856304985,6.334310850439882,3.6070381231671553,2.463343108504399,4.0469208211143695,0.8797653958944281,71.05701754385966,30.753508771929827,20.154545454545456,1.0,4.800000000000004,33.2,-13.199999999999996,3.700000000000003,-7.300000000000001,-15.399999999999999,0.023133807537997653,0.04931018004421173,0.3186957881962229,2.4304421517294488,0.019389905560158294,-7.745454545454539,170.0,0.0,0.0,1.0,1.0,0.0,0.0,0.0,0.0,0.0,0.0,0.0,0.0,0.0,0.0,dc62b55d,2020,1,65.6
23.0,2548.0,41.5,33.6,45.2,36.2,57.0,45.2,48.8,47.0,0.43,0.0141287284144427,0.031789638932496075,0.7064364207221351,2.7904238618524335,2.366562009419152,0.6357927786499216,2.6138147566718994,0.6004709576138147,0.35321821036106754,81.8,60.5,74.5,0.0,,,,,,,,,,,,,,1.0,0.0,0.0,0.0,0.0,0.0,0.0,0.0,0.0,0.0,0.0,1.0,0.0,0.0,deb748c9,2020,0,
19.0,2930.0,45.1,80.0,88.0,34.2,55.9,60.7,66.0,63.4,0.4,0.18122866894197953,0.2641638225255972,4.26962457337884,3.7474402730375425,7.494880546075085,2.5802047781569963,1.812286689419795,5.590443686006826,2.3344709897610922,78.2,26.1,85.7,0.0,,,,,,,,,,,,,,0.0,1.0,0.0,0.0,0.0,0.0,0.0,0.0,0.0,0.0,0.0,0.0,1.0,0.0,df3cda47,2020,1,58.4
20.0,2839.0,72.8,60.6,86.0,33.0,41.8,49.3,60.2,54.8,1.0,0.057062345896442414,0.1585065163790067,1.9020781965480804,2.9482212046495246,6.340260655160268,0.6657273687918281,3.170130327580134,3.0433251144769287,0.9510390982740402,80.3,63.7,83.0,0.0,,,,,,,,,,,,,,1.0,0.0,0.0,0.0,1.0,0.0,0.0,0.0,0.0,0.0,0.0,0.0,0.0,0.0,df8b52a5,2020,1,55.8
23.0,2201.0,53.6,43.1,34.8,22.1,65.6,45.8,40.8,43.3,0.15,0.3680145388459791,0.1226715129486597,1.9218537028623353,1.4720581553839165,2.494320763289414,1.3493866424352567,1.4720581553839165,3.230349840981372,0.6951385733757383,60.8,36.6,64.4,0.0,,,,,,,,,,,,,,0.0,1.0,0.0,0.0,0.0,0.0,0.0,0.0,0.0,0.0,0.0,0.0,1.0,0.0,e08647d6,2020,0,
22.0,2681.0,88.0,61.1,80.7,12.5,38.3,55.9,69.0,62.4,0.67,0.32226781051846326,0.2786273778440881,3.7262215591197316,3.1891085415889595,6.680343155538978,2.4170085788884745,1.4434912346139501,4.9011562849682955,1.7120477433793362,62.0,44.4,78.4,1.0,5.199999999999996,3.299999999999997,7.399999999999999,15.799999999999997,-2.9000000000000004,-9.600000000000001,0.08856108954086656,0.15031780554266244,0.7934313350871451,1.364660874479915,-0.7976531692053377,21.000000000000007,717.0,0.0,0.0,1.0,1.0,0.0,0.0,0.0,0.0,0.0,0.0,0.0,0.0,0.0,0.0,e14ec482,2020,1,52.4
20.0,2009.0,53.4,56.1,54.3,35.2,46.4,49.7,45.8,47.8,0.2,0.07615729218516674,0.18815331010452963,2.777501244400199,3.987058237929318,5.241413638626182,1.1647585863613739,3.1806869089099052,1.5679442508710801,1.5679442508710801,77.9,29.3,79.7,0.0,,,,,,,,,,,,,,0.0,0.0,1.0,0.0,0.0,0.0,0.0,0.0,0.0,0.0,1.0,0.0,0.0,0.0,e1df6989,2020,1,41.6
18.0,1316.0,34.3,60.9,58.3,20.9,35.3,39.1,46.5,42.8,0.77,0.006838905775075989,0.027355623100303955,1.4361702127659575,4.171732522796352,4.513677811550152,2.1200607902735564,3.7613981762917934,0.13677811550151975,0.547112462006079,70.9,41.2,43.0,0.0,,,,,,,,,,,,,,1.0,0.0,0.0,0.0,1.0,0.0,0.0,0.0,0.0,0.0,0.0,0.0,0.0,0.0,e27de4fa,2020,0,
20.0,1077.0,32.5,41.2,26.8,49.0,62.4,41.7,42.3,42.0,0.06,0.0584958217270195,0.0584958217270195,1.8384401114206128,2.33983286908078,4.428969359331476,2.4233983286908076,4.26183844011142,0.4178272980501393,0.7520891364902507,82.2,45.0,42.7,0.0,,,,,,,,,,,,,,0.0,0.0,1.0,0.0,0.0,0.0,1.0,0.0,0.0,0.0,0.0,0.0,0.0,0.0,e2f9bb5f,2020,1,45.3
23.0,1531.0,52.5,56.3,34.3,65.2,48.8,53.2,55.1,54.2,0.1,0.052906596995427824,0.011757021554539516,0.7054212932723709,3.8210320052253426,2.7629000653167863,0.11757021554539515,1.528412802090137,0.7642064010450685,0.2351404310907903,91.1,69.1,60.8,1.0,-1.0,5.0,-4.0,-5.5,4.200000000000003,-2.9000000000000057,0.021656596995427824,-0.010117978445460482,-0.07582870672762909,-0.45584993468321366,-0.4602179947746574,-23.400000000000006,-1349.0,1.0,0.0,0.0,0.0,0.0,0.0,0.0,0.0,0.0,1.0,0.0,0.0,0.0,0.0,e34fc66d,2020,1,54.7
21.0,1386.0,52.3,66.6,70.2,40.0,36.5,47.5,56.1,51.8,0.63,0.025974025974025976,0.09740259740259741,1.3636363636363635,3.311688311688312,5.194805194805195,1.4285714285714286,3.766233766233766,1.1688311688311688,0.6493506493506493,82.6,51.9,40.5,1.0,-5.0,-28.299999999999997,-6.700000000000003,-2.299999999999997,10.100000000000001,-9.5,-0.056092843326885876,0.015335728101685556,-0.09533020171318052,-1.5529151699364467,-1.4299530256977064,11.600000000000001,399.0,1.0,0.0,0.0,0.0,1.0,0.0,0.0,0.0,0.0,0.0,0.0,0.0,0.0,0.0,e3a5814e,2020,0,
20.0,2715.0,94.9,93.0,93.2,36.2,25.9,52.1,71.3,61.7,0.99,0.16243093922651936,0.17569060773480663,2.685082872928177,6.497237569060773,10.209944751381215,2.187845303867403,2.685082872928177,3.712707182320442,1.160220994475138,84.3,46.2,88.7,1.0,-0.6999999999999957,9.700000000000003,0.9000000000000057,10.299999999999997,-5.799999999999997,-7.5,0.07449990474376073,0.025690607734806636,0.6161173556867974,2.140979234139836,0.3937892931987035,31.800000000000004,975.0,1.0,0.0,0.0,0.0,1.0,0.0,0.0,0.0,0.0,0.0,0.0,0.0,0.0,0.0,e42d61c7,2020,1,54.8
23.0,1646.0,13.7,40.1,16.2,66.9,72.6,41.6,60.5,51.0,1.04,0.02187120291616039,0.016403402187120292,1.8043742405832321,2.952612393681653,3.991494532199271,1.2029161603888214,3.827460510328068,0.38274605103280684,0.5467800729040098,89.7,50.8,65.3,0.0,,,,,,,,,,,,,,0.0,0.0,1.0,0.0,0.0,0.0,0.0,0.0,0.0,0.0,1.0,0.0,0.0,0.0,e50623a0,2020,1,34.4
23.0,2291.0,53.6,54.5,84.0,32.6,45.7,48.4,56.7,52.6,0.97,0.01571366215626364,0.10213880401571367,2.19991270187691,4.635530336097774,2.8677433435181143,0.392841553906591,3.0641641204714096,1.2963771278917504,1.0213880401571367,73.3,46.4,67.0,1.0,-2.1999999999999957,-22.9,-0.10000000000000142,-5.799999999999997,3.8000000000000007,-0.7999999999999972,-0.02222900226194884,-0.07239745230806373,-0.5319591362343887,-0.09178448110245929,0.3100665924215509,32.3,1105.0,1.0,0.0,0.0,0.0,1.0,0.0,0.0,0.0,0.0,0.0,0.0,0.0,0.0,0.0,e514ab62,2020,1,51.6
21.0,1803.0,62.9,58.2,61.7,28.1,53.1,49.2,54.0,51.6,1.17,0.02995008319467554,0.044925124792013306,1.3477537437603992,3.194675540765391,6.5890183028286184,1.3976705490848584,3.693843594009983,0.64891846921797,0.64891846921797,76.3,60.0,71.5,1.0,5.0,17.299999999999997,3.5,-5.299999999999997,2.1000000000000014,11.200000000000003,0.00046950294198485135,0.015444544539322619,-0.042045039580733246,1.1140533987574903,0.330847744789724,9.0,-334.0,1.0,0.0,0.0,0.0,1.0,0.0,0.0,0.0,0.0,0.0,0.0,0.0,0.0,0.0,e54a9890,2020,0,
23.0,1268.0,31.3,44.7,57.9,57.0,38.9,42.6,40.0,41.3,0.12,0.1774447949526814,0.09936908517350157,2.6261829652996846,1.774447949526814,2.7681388012618298,0.9936908517350158,0.9936908517350158,4.755520504731861,0.7807570977917981,77.5,23.8,41.4,1.0,-14.100000000000001,-18.3,-12.199999999999996,-3.3999999999999986,3.0,-19.5,-0.1160904409238474,-0.021190029561501317,-0.2043353806525574,-1.8445577625121947,-1.1609044092384742,-14.700000000000003,-449.0,0.0,1.0,0.0,0.0,0.0,0.0,0.0,1.0,0.0,0.0,0.0,0.0,0.0,0.0,e5a35ae9,2020,0,
20.0,1544.0,90.7,64.9,83.1,12.2,26.7,56.1,70.9,63.5,1.17,0.3555699481865285,0.23898963730569947,5.42098445595855,2.739637305699482,6.120466321243524,2.7979274611398965,1.6904145077720207,6.295336787564767,2.215025906735751,73.4017543859649,36.52456140350877,35.4160621761658,1.0,-3.9000000000000057,22.799999999999997,-21.69999999999999,-1.1000000000000085,-16.900000000000002,-18.400000000000002,-0.0787062581362668,0.029339054942970705,1.0782223927305967,-1.9660561413188722,-0.10562059779469424,17.8160621761658,943.0,0.0,0.0,1.0,1.0,0.0,0.0,0.0,0.0,0.0,0.0,0.0,0.0,0.0,0.0,e5bf73f3,2020,1,65.6
22.0,1413.0,75.2,79.9,92.6,20.8,38.9,49.8,65.6,57.7,1.46,0.08280254777070065,0.12101910828025478,2.8662420382165608,5.414012738853503,8.21656050955414,2.356687898089172,5.859872611464969,2.229299363057325,1.2738853503184715,78.75987261146497,42.60828025477708,33.96369426751592,0.0,,,,,,,,,,,,,,1.0,0.0,0.0,0.0,1.0,0.0,0.0,0.0,0.0,0.0,0.0,0.0,0.0,0.0,e61bdd69,2020,0,
22.0,1266.0,54.7,62.3,77.7,25.0,15.8,49.8,54.4,52.1,1.01,0.07109004739336493,0.08530805687203791,3.199052132701422,3.4123222748815167,7.393364928909953,3.199052132701422,2.2748815165876777,2.7014218009478674,1.2796208530805688,75.9,21.1,37.0,1.0,-10.899999999999999,-20.0,-15.299999999999997,-7.700000000000003,3.0,-13.399999999999999,-0.057920191514484895,-0.08056225029519759,-0.3640877990391922,-2.374553159827248,-1.8709541756304282,-5.799999999999997,-199.0,0.0,0.0,1.0,0.0,0.0,0.0,0.0,0.0,1.0,0.0,0.0,0.0,0.0,0.0,e6bc67d7,2020,1,58.2
23.0,2266.0,35.9,53.7,33.5,44.3,82.1,49.4,63.6,56.5,1.24,0.06354810238305385,0.05163283318623125,1.5092674315975287,3.654015887025596,4.646954986760812,1.4298323036187115,4.72639011473963,1.1915269196822595,0.3971756398940865,80.9,50.7,89.9,0.0,,,,,,,,,,,,,,0.0,0.0,1.0,0.0,0.0,0.0,0.0,0.0,0.0,0.0,1.0,0.0,0.0,0.0,e768de1f,2020,1,49.8
21.0,2368.0,43.1,32.1,37.1,37.7,81.6,43.3,59.1,51.2,1.14,0.10261824324324326,0.07221283783783784,1.900337837837838,3.762668918918919,2.6604729729729732,0.7981418918918919,3.9907094594594597,0.9881756756756758,0.7221283783783784,75.8,56.6,69.2,1.0,2.1000000000000014,18.8,1.0,17.0,-3.5999999999999943,-4.200000000000003,0.06362344255000235,0.05661491756054148,0.26255620872172014,0.16480572860555576,1.0330328703920557,35.5,1214.0,0.0,0.0,1.0,0.0,0.0,0.0,0.0,0.0,0.0,0.0,1.0,0.0,0.0,0.0,e778654a,2020,1,49.4
21.0,1651.0,21.9,50.4,33.3,25.6,61.3,34.2,36.1,35.2,0.07,0.25075711689884916,0.06541490006056935,2.289521502119927,1.4173228346456692,3.815869170199879,1.6353725015142337,0.9812235009085403,4.470018170805572,0.6541490006056935,73.9,33.3,48.29999999999999,0.0,,,,,,,,,,,,,,0.0,1.0,0.0,0.0,0.0,0.0,0.0,0.0,0.0,0.0,0.0,0.0,0.0,1.0,e77dc3b2,2020,0,
23.0,2188.0,48.3,33.6,44.2,23.0,48.4,42.0,43.9,43.0,0.11,0.3085009140767825,0.06581352833638027,2.0155393053016453,1.110603290676417,2.180073126142596,0.9460694698354662,0.6581352833638026,5.347349177330896,0.9872029250457038,74.0,42.29999999999999,86.8,1.0,-21.599999999999994,-36.400000000000006,-11.100000000000001,-10.699999999999996,-15.5,6.299999999999997,-0.3834633716375033,-0.054722185949334035,-0.7076749804126408,-1.1234983024288328,0.039174719247845546,27.9,172.0,0.0,1.0,0.0,0.0,0.0,0.0,0.0,0.0,0.0,0.0,0.0,0.0,0.0,1.0,e7986081,2020,1,65.4
22.0,2102.0,63.9,72.6,84.1,31.7,10.4,56.1,61.7,58.9,0.72,0.10704091341579448,0.16270218839200762,3.6822074215033305,4.881065651760228,8.006660323501428,2.52616555661275,1.241674595623216,3.125594671741199,1.7982873453853474,82.9,22.6,68.7,1.0,4.399999999999999,13.399999999999999,1.5999999999999943,13.5,2.3000000000000007,-8.299999999999999,0.02386161581875197,0.0628870312755566,0.10549762483050218,-2.1412139833377584,0.722100771908103,33.300000000000004,1020.0,0.0,0.0,1.0,0.0,0.0,0.0,0.0,0.0,1.0,0.0,0.0,0.0,0.0,0.0,e7d59f4f,2020,1,65.4
22.0,1959.0,76.6,38.0,42.6,23.3,51.3,43.8,50.2,47.0,0.8,0.22511485451761104,0.19295558958652376,1.883614088820827,2.572741194486983,3.445635528330781,1.0566615620214395,1.6998468606431854,3.859111791730475,1.0566615620214395,65.6857142857143,50.085714285714296,45.90423685553854,1.0,6.200000000000003,-4.900000000000006,3.700000000000003,13.700000000000003,8.8,14.599999999999994,-0.06776416539050534,0.08958652373660032,0.05742725880551314,0.3445635528330784,0.6431852986217457,-30.495763144461463,-653.0,0.0,0.0,1.0,1.0,0.0,0.0,0.0,0.0,0.0,0.0,0.0,0.0,0.0,0.0,ea02beaf,2020,1,54.2
23.0,2705.0,70.7,49.4,46.4,46.2,48.7,49.1,48.8,49.0,0.27,0.133086876155268,0.036598890942698706,1.0314232902033271,2.7615526802218113,1.8632162661737521,0.16635859519408502,1.9630314232902033,1.5970425138632163,0.43253234750462105,85.5,65.9,88.4,1.0,10.200000000000003,47.0,31.5,42.1,-4.899999999999999,-13.799999999999997,0.0904777230779403,0.017661489574997496,0.4159577457530378,0.15885014308064327,0.6784385297746782,26.300000000000004,804.0,1.0,0.0,0.0,0.0,0.0,0.0,0.0,0.0,0.0,0.0,0.0,1.0,0.0,0.0,ea6bc03a,2020,1,43.599999999999994
19.0,901.0,88.3,68.6,88.6,46.0,29.9,65.2,76.3,70.8,1.3,0.32963374028856823,0.11986681465038845,4.4950055493895675,3.1964483906770256,7.291897891231964,2.3973362930077693,1.8978912319644838,7.192008879023308,1.798002219755827,84.8,32.0,26.3,0.0,,,,,,,,,,,,,,0.0,0.0,1.0,1.0,0.0,0.0,0.0,0.0,0.0,0.0,0.0,0.0,0.0,0.0,ed1e53f3,2020,1,73.6
20.0,1830.0,32.8,27.4,11.4,56.8,28.1,31.0,34.6,32.8,0.16,0.07377049180327869,0.029508196721311476,1.4262295081967213,1.8688524590163935,3.3442622950819674,0.8360655737704918,2.2131147540983607,0.6885245901639344,0.5901639344262295,88.6,20.5,53.5,1.0,-3.700000000000003,2.9999999999999964,-6.399999999999999,-2.5999999999999996,-5.100000000000001,-13.799999999999997,0.002577347439402619,-0.017953899521272576,0.061694241222429946,-0.4527054043247567,-1.2161837967515698,9.100000000000001,313.0,0.0,0.0,1.0,0.0,0.0,0.0,0.0,0.0,0.0,0.0,1.0,0.0,0.0,0.0,ed5c5fa3,2020,1,41.900000000000006
22.0,1123.0,39.7,68.3,84.1,46.1,51.7,56.2,62.4,59.3,0.71,0.16028495102404275,0.26447016918967053,3.6064113980409616,3.6865538735529833,6.6518254674977735,3.1255565449688336,1.3624220837043632,3.446126447016919,1.6829919857524487,75.7,13.3,44.6,0.0,,,,,,,,,,,,,,0.0,1.0,0.0,0.0,0.0,1.0,0.0,0.0,0.0,0.0,0.0,0.0,0.0,0.0,ed90babd,2020,0,
21.0,2396.0,60.4,46.7,66.0,26.2,44.6,43.3,49.4,46.3,1.38,0.06010016694490818,0.056343906510851416,1.164440734557596,2.6293823038397326,4.3572621035058425,0.5258764607679466,3.5308848080133552,1.4273789649415691,0.7512520868113522,74.3,46.6,70.1,0.0,,,,,,,,,,,,,,1.0,0.0,0.0,0.0,1.0,0.0,0.0,0.0,0.0,0.0,0.0,0.0,0.0,0.0,ed9f7cfe,2020,1,50.9
22.0,2624.0,73.6,73.9,91.2,31.4,22.2,61.1,59.8,60.4,0.16,0.18178353658536586,0.21951219512195125,5.76219512195122,5.899390243902439,5.796493902439025,1.920731707317073,2.332317073170732,2.8467987804878048,2.88109756097561,76.6,17.1,76.7,1.0,-7.199999999999996,-8.200000000000003,4.300000000000011,-0.5,-3.700000000000003,3.5,-0.005782694428410201,-0.04117307510058493,0.4849079442754869,-0.5298925334493543,1.0353845921892635,-6.099999999999994,-207.0,0.0,0.0,1.0,0.0,0.0,0.0,1.0,0.0,0.0,0.0,0.0,0.0,0.0,0.0,ee38d9c5,2020,1,62.7
21.0,2304.0,43.1,56.8,55.4,31.1,32.4,39.8,46.3,43.0,0.87,0.015625,0.0390625,1.25,3.2421875,5.859375,1.4453125,2.96875,0.8984375,0.5859375,79.3,32.4,67.4,0.0,,,,,,,,,,,,,,1.0,0.0,0.0,0.0,1.0,0.0,0.0,0.0,0.0,0.0,0.0,0.0,0.0,0.0,efb9215a,2020,0,
22.0,1751.0,9.7,10.1,4.5,61.4,55.6,26.0,45.4,35.7,0.29,0.0,0.020559680182752713,0.8223872073101085,2.055968018275271,0.5653912050256996,0.10279840091376356,2.31296402055968,0.3083952027412907,0.2569960022844089,81.7,51.6,51.20000000000001,0.0,,,,,,,,,,,,,,0.0,0.0,1.0,0.0,0.0,0.0,0.0,0.0,0.0,0.0,1.0,0.0,0.0,0.0,efecd633,2020,0,
23.0,1111.0,56.6,54.1,38.2,18.5,47.0,47.6,48.3,48.0,0.18,0.4293429342934293,0.1377137713771377,2.025202520252025,1.539153915391539,2.997299729972997,1.215121512151215,0.8910891089108911,5.508550855085509,0.8910891089108911,69.4,25.200000000000003,32.5,0.0,,,,,,,,,,,,,,0.0,1.0,0.0,0.0,0.0,0.0,0.0,0.0,0.0,0.0,0.0,0.0,0.0,1.0,f2bf1b0f,2020,1,45.1
23.0,3182.0,36.9,18.8,18.4,64.3,51.0,43.9,50.0,47.0,0.47,0.019798868636077938,0.02262727844123193,0.3959773727215588,1.5556253928346953,1.8950345694531743,0.1979886863607794,1.4990571967316153,0.5656819610307983,0.11313639220615965,84.1,54.7,93.0,0.0,,,,,,,,,,,,,,1.0,0.0,0.0,0.0,0.0,0.0,0.0,0.0,0.0,0.0,0.0,1.0,0.0,0.0,f2c6ac01,2020,1,41.849999999999994
22.0,1679.0,55.0,62.8,58.1,34.0,41.5,46.2,52.3,49.2,1.08,0.048243001786777845,0.08040500297796307,1.4472900536033353,3.162596783799881,5.145920190589637,1.6081000595592616,3.4306134603930913,1.1792733770101251,0.7504466944609887,79.7,65.4,66.6,1.0,-4.699999999999996,8.5,-0.4000000000000057,-13.100000000000001,15.2,-19.9,0.0312991674598246,-0.01561005820810532,-0.021175588065946105,-0.19138762240063656,-0.22617008159076812,19.999999999999993,-1508.0,1.0,0.0,0.0,0.0,1.0,0.0,0.0,0.0,0.0,0.0,0.0,0.0,0.0,0.0,f449640d,2020,0,
21.0,2215.0,78.3,35.7,33.6,28.9,55.9,53.7,60.2,57.0,0.88,0.6663656884875846,0.10970654627539504,2.0316027088036117,1.2595936794582392,2.072234762979684,0.8532731376975169,0.7720090293453725,6.704288939051919,0.7313769751693002,69.9,37.9,64.8,0.0,,,,,,,,,,,,,,0.0,1.0,0.0,0.0,0.0,0.0,0.0,1.0,0.0,0.0,0.0,0.0,0.0,0.0,f586779e,2020,1,60.6
22.0,1429.0,63.2,34.2,14.2,17.0,44.4,32.6,31.5,32.0,0.45,0.18264520643806856,0.10076976906927922,1.0076976906927921,1.1336599020293912,3.4009797060881732,1.6375087473757872,1.6375087473757872,3.589923023093072,0.37788663400979705,67.9,37.7,41.8,0.0,,,,,,,,,,,,,,0.0,0.0,1.0,0.0,0.0,0.0,0.0,0.0,1.0,0.0,0.0,0.0,0.0,0.0,f631c17f,2020,0,
21.0,2489.0,65.1,51.9,50.6,33.6,38.3,47.9,48.9,48.4,0.48,0.19525914021695462,0.06870229007633588,2.6757734029730815,2.784250703093612,5.026114905584572,2.0610687022900764,2.2057051024507834,3.290478103656087,1.3017276014463641,79.9,27.6,72.8,0.0,,,,,,,,,,,,,,0.0,0.0,1.0,0.0,0.0,0.0,0.0,0.0,1.0,0.0,0.0,0.0,0.0,0.0,f63d8a4b,2020,0,
22.0,1146.0,40.4,49.7,50.6,19.8,53.3,43.0,44.8,43.9,0.63,0.06282722513089006,0.1099476439790576,2.984293193717278,1.7277486910994766,5.575916230366492,3.298429319371728,3.3769633507853407,1.806282722513089,1.256544502617801,79.1,41.9,45.5,0.0,,,,,,,,,,,,,,0.0,0.0,1.0,0.0,0.0,0.0,0.0,0.0,1.0,0.0,0.0,0.0,0.0,0.0,f6496133,2020,1,42.2
22.0,1939.0,38.6,18.0,17.8,48.2,78.6,50.8,62.5,56.6,1.31,0.04177411036616813,0.0,0.23207839092315627,1.7637957710159877,1.0211449200618876,0.2784940691077875,3.898916967509025,0.46415678184631254,0.04641567818463126,81.1,58.7,63.4,1.0,7.399999999999999,0.5,-22.700000000000003,6.600000000000001,-20.299999999999997,24.89999999999999,0.018488211271730868,0.0,0.23207839092315627,-1.5403039803262106,-0.21550565201117933,38.099999999999994,1166.0,1.0,0.0,0.0,0.0,0.0,0.0,0.0,0.0,0.0,0.0,0.0,1.0,0.0,0.0,f6bdc830,2020,0,
21.0,2452.0,66.7,64.7,69.5,14.1,45.4,59.5,59.5,59.5,1.56,0.45146818923327897,0.09176182707993474,3.450244698205547,1.6517128874388256,3.413539967373573,1.7251223491027734,1.1378466557911908,8.772430668841762,1.064437194127243,62.5,29.5,71.7,1.0,1.7999999999999972,-5.700000000000003,8.700000000000003,17.299999999999997,-2.700000000000001,4.399999999999999,-0.010585382195292481,-0.10913103006292241,1.1064946982055468,0.6680042530878585,-0.022394255418317188,32.400000000000006,1108.0,0.0,1.0,0.0,0.0,0.0,0.0,0.0,1.0,0.0,0.0,0.0,0.0,0.0,0.0,f7036e1c,2020,1,67.0
23.0,2638.0,57.7,17.4,31.8,43.8,57.0,43.3,49.3,46.3,1.26,0.06141015921152389,0.006823351023502654,0.5799848369977255,2.1493555724033357,1.262319939347991,0.20470053070507963,2.4564063684609554,0.5799848369977255,0.20470053070507963,76.50000000000001,54.5,86.2,1.0,-8.300000000000004,-2.799999999999997,-51.50000000000001,-9.099999999999998,3.5,-1.7999999999999972,0.005210337623655914,-0.00923374085874534,-0.14258429770343417,-2.8322384906252474,-2.4269156140373425,49.6,1517.0,1.0,0.0,0.0,0.0,0.0,0.0,0.0,0.0,0.0,0.0,0.0,1.0,0.0,0.0,f820504e,2020,0,
21.0,2183.0,64.0,43.8,75.3,33.9,52.5,49.0,54.0,51.5,0.44,0.03710490151168117,0.0700870361887311,1.4841960604672468,3.380668804397618,3.092075125973431,0.5359596885020613,4.122766834631241,0.5771873568483737,0.9070087036188731,76.5,59.50000000000001,71.3,0.0,,,,,,,,,,,,,,1.0,0.0,0.0,0.0,1.0,0.0,0.0,0.0,0.0,0.0,0.0,0.0,0.0,0.0,f86ad3f5,2020,1,54.8
21.0,1462.0,53.2,42.2,43.1,54.9,66.4,55.7,60.2,58.0,0.11,0.036935704514363885,0.043091655266757865,0.677154582763338,2.339261285909713,2.339261285909713,0.6155950752393982,3.26265389876881,0.7387140902872777,0.3077975376196991,86.0,68.9,47.8,1.0,11.399999999999999,-23.39999999999999,24.800000000000004,-12.600000000000001,19.6,8.900000000000006,-0.048556523464910725,-0.019084510536350942,-0.10004748977552214,1.4066187988630807,0.8625773480858787,10.0,304.0,1.0,0.0,0.0,0.0,0.0,0.0,0.0,0.0,0.0,0.0,0.0,1.0,0.0,0.0,f86cabbd,2020,0,
22.0,2344.0,37.8,49.2,36.0,21.5,57.6,40.1,38.0,39.0,0.28,0.2841296928327645,0.09982935153583618,2.150170648464164,1.689419795221843,2.8796928327645053,0.9982935153583617,0.9982935153583617,3.993174061433447,0.9598976109215017,68.1,42.39999999999999,68.5,1.0,7.100000000000001,10.599999999999998,3.5,16.9,-17.200000000000003,19.0,0.04949282132438465,0.03698018952466299,0.5160924361736612,-0.17896638511258978,0.055341582931340394,5.700000000000003,196.0,0.0,1.0,0.0,0.0,0.0,0.0,0.0,0.0,0.0,0.0,0.0,0.0,1.0,0.0,f8eca1b6,2020,1,35.650000000000006
21.0,2280.0,68.3,35.1,41.4,9.1,31.5,35.6,35.4,35.5,0.2,0.1855263157894737,0.09473684210526316,2.210526315789474,2.0921052631578947,3.3157894736842106,1.9342105263157896,1.5394736842105263,2.486842105263158,0.7105263157894737,60.6,39.0,74.5,1.0,-20.1,-16.299999999999997,-16.4,-30.699999999999996,-1.700000000000001,3.5,-0.03537129991880117,-0.08829261091016459,-1.0713811175906103,-0.9128220270170511,-0.8742341477817965,27.9,854.0,0.0,0.0,1.0,0.0,0.0,0.0,0.0,0.0,1.0,0.0,0.0,0.0,0.0,0.0,f972644c,2020,1,42.8
21.0,1441.0,52.6,62.9,62.6,29.2,44.7,46.7,53.1,49.9,1.38,0.03122831367106176,0.06245662734212352,1.3740458015267174,2.997918112421929,5.870922970159611,1.6238723108952116,4.934073560027758,1.311589174184594,0.5621096460791116,78.1,28.6,57.2,0.0,,,,,,,,,,,,,,1.0,0.0,0.0,0.0,1.0,0.0,0.0,0.0,0.0,0.0,0.0,0.0,0.0,0.0,f99fe221,2020,0,
22.0,1360.0,58.5,52.6,81.8,22.0,18.6,34.6,49.1,41.8,1.01,0.03308823529411765,0.13897058823529412,1.8529411764705883,3.639705882352941,5.49264705882353,0.1323529411764706,2.7794117647058822,0.9926470588235294,0.9926470588235294,68.5,38.9,39.8,0.0,,,,,,,,,,,,,,1.0,0.0,0.0,0.0,1.0,0.0,0.0,0.0,0.0,0.0,0.0,0.0,0.0,0.0,f9acf8bf,2020,0,
22.0,3070.0,51.4,62.7,48.7,16.2,76.9,52.2,55.5,53.8,0.48,0.26677524429967425,0.19641693811074917,2.345276872964169,1.9348534201954395,4.807817589576547,1.9348534201954395,2.2573289902280127,5.3061889250814325,0.9087947882736156,66.0,35.1,89.8,1.0,6.199999999999996,-22.6,13.700000000000003,3.9000000000000057,8.799999999999999,26.200000000000003,-0.04729605025942524,0.12887472422707186,-0.12001393379005254,-0.798186162768669,-0.429124065733266,11.899999999999991,405.0,0.0,1.0,0.0,0.0,0.0,1.0,0.0,0.0,0.0,0.0,0.0,0.0,0.0,0.0,fa031b34,2020,1,46.1
23.0,1676.0,84.0,38.3,56.5,12.3,39.9,43.8,55.0,49.4,0.43,0.3221957040572792,0.2040572792362768,2.4701670644391407,1.39618138424821,3.7589498806682573,1.7183770883054892,2.201670644391408,4.6181384248210025,1.0202863961813842,68.8,29.8,66.5,0.0,,,,,,,,,,,,,,0.0,0.0,1.0,1.0,0.0,0.0,0.0,0.0,0.0,0.0,0.0,0.0,0.0,0.0,fb14aa28,2020,1,46.45
22.0,1750.0,48.1,29.6,44.0,58.9,50.6,44.3,44.6,44.4,0.43,0.12342857142857143,0.10285714285714287,2.7771428571428576,2.4171428571428573,2.1085714285714285,0.6685714285714286,2.365714285714286,1.542857142857143,1.645714285714286,83.4,52.900000000000006,51.2,1.0,0.0,3.1000000000000014,-4.5,-7.799999999999997,7.799999999999997,7.100000000000001,0.05682357605391833,-0.04700409673582662,0.44596801902999905,-2.1374970265627065,0.002711774811682499,20.15809435707679,669.0,0.0,0.0,1.0,0.0,0.0,0.0,1.0,0.0,0.0,0.0,0.0,0.0,0.0,0.0,fb2c533b,2020,0,
21.0,1012.0,53.1,79.8,83.9,34.3,57.1,58.4,66.8,62.6,0.58,0.026679841897233204,0.08893280632411067,2.1343873517786562,4.624505928853755,6.136363636363637,1.1561264822134387,3.91304347826087,1.689723320158103,1.1561264822134387,81.1,35.7,29.6,0.0,,,,,,,,,,,,,,1.0,0.0,0.0,0.0,1.0,0.0,0.0,0.0,0.0,0.0,0.0,0.0,0.0,0.0,fb614c44,2020,1,52.85
23.0,1438.0,64.8,31.7,14.3,51.7,67.1,50.8,58.6,54.7,0.7,0.09388038942976357,0.012517385257301809,0.37552155771905427,1.689847009735744,2.5034770514603615,0.8762169680111266,2.753824756606398,0.5006954102920723,0.06258692628650904,85.8188679245283,72.49811320754716,30.05924895688456,1.0,3.1000000000000014,16.599999999999994,-24.3,-30.099999999999998,1.0,15.099999999999994,0.07041233206340111,0.0007833565741205833,-0.5240873079915064,-1.8381135613166917,-0.7351855847883759,-37.24075104311544,-863.0,1.0,0.0,0.0,0.0,0.0,0.0,0.0,0.0,0.0,0.0,0.0,1.0,0.0,0.0,fb77bfef,2020,1,59.0
20.0,930.0,87.9,47.6,86.7,10.6,15.7,49.3,66.1,57.7,0.07,0.21290322580645163,0.3870967741935484,4.451612903225806,2.032258064516129,4.064516129032258,1.9354838709677418,2.032258064516129,2.6129032258064515,2.225806451612903,68.24711538461538,12.586538461538462,25.95483870967741,0.0,,,,,,,,,,,,,,0.0,0.0,1.0,1.0,0.0,0.0,0.0,0.0,0.0,0.0,0.0,0.0,0.0,0.0,fbf76716,2020,0,
19.0,3338.0,48.8,47.2,68.3,23.3,49.5,47.2,48.2,47.7,0.18,0.06201318154583583,0.20760934691431995,2.7771120431396046,1.9412822049131218,5.904733373277412,2.156980227681246,2.130017974835231,1.3750748951467946,1.4829239065308568,68.4,50.0,97.6,1.0,-0.29999999999999716,-15.100000000000001,6.800000000000004,3.0,-2.6999999999999993,-7.899999999999999,-0.05112321066032382,0.015277480163848556,0.6840887873256509,-0.6571773746798479,0.1310999296145674,51.099999999999994,1747.0,0.0,0.0,1.0,0.0,0.0,0.0,0.0,0.0,1.0,0.0,0.0,0.0,0.0,0.0,fc15fb84,2020,1,45.9
23.0,1201.0,64.6,77.3,44.0,66.8,35.6,54.1,61.9,58.0,1.11,0.08992506244796003,0.037468776019983344,0.7493755203996669,5.395503746877602,7.4937552039966695,1.2739383846794337,1.8734388009991674,0.5995004163197335,0.22481265611990006,92.9,60.7,49.4,1.0,3.299999999999997,10.699999999999996,3.0999999999999943,-2.0,23.299999999999997,-14.5,0.029395428147833927,0.014770163157436057,0.1819101988359847,1.9325950526725837,1.0071052601184594,-28.300000000000004,-1178.0,1.0,0.0,0.0,0.0,0.0,0.0,0.0,0.0,0.0,1.0,0.0,0.0,0.0,0.0,fc62f087,2020,0,
19.0,1503.0,51.9,72.8,64.2,43.0,60.5,58.5,61.6,60.0,0.08,0.029940119760479042,0.041916167664670656,1.377245508982036,4.431137724550898,5.269461077844311,1.25748502994012,4.910179640718563,1.0179640718562875,0.6586826347305389,80.1,61.99999999999999,61.9,0.0,,,,,,,,,,,,,,1.0,0.0,0.0,0.0,1.0,0.0,0.0,0.0,0.0,0.0,0.0,0.0,0.0,0.0,fcb27134,2020,1,58.6
22.0,989.0,60.6,52.0,66.5,32.9,49.8,48.2,53.2,50.7,1.27,0.01820020222446916,0.0910010111223458,1.0010111223458038,3.640040444893832,3.4580384226491407,1.0920121334681496,2.8210313447927198,1.5470171890798787,0.5460060667340748,76.1,50.0,28.9,0.0,,,,,,,,,,,,,,1.0,0.0,0.0,0.0,1.0,0.0,0.0,0.0,0.0,0.0,0.0,0.0,0.0,0.0,fce2302c,2020,1,54.4
22.0,2513.0,69.2,58.9,69.5,39.8,19.3,52.8,55.2,54.0,1.8,0.1575805809789097,0.12176681257461203,3.3664942300039793,1.754874651810585,9.669717469160366,5.04974134500597,1.0027855153203342,6.303223239156387,1.2176681257461202,85.2,29.4,73.5,1.0,11.799999999999997,46.800000000000004,5.5,17.6,-21.1,-20.2,-0.05447763107930234,0.07187076267856213,0.8093216728314223,1.811089610532508,0.3827332796692131,31.299999999999997,1070.0,0.0,0.0,1.0,0.0,0.0,0.0,0.0,0.0,1.0,0.0,0.0,0.0,0.0,0.0,fe012aca,2020,1,57.8
22.0,1838.0,41.3,23.7,34.5,65.3,63.6,52.0,58.8,55.4,1.25,0.019586507072905334,0.019586507072905334,0.44069640914037,1.5669205658324266,1.90968443960827,0.19586507072905332,2.889009793253537,0.6365614798694234,0.24483133841131666,85.1,50.0,53.7,0.0,,,,,,,,,,,,,,1.0,0.0,0.0,0.0,0.0,0.0,0.0,0.0,0.0,0.0,0.0,1.0,0.0,0.0,fe6a7685,2020,0,
22.0,2066.0,38.2,30.7,38.6,40.9,33.0,35.8,36.5,36.2,0.3,0.07405614714424008,0.06098741529525653,1.4375605033881897,3.1364956437560503,3.180058083252662,0.6969990319457889,1.4375605033881897,1.9167473378509197,0.5227492739593417,78.1,50.0,60.4,1.0,-16.699999999999996,-27.0,-19.900000000000002,-22.199999999999996,8.299999999999997,-9.5,-0.07594385285575991,-0.08901258470474346,-0.7575614478313226,-1.795551672844899,-0.6683824050244378,-11.500000000000007,-394.0,0.0,0.0,1.0,1.0,0.0,0.0,0.0,0.0,0.0,0.0,0.0,0.0,0.0,0.0,fed17f5a,2020,1,46.6
20.0,2454.0,90.5,74.9,86.9,34.6,29.1,64.7,68.2,66.4,0.19,0.30806845965770174,0.2860635696821516,4.290953545232274,3.8875305623471883,7.114914425427873,2.1638141809290956,1.0268948655256724,5.4645476772616135,1.9437652811735942,85.2,41.0,80.2,1.0,-2.0999999999999943,9.099999999999994,1.2000000000000028,8.800000000000011,-6.600000000000001,-12.799999999999997,0.006409855649408769,0.1927670942156692,0.7456874775059434,0.7396552685515783,-0.5285026097329775,-14.399999999999991,-440.0,0.0,0.0,1.0,0.0,0.0,0.0,0.0,0.0,1.0,0.0,0.0,0.0,0.0,0.0,fed7cb61,2020,1,66.4
21.0,912.0,61.4,36.4,14.3,46.3,78.5,54.7,64.4,59.6,2.01,0.08881578947368422,0.00986842105263158,0.2960526315789474,2.2697368421052633,2.1710526315789473,0.19736842105263158,3.4539473684210527,1.0855263157894737,0.09868421052631579,85.7,63.20000000000001,26.7,1.0,6.0,27.4,7.399999999999999,-3.3000000000000007,1.5,7.299999999999997,0.07822755417956657,-0.04307275541795665,0.08428792569659446,0.47693498452012384,-0.05967492260061924,1.8000000000000007,62.0,1.0,0.0,0.0,0.0,0.0,0.0,0.0,0.0,0.0,0.0,0.0,1.0,0.0,0.0,fed96827,2020,1,40.0
21.0,2648.0,70.0,70.4,83.7,27.7,12.7,38.0,55.8,46.9,0.95,0.05098187311178248,0.10876132930513596,2.311178247734139,3.6027190332326287,6.389728096676738,1.6993957703927494,1.8693353474320242,2.2771903323262843,1.1216012084592146,74.7,33.3,77.4,1.0,-2.3999999999999986,5.700000000000003,-3.799999999999997,-1.7000000000000028,-3.8000000000000007,-3.0,0.002578511767244669,-0.08182690598898168,0.10277488638960142,-0.4472466932392285,0.06322323491330106,-9.599999999999994,-327.0,1.0,0.0,0.0,0.0,1.0,0.0,0.0,0.0,0.0,0.0,0.0,0.0,0.0,0.0,ff800ed8,2020,1,51.0
23.0,2608.0,90.0,65.0,94.8,23.4,20.7,41.1,59.8,50.4,1.38,0.1898006134969325,0.21395705521472394,3.105828220858896,3.5544478527607364,5.832055214723926,1.4838957055214723,2.2430981595092025,2.58819018404908,1.8634969325153374,75.0,42.9,85.2,0.0,,,,,,,,,,,,,,1.0,0.0,0.0,0.0,1.0,0.0,0.0,0.0,0.0,0.0,0.0,0.0,0.0,0.0,ff98492b,2020,0,
23.0,2408.0,29.2,56.8,39.3,61.7,82.7,54.0,68.7,61.4,0.35,0.048588039867109634,0.08596345514950166,2.2051495016611296,4.78405315614618,4.78405315614618,0.8970099667774086,3.8870431893687707,0.8596345514950166,0.7475083056478405,88.8,56.7,78.7,1.0,-2.200000000000003,-11.500000000000004,-1.6000000000000014,-12.800000000000004,2.8000000000000043,0.9000000000000057,-0.0002841405840181832,-0.023059101241475782,-0.012895611120825379,-1.3437663927260006,-0.17835285889141428,0.5,14.0,0.0,0.0,1.0,0.0,0.0,0.0,0.0,0.0,0.0,0.0,1.0,0.0,0.0,0.0,ffbbc83b,2020,1,57.4
20.0,2303.0,57.7,17.7,18.3,35.2,83.8,37.3,57.2,47.2,1.02,0.17585757707338254,0.10551454624402953,1.2114633087277464,2.188449848024316,1.485019539730786,0.2735562310030395,4.611376465479809,2.0712114633087277,0.7034303082935301,66.5,50.50000000000001,75.3,1.0,-0.5999999999999943,29.800000000000004,-7.300000000000001,-5.300000000000001,-8.899999999999999,2.299999999999997,0.1374780461565382,0.07672989805639627,-0.13182027336180568,-0.6258546606956534,-1.649503243660119,44.599999999999994,1365.0,0.0,0.0,1.0,0.0,0.0,0.0,0.0,0.0,0.0,0.0,1.0,0.0,0.0,0.0,00242b75,2021,1,45.8
23.0,2019.0,51.5,34.2,45.4,24.8,43.0,38.5,37.6,38.0,0.89,0.07578008915304606,0.08469539375928677,1.5156017830609212,1.6493313521545319,3.6552748885586923,2.1842496285289745,2.362555720653789,1.8722139673105498,0.6686478454680534,75.1,43.2,59.0,0.0,,,,,,,,,,,,,,0.0,0.0,1.0,0.0,0.0,0.0,0.0,0.0,1.0,0.0,0.0,0.0,0.0,0.0,004d185e,2021,0,
22.0,1463.0,66.8,66.2,45.1,40.3,82.9,64.3,69.3,66.8,1.0,0.09842788790157211,0.01845522898154477,0.5536568694463431,4.613807245386193,2.8913192071086806,0.7382091592617908,5.105946684894053,1.2918660287081338,0.24606971975393027,79.7,75.4,47.8,0.0,,,,,,,,,,,,,,1.0,0.0,0.0,0.0,0.0,0.0,0.0,0.0,0.0,0.0,0.0,1.0,0.0,0.0,00963611,2021,1,61.1
22.0,1069.0,45.7,38.9,57.3,9.8,43.0,35.4,40.6,38.0,0.82,0.01683816651075772,0.07577174929840973,1.5154349859681946,2.3573433115060802,3.5360149672591206,1.010289990645463,2.9466791393826006,0.7577174929840973,0.8419083255378859,73.5,35.7,34.9,0.0,,,,,,,,,,,,,,1.0,0.0,0.0,0.0,1.0,0.0,0.0,0.0,0.0,0.0,0.0,0.0,0.0,0.0,009a4f60,2021,1,49.2
23.0,2797.0,37.0,64.8,61.3,36.9,45.2,48.2,53.0,50.6,0.33,0.009653199856989631,0.08044333214158025,1.1905613156953878,5.116195924204504,3.6360386127994277,0.900965319985699,4.955309259921344,0.4826599928494816,0.5148373257061136,78.0,42.2,81.8,1.0,-11.799999999999997,-39.2,-7.700000000000003,-34.900000000000006,10.099999999999998,-9.199999999999996,-0.04244520824720718,-0.1670241063533546,-1.544605109774945,-1.443556177359762,-0.7448749875176377,53.4,2106.0,1.0,0.0,0.0,0.0,1.0,0.0,0.0,0.0,0.0,0.0,0.0,0.0,0.0,0.0,0118c54c,2021,1,60.0
21.0,2083.0,58.9,18.3,13.7,66.9,59.5,48.5,56.3,52.4,1.7,0.06481036965914545,0.0,0.08641382621219394,1.4258281325012,0.3024483917426788,0.17282765242438788,2.6356216994719155,0.9937590014402303,0.04320691310609697,83.8,56.5,68.1,1.0,2.5,-15.699999999999996,-18.3,-16.3,8.100000000000009,9.600000000000001,-0.03449490210219497,-0.022067838169186758,-0.42850239773549703,-1.4997583920742399,-0.8912948752634093,-11.900000000000006,-364.0,1.0,0.0,0.0,0.0,0.0,0.0,0.0,0.0,0.0,0.0,0.0,1.0,0.0,0.0,01834aa0,2021,1,54.0
21.0,1702.0,79.5,42.9,57.8,47.6,64.4,55.5,59.9,57.7,0.22,0.2591069330199765,0.1745005875440658,2.802585193889542,2.6968272620446534,3.4371327849588718,0.6874265569917744,3.5957696827262042,4.283196239717979,1.2690951821386605,85.1,54.0,49.8,1.0,-0.19999999999999574,27.4,-4.200000000000003,29.599999999999998,1.3000000000000043,-22.299999999999997,0.1419420342735927,0.048656807409060976,0.6328648467342863,0.008974636453567886,-0.7747252934037556,-18.0,-372.0,0.0,0.0,1.0,1.0,0.0,0.0,0.0,0.0,0.0,0.0,0.0,0.0,0.0,0.0,01c3aff5,2021,1,52.4
22.0,3196.0,60.1,13.2,10.8,68.5,55.5,46.0,53.8,49.9,1.93,0.06758448060075094,0.002816020025031289,0.14080100125156444,1.013767209011264,0.6195244055068836,0.16896120150187735,1.7177722152690862,0.8729662077596996,0.02816020025031289,86.5,59.2,93.5,1.0,10.5,-9.300000000000004,-10.5,-33.8,32.5,12.600000000000001,0.001375554656660699,-0.04132326393769554,-0.521288258189338,-0.792932681300375,-0.9283612853487164,33.9,1157.0,1.0,0.0,0.0,0.0,0.0,0.0,0.0,0.0,0.0,0.0,0.0,1.0,0.0,0.0,0313a347,2021,1,50.05
22.0,1270.0,63.5,82.2,68.7,35.9,30.9,59.7,65.5,62.6,0.07,0.1700787401574803,0.14173228346456693,2.905511811023622,6.803149606299213,8.362204724409448,2.6929133858267718,2.5511811023622046,1.7007874015748032,1.2755905511811023,83.20000000000002,25.0,37.1,1.0,0.20000000000000284,5.399999999999999,2.799999999999997,-6.299999999999997,7.5,-11.899999999999999,0.08545818945230906,-0.027508817945775588,-0.9628562212127783,0.2628091569144857,1.0610408084483058,-21.46386836803223,-219.0,0.0,0.0,1.0,0.0,0.0,0.0,0.0,0.0,1.0,0.0,0.0,0.0,0.0,0.0,032f894e,2021,0,
23.0,2311.0,70.7,16.9,18.3,32.7,60.4,44.6,52.6,48.6,0.75,0.6075292081350064,0.10125486802250108,1.4409346603202078,0.3894418000865426,1.635655560363479,0.584162700129814,1.2851579402855906,5.607961921246214,0.4283859800951969,68.9,55.8,67.6,1.0,10.399999999999999,23.800000000000004,-8.3,1.6999999999999993,11.200000000000003,4.100000000000001,0.25264612697957317,0.07236903583543093,0.2029704237314871,-0.5101491163903034,-0.3946022164196472,33.37748739110499,130.0,0.0,1.0,0.0,0.0,0.0,0.0,0.0,1.0,0.0,0.0,0.0,0.0,0.0,0.0,04e17fd5,2021,1,36.7
23.0,1560.0,65.1,41.9,77.7,26.4,45.7,44.3,51.6,48.0,0.6,0.06346153846153847,0.06346153846153847,1.7307692307692308,2.3653846153846154,3.2884615384615388,0.5192307692307693,3.1730769230769234,0.9807692307692308,0.8076923076923077,73.8,40.7,51.0,1.0,10.399999999999999,-8.600000000000009,22.799999999999997,38.0,6.0,-8.199999999999996,-0.030010271627482293,-0.0033040401734763664,1.0631134444190824,2.2202122803013014,0.49594841360420006,29.0,886.0,1.0,0.0,0.0,0.0,1.0,0.0,0.0,0.0,0.0,0.0,0.0,0.0,0.0,0.0,054849d2,2021,1,53.7
21.0,1901.0,70.9,64.9,62.0,51.4,36.2,50.1,55.1,52.6,0.55,0.04734350341925302,0.04260915307732772,0.9468700683850604,2.7459231983166754,5.113098369279326,0.33140452393477116,4.0241977906365065,0.9468700683850604,0.3787480273540242,91.9,36.6,55.6,0.0,,,,,,,,,,,,,,1.0,0.0,0.0,0.0,0.0,0.0,0.0,0.0,0.0,1.0,0.0,0.0,0.0,0.0,056269d7,2021,1,54.6
19.0,1506.0,90.3,54.3,77.8,20.9,18.8,35.9,51.7,43.8,4.09,0.16733067729083664,0.1553784860557769,2.2709163346613543,2.0318725099601593,5.0199203187251,3.4063745019920315,2.689243027888446,4.123505976095617,0.8366533864541832,74.0,26.5,49.2,0.0,,,,,,,,,,,,,,1.0,0.0,0.0,0.0,1.0,0.0,0.0,0.0,0.0,0.0,0.0,0.0,0.0,0.0,05ba9d7c,2021,0,
23.0,3226.0,48.2,61.8,46.2,56.9,78.0,58.1,67.2,62.6,0.41,0.1060136391816491,0.08090514569125853,2.120272783632982,3.431494110353379,4.63112213267204,1.339119652820831,3.2083075015499074,2.7061376317420955,0.8369497830130193,88.9,51.5,94.3,1.0,13.700000000000003,5.700000000000003,6.0,5.200000000000003,-1.8000000000000043,28.5,0.013038432570078848,0.00032663329456431023,-0.11113217504470407,-0.07962166898085243,-0.7213984516300918,9.399999999999991,322.0,0.0,0.0,1.0,0.0,0.0,0.0,0.0,0.0,0.0,0.0,1.0,0.0,0.0,0.0,05e19d6a,2021,0,
20.0,1373.0,37.1,63.2,36.9,30.2,74.8,45.4,49.6,47.5,0.45,0.2425345957756737,0.12454479242534594,1.9009468317552802,2.1631463947560086,3.867443554260743,1.5076474872541878,2.294246176256373,4.981791697013838,0.7210487982520029,70.8,26.6,44.9,0.0,,,,,,,,,,,,,,0.0,1.0,0.0,0.0,0.0,1.0,0.0,0.0,0.0,0.0,0.0,0.0,0.0,0.0,05f99a4a,2021,1,40.8
21.0,2073.0,69.8,39.8,61.8,19.6,29.3,53.2,51.5,52.4,0.88,0.41244573082489144,0.1389290882778582,2.6483357452966714,1.3024602026049203,2.691751085383502,1.085383502170767,0.8683068017366136,4.5151953690303905,1.215629522431259,71.1,32.7,60.6,0.0,,,,,,,,,,,,,,0.0,1.0,0.0,0.0,0.0,0.0,0.0,0.0,0.0,0.0,0.0,0.0,1.0,0.0,065dc209,2021,1,39.0
19.0,2870.0,63.9,68.0,37.3,67.6,56.2,59.9,60.1,60.0,0.05,0.07212543554006969,0.03763066202090592,0.7839721254355401,5.017421602787456,4.390243902439025,0.1254355400696864,2.1637630662020904,0.8780487804878049,0.1254355400696864,88.5,72.2,83.9,1.0,-0.20000000000000284,13.100000000000001,2.0,13.999999999999996,6.299999999999997,-6.799999999999997,0.027476250564874787,0.0312522070244495,0.46504937561271936,0.563170904565176,0.8076413051262223,27.900000000000006,1459.0,1.0,0.0,0.0,0.0,0.0,0.0,0.0,0.0,0.0,0.0,0.0,1.0,0.0,0.0,06df8256,2021,1,58.3
23.0,2332.0,64.0,48.9,56.1,25.2,40.9,46.6,47.5,47.0,0.32,0.1157804459691252,0.09648370497427101,2.006861063464837,3.0488850771869638,5.634648370497427,1.1192109777015438,2.8945111492281304,2.508576329331046,0.7332761578044596,77.3,27.6,68.2,1.0,-9.600000000000001,14.799999999999997,-23.800000000000004,-2.3999999999999986,-5.300000000000001,-7.600000000000001,-0.0020646718759926436,0.015675624166190213,-1.2928022361984626,-2.5808398449907894,-0.2844482561463697,-10.0,-341.0,0.0,0.0,1.0,0.0,0.0,0.0,0.0,0.0,1.0,0.0,0.0,0.0,0.0,0.0,0728bebe,2021,0,
22.0,1330.0,68.7,70.6,66.0,64.6,42.3,63.9,65.8,64.8,0.06,0.15563909774436088,0.20977443609022556,3.31578947368421,3.8571428571428568,6.969924812030075,1.6917293233082706,3.31578947368421,2.0977443609022557,1.4887218045112782,87.6,50.0,38.9,1.0,10.599999999999994,7.600000000000001,17.799999999999997,17.200000000000003,8.199999999999996,-14.900000000000006,0.061250004928419616,0.05403243294392249,1.2864239781414728,1.6841356143373645,0.31755187654505956,-16.9,-577.0,0.0,0.0,1.0,0.0,0.0,0.0,0.0,0.0,1.0,0.0,0.0,0.0,0.0,0.0,0959c2a2,2021,1,67.9
20.0,1033.0,45.6,52.6,67.1,47.1,63.4,56.6,57.8,57.2,1.13,0.008712487899322363,0.0696999031945789,1.2197483059051306,3.920619554695063,2.1781219748305904,0.26137463697967084,3.3107454017424978,0.5227492739593417,0.6098741529525653,88.06086956521739,51.047826086956526,28.39622458857696,0.0,,,,,,,,,,,,,,1.0,0.0,0.0,0.0,0.0,0.0,0.0,0.0,0.0,0.0,0.0,1.0,0.0,0.0,0a3d6d2b,2021,1,53.8
23.0,2438.0,33.7,47.5,19.5,62.1,59.5,44.5,55.1,49.8,0.01,0.0479901558654635,0.081214109926169,1.5135356849876949,2.6579163248564397,4.503691550451189,2.2149302707136997,3.2485643970467595,0.8121410992616899,0.5537325676784249,87.0,58.10000000000001,71.3,0.0,,,,,,,,,,,,,,0.0,0.0,1.0,0.0,0.0,0.0,0.0,0.0,0.0,0.0,1.0,0.0,0.0,0.0,0ad37003,2021,0,
23.0,2862.0,29.8,28.6,10.1,54.4,39.8,31.9,32.2,32.0,0.03,0.05660377358490566,0.018867924528301886,0.8176100628930817,2.2955974842767297,3.0188679245283017,1.4150943396226414,2.610062893081761,0.9119496855345912,0.22012578616352202,84.1,38.5,83.7,0.0,,,,,,,,,,,,,,0.0,0.0,1.0,0.0,0.0,0.0,1.0,0.0,0.0,0.0,0.0,0.0,0.0,0.0,0b2c8585,2021,0,
23.0,1440.0,65.6,61.9,68.4,21.5,67.0,61.2,62.9,62.0,0.16,0.48125,0.08125,2.9375,1.4375,3.8125,2.5625,1.75,5.9375,0.875,73.0,36.7,47.1,1.0,-4.200000000000003,-15.100000000000009,-4.500000000000007,-2.5,-2.8000000000000007,11.5,-0.07616935483870962,-0.16842741935483868,-0.31411290322580676,-0.42620967741935534,-0.24637096774193545,-3.6000000000000014,-110.0,0.0,1.0,0.0,0.0,0.0,1.0,0.0,0.0,0.0,0.0,0.0,0.0,0.0,0.0,0b4f388a,2021,1,56.2
23.0,950.0,58.2,58.3,30.3,34.8,53.3,49.8,49.6,49.7,0.66,0.3978947368421053,0.07578947368421053,1.7052631578947368,2.557894736842105,3.8842105263157896,0.8526315789473684,2.463157894736842,4.5473684210526315,0.4736842105263158,74.9,25.0,27.8,0.0,,,,,,,,,,,,,,0.0,1.0,0.0,0.0,0.0,1.0,0.0,0.0,0.0,0.0,0.0,0.0,0.0,0.0,0bc4e720,2021,0,
22.0,1855.0,47.9,56.1,52.2,42.7,61.3,51.2,52.9,52.0,0.66,0.2571428571428571,0.13584905660377358,2.0862533692722374,1.6495956873315365,3.638814016172507,1.940700808625337,1.7466307277628033,3.929919137466307,1.0188679245283019,75.0,45.0,60.6,1.0,2.3999999999999986,-39.300000000000004,9.899999999999999,-17.299999999999997,21.800000000000004,30.799999999999997,-0.07520573960751215,-0.07242273069312452,-0.8384142821310121,-1.1913189232661932,-0.4774353318708269,-5.800000000000004,-176.0,0.0,1.0,0.0,0.0,0.0,1.0,0.0,0.0,0.0,0.0,0.0,0.0,0.0,0.0,0c61c77c,2021,1,51.5
23.0,2029.0,42.5,67.3,33.0,49.0,46.3,49.7,48.7,49.2,0.01,0.02661409561360276,0.02661409561360276,0.4435682602267127,3.992114342040414,4.1695416461310995,0.7540660423854115,2.6170527353376047,0.6209955643173978,0.17742730409068508,84.6,51.1,59.3,1.0,-2.0,12.899999999999999,11.299999999999997,3.0,-4.200000000000003,-9.600000000000001,0.011333959790173216,0.01897402770188799,-0.24403785182761673,0.7315110858594527,0.09567970706588103,12.599999999999994,851.0,1.0,0.0,0.0,0.0,0.0,0.0,0.0,0.0,0.0,0.0,0.0,1.0,0.0,0.0,0cbc8baa,2021,1,45.65
17.0,2415.0,60.0,68.8,72.0,52.2,41.2,60.6,64.0,62.3,0.17,0.16397515527950313,0.13043478260869565,2.9440993788819876,4.695652173913044,6.2981366459627335,0.9316770186335405,3.0931677018633543,3.4658385093167703,1.4906832298136647,87.6,41.2,70.6,0.0,,,,,,,,,,,,,,0.0,0.0,1.0,1.0,0.0,0.0,0.0,0.0,0.0,0.0,0.0,0.0,0.0,0.0,0d9b2d31,2021,1,69.8
20.0,1330.0,25.5,41.5,38.7,54.9,63.2,44.5,46.6,45.6,0.35,0.02706766917293233,0.08796992481203007,2.0300751879699246,3.7218045112781954,3.5864661654135337,0.40601503759398494,3.180451127819549,0.7443609022556391,1.0827067669172932,82.3,37.5,38.9,1.0,-4.100000000000001,-13.899999999999999,-7.200000000000003,-33.0,20.199999999999996,15.400000000000006,-0.008765111185395476,-0.1001521720691909,-1.4636208969670363,0.033048779879359724,-1.0857601867974518,-49.199999999999996,-1684.0,0.0,0.0,1.0,0.0,0.0,0.0,1.0,0.0,0.0,0.0,0.0,0.0,0.0,0.0,0db169ae,2021,0,
22.0,1666.0,17.7,45.3,35.4,35.5,13.6,28.1,32.3,30.2,0.86,0.14585834333733494,0.0432172869147659,1.566626650660264,1.134453781512605,3.403361344537815,1.8367346938775508,0.4861944777911164,4.32172869147659,0.6482593037214885,75.7,21.7,48.70000000000001,0.0,,,,,,,,,,,,,,0.0,1.0,0.0,0.0,0.0,1.0,0.0,0.0,0.0,0.0,0.0,0.0,0.0,0.0,0e5ddc7c,2021,0,
22.0,2581.0,22.8,44.0,12.9,47.1,77.0,40.2,58.7,49.4,0.42,0.06974041069352964,0.010461061604029445,1.0112359550561798,3.696241766757071,4.1146842309182485,0.8717551336691205,4.219294846958543,1.185586981790004,0.1743510267338241,81.0,69.0,75.5,1.0,2.6000000000000014,-1.6999999999999993,-0.8999999999999986,-11.700000000000001,1.8999999999999986,12.700000000000003,0.024684090293029017,-0.040227298846533754,-0.7346964604632193,-1.4610354186437036,0.6549401397232786,9.700000000000003,983.0,0.0,0.0,1.0,0.0,0.0,0.0,0.0,0.0,0.0,0.0,1.0,0.0,0.0,0.0,0f8418aa,2021,1,50.8
22.0,1798.0,64.4,29.2,13.4,50.9,62.8,48.3,42.6,45.4,0.1,0.060066740823136816,0.010011123470522803,0.20022246941045607,2.052280311457175,1.8020022246941045,0.20022246941045607,2.803114571746385,0.7508342602892102,0.05005561735261402,85.6,58.1,52.6,0.0,,,,,,,,,,,,,,1.0,0.0,0.0,0.0,0.0,0.0,0.0,0.0,0.0,1.0,0.0,0.0,0.0,0.0,0fee6bda,2021,1,46.6
19.0,2089.0,37.4,46.2,45.5,34.1,73.3,53.5,59.2,56.4,0.53,0.012924844423168979,0.051699377692675914,0.646242221158449,3.6189564384873143,4.222115844901866,0.3877453326950694,4.351364289133556,0.3877453326950694,0.43082814743896597,80.5,68.8,61.1,0.0,,,,,,,,,,,,,,1.0,0.0,0.0,0.0,0.0,0.0,0.0,0.0,0.0,0.0,0.0,1.0,0.0,0.0,10b9fa99,2021,0,
22.0,1877.0,50.9,67.0,58.4,43.9,43.9,50.3,55.1,52.7,0.82,0.023974427277570595,0.07192328183271178,1.294619072988812,2.9248801278636125,6.04155567394779,1.1507725093233885,2.541289291422483,1.8700053276505062,0.5753862546616942,84.8,57.6,54.9,1.0,-7.099999999999994,-19.000000000000007,-12.299999999999997,-31.199999999999996,-4.0,12.099999999999998,-0.01149355301799591,-0.007879673832312847,-1.276809498439759,-0.9633704344265936,-0.533247950954121,25.2,862.0,1.0,0.0,0.0,0.0,1.0,0.0,0.0,0.0,0.0,0.0,0.0,0.0,0.0,0.0,10e7f486,2021,1,45.5
22.0,2086.0,46.2,43.7,46.0,20.9,51.2,41.1,41.7,41.4,1.2,0.09060402684563759,0.10786193672099713,1.8983700862895494,1.768935762224353,4.745925215723873,2.1572387344199426,3.2790028763183128,2.63183125599233,0.6903163950143816,77.8,35.8,61.0,1.0,-4.200000000000003,14.400000000000002,-4.399999999999999,-8.100000000000001,-20.800000000000004,6.800000000000004,0.030483786364675663,0.03571764814384282,-0.927281216315661,-0.06369402275308111,-0.9965952998998957,-0.6000000000000014,589.0,0.0,0.0,1.0,0.0,0.0,0.0,0.0,0.0,1.0,0.0,0.0,0.0,0.0,0.0,10f0fdd3,2021,1,49.75
20.0,2610.0,40.4,56.3,29.2,52.0,82.8,62.4,70.1,66.2,1.02,0.034482758620689655,0.010344827586206896,0.6551724137931034,2.7586206896551726,4.068965517241379,0.7241379310344828,4.241379310344827,0.4482758620689655,0.20689655172413793,88.2,66.7,76.3,0.0,,,,,,,,,,,,,,1.0,0.0,0.0,0.0,0.0,0.0,0.0,0.0,0.0,0.0,0.0,1.0,0.0,0.0,114bbdee,2021,1,60.0
21.0,1460.0,22.7,42.4,24.9,52.0,52.2,39.3,47.8,43.6,0.39,0.03082191780821918,0.055479452054794515,1.7876712328767124,3.5753424657534247,3.5136986301369864,1.1095890410958904,3.5753424657534247,0.7397260273972603,0.7397260273972603,85.7141975308642,32.74567901234568,24.70684931506849,1.0,-3.0,8.299999999999999,2.1999999999999957,7.299999999999997,-0.8999999999999986,-15.299999999999997,0.019290847981185227,0.015120707660175682,0.6345642501733171,-0.23389906364904833,0.8078857072652763,-37.19315068493151,-101.0,0.0,0.0,1.0,0.0,0.0,0.0,0.0,0.0,0.0,0.0,1.0,0.0,0.0,0.0,11ff3d56,2021,0,
20.0,2373.0,72.3,79.7,91.2,46.8,45.2,58.4,70.0,64.2,0.85,0.060682680151706705,0.1327433628318584,2.8065739570164348,4.209860935524652,6.75094816687737,1.5170670037926675,3.982300884955752,2.3514538558786344,1.5170670037926675,85.0,56.3,69.4,1.0,-1.3999999999999915,3.700000000000003,-2.700000000000003,-2.0999999999999943,9.299999999999997,-8.299999999999997,0.013157927676459173,-0.027652676772102036,-0.04491119149841705,-0.08073500143946255,-0.6614261931882197,25.10000000000001,858.0,1.0,0.0,0.0,0.0,1.0,0.0,0.0,0.0,0.0,0.0,0.0,0.0,0.0,0.0,1265a93a,2021,0,
21.0,1672.0,51.8,65.6,55.9,38.0,24.4,40.6,49.4,45.0,1.2,0.043062200956937795,0.032296650717703344,1.1842105263157894,3.714114832535885,4.467703349282297,1.2918660287081338,3.068181818181818,2.476076555023923,0.37679425837320574,79.9,42.5,48.9,1.0,-16.6,-23.900000000000006,-7.700000000000003,-25.4,-10.600000000000001,-21.300000000000004,-0.027636934942512327,-0.0030529172320217166,-1.0074626865671643,-2.248714561165465,0.037759765764478814,11.699999999999996,399.0,1.0,0.0,0.0,0.0,1.0,0.0,0.0,0.0,0.0,0.0,0.0,0.0,0.0,0.0,1295552e,2021,0,
19.0,2577.0,45.0,65.7,30.4,54.9,78.2,63.5,69.2,66.4,0.31,0.03841676367869616,0.010477299185098952,0.7334109429569267,3.1082654249126893,6.286379511059372,0.5238649592549476,4.330616996507567,0.8032596041909197,0.24447031431897556,87.24545454545455,62.22272727272728,59.14481955762514,1.0,9.800000000000004,-8.700000000000003,25.0,9.099999999999998,17.699999999999996,2.6000000000000085,-0.028249902987970504,0.0030698917776915448,0.21489242443840817,3.027120251800113,0.886043202690467,10.944819557625138,1362.0,1.0,0.0,0.0,0.0,0.0,0.0,0.0,0.0,0.0,0.0,0.0,1.0,0.0,0.0,132a82f1,2021,0,
22.0,1828.0,50.5,67.7,84.5,32.6,40.7,49.0,59.5,54.2,0.88,0.009846827133479213,0.1575492341356674,1.6739606126914661,3.6433260393873086,5.317286652078775,1.5754923413566742,2.954048140043764,1.4277899343544858,0.9354485776805253,78.3,58.79999999999999,53.5,1.0,11.0,22.1,4.0,24.299999999999997,3.6000000000000014,11.300000000000004,0.0011004714483480171,0.140056522765405,0.0996165893678509,-0.4553081001078141,0.5821015495913904,27.77473275024295,799.0,1.0,0.0,0.0,0.0,1.0,0.0,0.0,0.0,0.0,0.0,0.0,0.0,0.0,0.0,149c5f5d,2021,1,51.7
22.0,1371.0,33.3,33.5,28.0,33.6,64.4,37.0,48.7,42.8,0.64,0.03282275711159738,0.08533916849015317,1.5754923413566742,2.560175054704595,3.0196936542669586,0.45951859956236324,3.0196936542669586,1.1159737417943107,0.7877461706783371,80.5,47.1,44.8,0.0,,,,,,,,,,,,,,0.0,0.0,1.0,0.0,0.0,0.0,0.0,0.0,0.0,0.0,1.0,0.0,0.0,0.0,15413fa5,2021,1,52.6
22.0,1297.0,24.8,36.5,43.8,20.3,39.4,33.8,35.3,34.6,1.51,0.006939090208172707,0.013878180416345413,0.6939090208172706,2.081727062451812,3.677717810331534,0.48573631457208943,3.0531996915959905,0.8326908249807248,0.2081727062451812,72.5,52.6,37.9,0.0,,,,,,,,,,,,,,1.0,0.0,0.0,0.0,1.0,0.0,0.0,0.0,0.0,0.0,0.0,0.0,0.0,0.0,1545cf15,2021,0,
23.0,2356.0,80.3,58.3,85.4,25.0,45.8,58.5,69.1,63.8,0.46,0.21392190152801357,0.2865025466893039,4.049235993208828,3.3998302207130733,4.545840407470289,1.4898132427843804,2.979626485568761,3.8200339558573857,1.9864176570458405,74.9,42.60000000000001,77.0,1.0,5.799999999999997,-0.10000000000000853,-0.30000000000000426,11.0,1.6999999999999993,28.199999999999996,-0.09232492427188485,0.10366862083861828,0.0725981059564158,-1.6248045899903518,0.3830704441767603,12.700000000000003,387.0,0.0,0.0,1.0,1.0,0.0,0.0,0.0,0.0,0.0,0.0,0.0,0.0,0.0,0.0,15b287da,2021,1,56.7
23.0,909.0,40.8,42.3,36.3,53.9,54.7,49.5,47.6,48.6,0.79,0.0297029702970297,0.0297029702970297,0.6930693069306931,2.7722772277227725,4.9504950495049505,0.19801980198019803,5.742574257425742,0.297029702970297,0.297029702970297,91.6,44.8,26.6,1.0,-3.6000000000000014,-2.0,-14.400000000000006,-14.300000000000004,7.100000000000001,-0.3999999999999986,-0.014763432865025634,0.011916409032207566,0.026073259499863055,0.5927875396235276,-0.5627030094313779,-32.6,-1115.0,1.0,0.0,0.0,0.0,0.0,0.0,0.0,0.0,0.0,1.0,0.0,0.0,0.0,0.0,15d0c248,2021,0,
23.0,2136.0,75.5,46.2,57.2,27.3,51.5,58.8,59.9,59.4,0.13,0.43820224719101125,0.15589887640449437,2.359550561797753,1.5589887640449438,1.7275280898876404,0.8848314606741573,0.9269662921348314,5.435393258426966,0.9691011235955056,70.4,56.8,69.8,0.0,,,,,,,,,,,,,,0.0,1.0,0.0,0.0,0.0,0.0,0.0,0.0,0.0,0.0,0.0,0.0,0.0,1.0,15f24fe7,2021,0,
19.0,1059.0,68.6,76.5,97.1,46.9,39.4,68.0,75.5,71.8,0.56,0.11048158640226628,0.23796033994334276,4.8441926345609065,4.674220963172804,13.68271954674221,1.2747875354107647,2.8895184135977336,6.03399433427762,2.6345609065155804,82.2,31.3,31.0,1.0,6.8999999999999915,29.799999999999997,-9.599999999999994,2.5999999999999943,7.199999999999996,-4.100000000000001,-0.08766441591523082,0.029385600661766847,0.1512610007254489,0.3339362327213511,0.8155882864636497,5.800000000000001,196.0,0.0,0.0,1.0,1.0,0.0,0.0,0.0,0.0,0.0,0.0,0.0,0.0,0.0,0.0,15f3ec41,2021,1,54.3
19.0,1104.0,69.2,58.5,65.4,15.4,28.3,48.4,51.5,50.0,0.57,0.1793478260869565,0.18749999999999997,2.8532608695652173,2.934782608695652,6.684782608695651,2.608695652173913,2.201086956521739,3.994565217391304,1.467391304347826,71.94098360655738,20.7688524590164,19.491666666666667,1.0,-2.200000000000003,4.799999999999997,-2.200000000000003,-13.899999999999991,1.200000000000001,3.6999999999999993,0.06256581916654129,0.08239619377162627,-0.6891266736873778,-1.4899578757334142,-0.06262223559500546,-48.10833333333333,-1208.0,0.0,0.0,1.0,0.0,0.0,0.0,0.0,0.0,1.0,0.0,0.0,0.0,0.0,0.0,16aa3654,2021,1,63.0
20.0,1440.0,65.0,45.2,67.8,55.1,39.7,53.8,52.6,53.2,0.29,0.1125,0.2125,2.6875,2.625,4.9375,0.4375,1.75,3.0625,1.5,87.7,47.1,42.1,0.0,,,,,,,,,,,,,,0.0,0.0,1.0,0.0,0.0,0.0,0.0,0.0,1.0,0.0,0.0,0.0,0.0,0.0,17695062,2021,0,
23.0,1112.0,74.6,92.2,59.3,34.4,48.2,68.4,72.3,70.4,0.02,0.5179856115107914,0.12949640287769784,2.751798561151079,3.723021582733813,7.04136690647482,2.1043165467625897,1.7805755395683454,7.76978417266187,0.9712230215827338,72.5,26.9,32.5,1.0,9.000000000000007,20.999999999999993,14.700000000000003,-3.700000000000003,-4.899999999999999,-7.199999999999996,0.06483324723758643,0.02310410865703233,-0.834015799619499,-0.0908572616512755,1.5163665914903803,-34.3,-1172.0,0.0,1.0,0.0,0.0,0.0,1.0,0.0,0.0,0.0,0.0,0.0,0.0,0.0,0.0,178ae8f8,2021,1,70.4
20.0,2023.0,72.6,64.7,63.8,30.5,56.8,57.7,59.4,58.6,0.05,0.21354424122590213,0.1245674740484429,2.8027681660899653,3.9594661393969353,5.5165595650024715,1.6905585763717252,3.5590706870983686,3.203163618388532,1.2901631240731586,78.8,44.0,59.2,0.0,,,,,,,,,,,,,,0.0,0.0,1.0,0.0,0.0,0.0,0.0,0.0,1.0,0.0,0.0,0.0,0.0,0.0,19053e31,2021,0,
20.0,1160.0,24.8,21.8,24.2,27.7,73.2,31.6,49.2,40.4,0.84,0.023275862068965515,0.03103448275862069,1.4741379310344827,1.706896551724138,3.103448275862069,0.6206896551724138,3.0258620689655173,1.2413793103448276,0.5431034482758621,70.6,58.6,37.9,0.0,,,,,,,,,,,,,,0.0,0.0,1.0,0.0,0.0,0.0,0.0,0.0,0.0,0.0,1.0,0.0,0.0,0.0,1a5d7cb9,2021,0,
23.0,1522.0,78.9,79.8,95.9,24.5,46.7,54.3,68.8,61.6,0.22,0.0709592641261498,0.18331143232588698,2.7201051248357424,4.553219448094612,6.5637319316688565,0.8278580814717477,4.553219448094612,2.0696452036793693,1.773981603153745,75.7,45.3,44.5,0.0,,,,,,,,,,,,,,1.0,0.0,0.0,0.0,1.0,0.0,0.0,0.0,0.0,0.0,0.0,0.0,0.0,0.0,1ac232b8,2021,0,
22.0,1833.0,62.6,29.0,47.2,18.3,47.7,38.3,35.4,36.8,0.61,0.11292962356792142,0.1276595744680851,2.111292962356792,2.454991816693944,2.9459901800327333,0.6382978723404256,3.6333878887070377,1.2765957446808511,1.2765957446808511,64.9,19.6,59.9,1.0,-13.5,-13.499999999999993,-13.299999999999997,-15.899999999999999,-11.5,-13.099999999999994,-0.10376379537268852,-0.13237252826064685,-0.633490344224267,-0.6655668023107659,-1.156565165649555,39.5,1210.0,0.0,0.0,1.0,0.0,0.0,0.0,1.0,0.0,0.0,0.0,0.0,0.0,0.0,0.0,1ae836b1,2021,1,33.7
23.0,3154.0,54.9,81.3,57.0,65.4,49.7,64.6,68.3,66.4,0.04,0.13696892834495877,0.16550412175015852,2.454026632847178,5.307545973367153,9.159797083069119,1.3696892834495877,2.2257450856055803,2.7679137603043755,1.3982244768547876,91.8,62.5,92.2,1.0,7.000000000000007,12.699999999999996,6.299999999999997,3.799999999999997,1.2000000000000028,17.300000000000004,0.08164977940878856,0.06337646217569044,0.24126067540036944,0.5640524022180546,0.711801292516089,30.400000000000006,1039.0,0.0,0.0,1.0,0.0,0.0,0.0,0.0,0.0,1.0,0.0,0.0,0.0,0.0,0.0,1bacc518,2021,1,66.4
19.0,1305.0,36.8,19.0,17.0,41.6,52.5,31.4,27.8,29.6,0.12,0.26206896551724135,0.055172413793103454,1.3103448275862069,0.9655172413793104,2.0,0.7586206896551724,1.5172413793103448,3.1724137931034484,0.4827586206896552,72.7,26.0,42.6,0.0,,,,,,,,,,,,,,0.0,1.0,0.0,0.0,0.0,0.0,0.0,0.0,0.0,0.0,0.0,0.0,1.0,0.0,1bc432b7,2021,0,
21.0,1738.0,80.6,67.7,80.3,26.3,34.2,58.9,61.9,60.4,0.39,0.3158803222094361,0.14499424626006904,3.469505178365938,3.4177215189873418,8.855005753739931,2.38204833141542,1.760644418872267,6.058688147295743,1.3463751438434983,80.0,30.4,50.8,1.0,-16.6,2.1999999999999886,-16.700000000000003,-7.700000000000003,-7.400000000000002,-25.4,-0.15450295305188794,-0.04315906384446058,-0.6594146822612403,-1.1275726434726128,0.22956820888281193,0.3999999999999986,16.0,0.0,0.0,1.0,0.0,0.0,0.0,0.0,0.0,1.0,0.0,0.0,0.0,0.0,0.0,1bf33a9a,2021,1,66.9
21.0,2879.0,28.6,49.6,25.4,62.7,80.4,48.9,66.0,57.4,0.38,0.050017367141368535,0.0562695380340396,1.5317818687044114,2.9385203195554013,5.15804098645363,1.031608197290726,4.532823897186524,1.2504341785342132,0.5939562348037514,86.2,61.8,84.2,1.0,3.0,4.200000000000003,10.800000000000004,2.6999999999999993,-1.7000000000000028,0.7000000000000028,0.01580684082557906,0.019427432770881707,0.2949397634412534,1.815935723295735,-0.008848101497230143,-15.799999999999997,-541.0,0.0,0.0,1.0,0.0,0.0,0.0,0.0,0.0,0.0,0.0,1.0,0.0,0.0,0.0,1c7012b8,2021,1,63.25
21.0,2102.0,24.8,30.5,41.5,34.4,69.5,47.9,54.9,51.4,1.48,0.00428163653663178,0.00856327307326356,0.7278782112274025,2.440532825880114,1.669838249286394,0.21408182683158897,3.8534728829686014,0.8135109419600381,0.25689819219790677,66.0,63.2,61.5,0.0,,,,,,,,,,,,,,1.0,0.0,0.0,0.0,0.0,0.0,0.0,0.0,0.0,0.0,0.0,1.0,0.0,0.0,1d042188,2021,1,54.6
22.0,3244.0,36.5,40.2,47.1,24.3,65.9,41.7,40.9,41.3,0.07,0.0499383477188656,0.0998766954377312,2.219482120838471,2.913070283600493,4.494451294697904,0.6935881627620222,3.4401972872996303,2.6356350184956843,0.971023427866831,70.7,41.6,94.9,1.0,-7.100000000000001,-2.3999999999999986,-1.6999999999999957,-17.4,-0.09999999999999787,-0.5,-0.011229400195870265,-0.02245880039174053,-0.36624540464809074,-0.06532627712785999,-0.7847981130630841,0.3000000000000256,7.0,0.0,0.0,1.0,1.0,0.0,0.0,0.0,0.0,0.0,0.0,0.0,0.0,0.0,0.0,1daec722,2021,1,55.0
22.0,1377.0,59.8,35.4,58.9,26.0,31.9,35.2,41.6,38.4,1.42,0.032679738562091505,0.0392156862745098,0.9803921568627451,2.156862745098039,2.8758169934640523,0.7843137254901961,3.071895424836601,0.9803921568627451,0.45751633986928103,74.6,40.9,45.0,0.0,,,,,,,,,,,,,,1.0,0.0,0.0,0.0,1.0,0.0,0.0,0.0,0.0,0.0,0.0,0.0,0.0,0.0,1df0c0b9,2021,0,
20.0,2407.0,88.7,46.5,58.9,52.4,36.1,65.4,71.1,68.2,1.62,0.7590361445783133,0.13086830078936434,2.3182384711258828,1.196510178645617,2.953884503531367,1.0469464063149148,0.44869131699210635,7.104279185708351,0.8599916909015373,73.5,48.1,78.7,1.0,4.300000000000004,6.1000000000000085,8.200000000000003,8.5,5.799999999999997,-18.4,0.01397499688311099,0.029269053376382234,0.20158748335542187,-0.009426879347278483,0.26518374402661415,44.0,1344.0,0.0,1.0,0.0,0.0,0.0,0.0,0.0,1.0,0.0,0.0,0.0,0.0,0.0,0.0,1f44ac21,2021,1,66.5
22.0,1998.0,38.3,66.2,58.9,69.1,20.0,54.2,57.7,56.0,0.3,0.05405405405405406,0.06756756756756757,2.7027027027027026,5.045045045045045,6.261261261261262,0.8108108108108109,2.3873873873873874,1.0360360360360361,0.9459459459459459,91.60945945945946,28.35675675675676,51.10640640640641,1.0,-2.200000000000003,-1.3000000000000043,-12.599999999999994,-2.1000000000000014,9.399999999999991,11.8,0.005405405405405413,-0.005405405405405406,-0.1351351351351351,-3.2252252252252243,-0.954954954954955,7.106406406406407,888.0,0.0,0.0,1.0,0.0,0.0,0.0,0.0,0.0,1.0,0.0,0.0,0.0,0.0,0.0,20094685,2021,1,50.05
18.0,1307.0,59.2,46.7,49.6,13.5,35.6,40.8,42.4,41.6,1.14,0.13083397092578422,0.13083397092578422,2.1346595256312164,1.928079571537873,5.6465187452180565,2.685539403213466,3.0298393267023718,2.8921193573068096,0.9640397857689365,71.5,17.1,38.2,0.0,,,,,,,,,,,,,,0.0,0.0,1.0,0.0,0.0,0.0,0.0,0.0,1.0,0.0,0.0,0.0,0.0,0.0,200e89e1,2021,1,45.2
21.0,1924.0,58.0,61.7,69.2,45.0,56.4,59.5,61.3,60.4,0.86,0.2806652806652807,0.20582120582120586,2.525987525987526,1.8243243243243243,4.958419958419959,1.5904365904365905,0.8419958419958421,5.66008316008316,1.262993762993763,72.0,46.2,56.3,1.0,-3.3999999999999986,5.899999999999999,-8.899999999999991,-16.5,-2.3999999999999986,11.100000000000001,0.00502425502425502,0.039154539154539175,-1.2560637560637558,-2.221067221067221,-0.41926541926541927,15.199999999999996,520.0,0.0,1.0,0.0,0.0,0.0,1.0,0.0,0.0,0.0,0.0,0.0,0.0,0.0,0.0,20730eae,2021,1,78.1
22.0,1255.0,48.5,52.2,54.7,53.0,84.7,57.2,68.6,62.9,1.0,0.08605577689243027,0.12191235059760956,3.1553784860557768,4.517928286852589,3.0836653386454183,0.6454183266932271,5.521912350597609,2.0796812749003983,1.5059760956175299,86.1,50.0,36.7,1.0,8.799999999999997,9.100000000000001,9.600000000000001,-1.8999999999999986,-12.799999999999997,19.200000000000003,0.03455363096968349,-0.01971855068994409,0.5802711899184376,1.152334866542414,-0.3747755758083553,16.300000000000004,556.0,0.0,0.0,1.0,0.0,0.0,0.0,0.0,0.0,0.0,0.0,1.0,0.0,0.0,0.0,20b3a502,2021,1,58.0
22.0,2175.0,41.0,19.8,19.7,39.0,74.8,35.0,53.1,44.0,0.84,0.10758620689655173,0.0496551724137931,1.2413793103448276,1.7793103448275862,3.186206896551724,0.8275862068965517,4.675862068965517,1.3655172413793102,0.6620689655172414,82.4,45.5,63.6,1.0,2.200000000000003,6.200000000000003,-2.3999999999999986,8.299999999999999,12.2,-5.0,0.015816359846296826,0.01688022703870206,-0.20071828615917808,1.0230605017957153,-0.18718637767787616,9.100000000000001,802.0,0.0,0.0,1.0,0.0,0.0,0.0,0.0,0.0,0.0,0.0,1.0,0.0,0.0,0.0,2145368f,2021,0,
23.0,2647.0,63.9,78.7,76.4,36.7,50.2,55.8,64.6,60.2,0.2,0.04420098224404987,0.05440120891575369,1.5980355119002645,5.984132980732905,5.1681148469966,0.5780128447298829,4.080090668681526,1.258027956176804,0.6800151114469211,78.2,38.2,77.4,1.0,1.8000000000000043,10.199999999999996,-4.700000000000003,-2.0999999999999943,6.600000000000001,4.100000000000001,0.016457455733568983,0.015560271801080446,0.044398027313334865,-1.268383303434966,-0.3968781166776987,30.000000000000007,1025.0,1.0,0.0,0.0,0.0,1.0,0.0,0.0,0.0,0.0,0.0,0.0,0.0,0.0,0.0,2146785a,2021,1,50.6
20.0,1773.0,63.6,62.4,73.0,18.6,51.6,54.3,57.0,55.6,0.51,0.14720812182741116,0.1218274111675127,2.9441624365482233,3.50253807106599,5.685279187817259,2.5888324873096447,3.9593908629441628,3.299492385786802,1.3705583756345179,70.8,40.0,51.8,0.0,,,,,,,,,,,,,,0.0,0.0,1.0,0.0,0.0,0.0,0.0,0.0,1.0,0.0,0.0,0.0,0.0,0.0,215f3907,2021,0,
20.0,1618.0,48.5,29.2,24.1,60.0,43.2,43.0,45.8,44.4,0.29,0.03893695920889988,0.03337453646477132,0.27812113720642767,2.0580964153275647,2.503090234857849,0.38936959208899874,2.9480840543881337,0.3337453646477132,0.055624227441285534,85.6,52.3,47.3,1.0,1.5,23.1,-9.2,0.0,-9.900000000000006,11.800000000000004,0.03121163732048786,0.025649214576359304,-0.10814495721417317,-0.7415449582751981,-0.6457662456166413,13.199999999999996,453.0,1.0,0.0,0.0,0.0,0.0,0.0,0.0,0.0,0.0,0.0,0.0,1.0,0.0,0.0,217875a4,2021,1,49.8
20.0,1177.0,41.4,49.6,64.4,20.0,43.8,44.6,46.7,45.7,0.11,0.05352591333899745,0.0994052676295667,2.370433305012744,4.587935429056924,3.976210705182668,1.2999150382327953,3.288020390824129,1.146983857264231,0.994052676295667,71.9,22.6,38.5,0.0,,,,,,,,,,,,,,0.0,0.0,1.0,0.0,0.0,0.0,0.0,0.0,1.0,0.0,0.0,0.0,0.0,0.0,220ace7e,2021,1,59.6
22.0,1210.0,44.5,56.1,69.6,22.4,39.2,41.7,49.9,45.8,0.96,0.02231404958677686,0.0371900826446281,1.1900826446280992,2.975206611570248,3.5702479338842976,0.8925619834710744,2.3801652892561984,1.0413223140495869,0.5206611570247934,68.2,51.3,35.4,1.0,5.799999999999997,9.799999999999997,7.5,26.299999999999997,-13.899999999999999,4.300000000000004,0.02231404958677686,0.028015770718022595,0.4561376904996589,-1.0169080294184547,0.5898855106528167,6.699999999999999,229.0,1.0,0.0,0.0,0.0,1.0,0.0,0.0,0.0,0.0,0.0,0.0,0.0,0.0,0.0,228b0d9d,2021,1,54.6
22.0,1090.0,32.3,41.7,38.4,21.4,74.6,38.5,36.8,37.6,1.0,0.2889908256880734,0.07431192660550459,2.3944954128440368,1.5688073394495414,2.229357798165138,0.7431192660550459,1.81651376146789,2.8073394495412844,1.2385321100917432,67.4,41.0,35.6,0.0,,,,,,,,,,,,,,0.0,1.0,0.0,0.0,0.0,0.0,0.0,0.0,0.0,0.0,0.0,0.0,1.0,0.0,229cd98a,2021,0,
22.0,1828.0,85.8,59.6,88.0,14.9,28.9,40.3,56.5,48.4,1.53,0.06892778993435449,0.12800875273522977,2.067833698030635,3.987964989059081,4.480306345733042,0.9846827133479212,3.052516411378556,1.9693654266958425,1.0831509846827134,77.5,44.0,53.5,0.0,,,,,,,,,,,,,,1.0,0.0,0.0,0.0,1.0,0.0,0.0,0.0,0.0,0.0,0.0,0.0,0.0,0.0,23610943,2021,1,48.1
22.0,934.0,68.1,70.4,75.9,14.5,60.3,64.0,63.3,63.6,1.06,0.41434689507494643,0.19271948608137043,2.890792291220557,2.601713062098501,3.083511777301927,1.5417558886509635,0.7708779443254817,7.226980728051392,1.0599571734475375,61.400000000000006,54.2,30.5,0.0,,,,,,,,,,,,,,0.0,1.0,0.0,0.0,0.0,0.0,0.0,1.0,0.0,0.0,0.0,0.0,0.0,0.0,2374aaca,2021,1,62.4
23.0,1159.0,36.4,50.5,48.8,42.2,64.3,48.5,54.6,51.6,0.75,0.062122519413287315,0.06988783433994823,1.9413287316652286,3.3390854184641934,4.814495254529767,1.4754098360655736,3.183779119930975,1.7083692838654012,1.087144089732528,80.6,38.9,33.9,0.0,,,,,,,,,,,,,,0.0,0.0,1.0,0.0,0.0,0.0,0.0,0.0,0.0,0.0,1.0,0.0,0.0,0.0,237a3851,2021,0,
22.0,2372.0,41.2,45.9,65.4,22.9,58.5,46.9,49.4,48.2,0.48,0.011382799325463743,0.06450252951096122,1.252107925801012,2.4283305227655987,3.3010118043844856,0.3794266441821248,4.818718381112985,1.100337268128162,0.8347386172006745,73.9,48.8,69.4,0.0,,,,,,,,,,,,,,1.0,0.0,0.0,0.0,1.0,0.0,0.0,0.0,0.0,0.0,0.0,0.0,0.0,0.0,2389cdc2,2021,1,53.9
21.0,1304.0,67.6,42.0,47.5,25.1,30.5,50.5,47.8,49.2,0.29,0.5383435582822086,0.08972392638036811,2.2776073619631902,0.8282208588957055,2.4846625766871164,1.51840490797546,0.897239263803681,5.314417177914111,0.75920245398773,71.7,41.5,38.1,1.0,5.900000000000006,41.199999999999996,-11.399999999999999,-3.700000000000003,-28.299999999999997,-14.600000000000001,0.4003290304371723,0.02434862371692985,-0.0468478438479476,-2.0189693845719634,-1.278316671370638,-11.100000000000001,65.0,0.0,1.0,0.0,0.0,0.0,1.0,0.0,0.0,0.0,0.0,0.0,0.0,0.0,0.0,23c63b7f,2021,0,
23.0,2930.0,35.2,38.9,45.6,46.9,37.9,39.4,39.9,39.6,0.1,0.2641638225255972,0.0552901023890785,2.242320819112628,0.8907849829351535,2.887372013651877,1.4744027303754266,1.3515358361774743,4.392491467576791,0.9522184300341296,80.5,23.7,85.7,1.0,-2.6000000000000014,-4.099999999999994,0.5,-1.2999999999999972,3.799999999999997,-8.600000000000001,0.015819451664670053,-0.0837827452930407,0.007221481364283466,0.006577311665121766,-0.3012679971972969,13.799999999999997,1118.0,0.0,1.0,0.0,0.0,0.0,1.0,0.0,0.0,0.0,0.0,0.0,0.0,0.0,0.0,244bc2c8,2021,1,28.6
23.0,2664.0,57.1,58.6,57.2,38.1,38.3,45.2,51.0,48.1,0.1,0.040540540540540536,0.05067567567567567,0.8783783783783783,3.3108108108108105,3.8513513513513513,0.7094594594594594,3.378378378378378,0.7094594594594594,0.47297297297297297,77.7,43.4,77.9,1.0,-6.0,8.700000000000003,-12.499999999999993,-25.0,15.3,-7.600000000000001,0.02322452322452322,-0.05754943254943255,-1.112963612963613,-2.642155142155142,-0.3255528255528257,17.10000000000001,585.0,1.0,0.0,0.0,0.0,1.0,0.0,0.0,0.0,0.0,0.0,0.0,0.0,0.0,0.0,246d153b,2021,1,48.3
23.0,2448.0,69.7,74.1,91.0,28.9,37.5,49.6,63.8,56.7,1.8,0.03676470588235294,0.10294117647058823,2.389705882352941,4.705882352941177,5.551470588235294,1.5073529411764706,3.198529411764706,1.25,0.9191176470588236,78.9,46.3,71.6,0.0,,,,,,,,,,,,,,1.0,0.0,0.0,0.0,1.0,0.0,0.0,0.0,0.0,0.0,0.0,0.0,0.0,0.0,24eb7ed6,2021,1,51.8
23.0,2674.0,78.6,43.9,59.4,26.5,41.4,48.4,47.6,48.0,0.46,0.2961854899027674,0.11780104712041885,2.5916230366492146,2.086761406133134,4.3754674644727,1.581899775617053,1.8848167539267016,3.4667165295437545,0.9424083769633508,76.2,53.1,78.2,0.0,,,,,,,,,,,,,,0.0,0.0,1.0,0.0,0.0,0.0,0.0,0.0,1.0,0.0,0.0,0.0,0.0,0.0,2500cef9,2021,1,52.0
22.0,1240.0,27.6,40.1,45.7,19.9,58.6,38.1,38.8,38.4,0.51,0.05806451612903226,0.02903225806451613,2.25,1.7419354838709677,4.5,2.540322580645161,4.064516129032258,3.2661290322580645,0.5080645161290323,73.8,25.0,36.3,1.0,-18.4,-53.800000000000004,-17.5,-36.0,4.699999999999999,10.0,-0.17469410456062287,-0.1552349833147942,-1.6293103448275859,-3.161637931034482,-1.0705645161290323,9.199999999999996,312.0,0.0,0.0,1.0,0.0,0.0,0.0,0.0,0.0,1.0,0.0,0.0,0.0,0.0,0.0,254147d4,2021,0,
20.0,2418.0,50.8,67.1,70.4,38.1,61.6,58.7,56.4,57.6,0.03,0.0707196029776675,0.16377171215880895,3.424317617866005,5.285359801488833,5.806451612903226,2.0471464019851116,4.913151364764268,0.781637717121588,1.9727047146401986,82.6,54.5,70.7,1.0,-0.3999999999999986,-14.200000000000003,-2.3000000000000114,-0.8999999999999915,11.5,22.5,0.00013136768354984896,-0.03034593490001458,0.07137644139541699,-2.2229601518026563,0.43241862501824535,30.200000000000003,1398.0,0.0,0.0,1.0,0.0,0.0,0.0,0.0,0.0,0.0,0.0,1.0,0.0,0.0,0.0,26777636,2021,1,62.0
20.0,2590.0,51.0,59.0,40.5,55.5,71.7,60.9,65.1,63.0,0.45,0.048648648648648644,0.010424710424710423,0.6949806949806949,3.8223938223938223,2.7799227799227797,0.38223938223938225,4.83011583011583,0.8687258687258687,0.138996138996139,84.1,53.0,84.6,0.0,,,,,,,,,,,,,,1.0,0.0,0.0,0.0,0.0,0.0,0.0,0.0,0.0,0.0,0.0,1.0,0.0,0.0,277c49ed,2021,1,58.9
22.0,1133.0,66.6,40.3,24.8,66.5,61.7,55.2,60.2,57.7,0.54,0.08737864077669903,0.0,0.5560458958517212,1.9064430714916152,2.2241835834068846,0.1588702559576346,3.415710503089144,1.1915269196822595,0.0,90.5,78.3,33.1,1.0,8.100000000000001,39.599999999999994,17.099999999999998,1.4000000000000021,22.4,-3.3999999999999915,0.07857237854577927,-0.008806262230919765,0.20379540661493056,0.28680589260453626,0.23325324761685984,3.200000000000003,111.0,1.0,0.0,0.0,0.0,0.0,0.0,0.0,0.0,0.0,0.0,0.0,1.0,0.0,0.0,2784f898,2021,0,
23.0,2455.0,43.8,54.3,56.9,31.4,59.7,49.5,49.5,49.5,0.15,0.06232179226069246,0.13197556008146638,3.079429735234216,4.362525458248473,4.289205702647657,1.539714867617108,2.74949083503055,1.9429735234215886,1.5030549898167005,74.6,46.20000000000001,71.8,1.0,4.899999999999999,7.799999999999997,24.999999999999996,31.799999999999997,-21.700000000000003,0.20000000000000284,0.023461688633749457,0.09700146681721768,1.3695851756487238,1.2192575161191601,1.8366187224971773,4.099999999999994,139.0,0.0,0.0,1.0,0.0,0.0,0.0,1.0,0.0,0.0,0.0,0.0,0.0,0.0,0.0,283c7121,2021,0,
22.0,2162.0,48.7,71.0,81.5,22.3,57.5,53.4,61.4,57.4,1.35,0.016651248843663275,0.07909343200740056,2.2062904717853837,3.6216466234967624,6.868640148011101,1.998149861239593,3.8297872340425534,1.4153561517113784,1.1655874190564293,72.6,58.20000000000001,63.2,0.0,,,,,,,,,,,,,,1.0,0.0,0.0,0.0,1.0,0.0,0.0,0.0,0.0,0.0,0.0,0.0,0.0,0.0,289601e6,2021,1,55.0
21.0,1357.0,55.7,62.5,75.3,53.3,23.4,45.5,55.8,50.6,0.55,0.04642593957258659,0.06632277081798084,1.4591009579955785,2.6529108327192334,6.4333087693441415,0.6632277081798084,2.520265291083272,2.2549742078113484,0.7958732498157701,88.9,22.2,39.7,1.0,8.200000000000003,21.400000000000006,6.299999999999997,5.299999999999997,1.0999999999999943,12.799999999999999,0.03295288568037102,-0.027988606427528137,0.11179556877402175,-0.033757098919330986,0.7666832878090539,12.200000000000003,689.0,1.0,0.0,0.0,0.0,1.0,0.0,0.0,0.0,0.0,0.0,0.0,0.0,0.0,0.0,29c02c9f,2021,0,
22.0,1008.0,24.0,28.5,28.1,41.0,39.4,29.0,29.7,29.4,1.35,0.22321428571428573,0.053571428571428575,1.8750000000000002,0.8035714285714286,2.678571428571429,1.25,0.9821428571428572,3.125,1.0714285714285714,75.9,36.5,29.5,1.0,-6.700000000000003,-16.6,-6.899999999999999,9.600000000000001,8.600000000000001,-11.0,-0.1821911196911197,0.030405405405405407,-0.44160231660231664,0.5936293436293436,-0.3547297297297298,-1.3000000000000043,231.0,0.0,1.0,0.0,0.0,0.0,0.0,0.0,0.0,0.0,0.0,0.0,0.0,1.0,0.0,29ef0f49,2021,0,
23.0,2074.0,65.8,43.5,49.4,19.9,14.7,39.0,48.1,43.6,0.3,0.1171648987463838,0.1128254580520733,1.7791706846673097,2.733847637415622,5.294117647058823,0.9546769527483124,2.5602700096432014,2.1263259402121504,0.8244937319189971,62.3,23.3,60.6,1.0,-10.199999999999996,-6.900000000000006,-16.1,-15.800000000000004,2.5,-6.0,-0.06790003631855124,-0.09171999649338124,-1.337712432215807,-0.8422459893048124,-0.28563288206489723,23.9,1150.0,0.0,0.0,1.0,1.0,0.0,0.0,0.0,0.0,0.0,0.0,0.0,0.0,0.0,0.0,2a657da0,2021,0,
21.0,1850.0,34.8,58.5,31.9,53.4,81.2,52.0,66.1,59.0,0.89,0.06324324324324324,0.04378378378378378,1.3135135135135134,4.378378378378378,5.1567567567567565,0.8756756756756756,4.037837837837838,0.9729729729729729,0.6324324324324324,86.1,56.79999999999999,60.5,1.0,10.600000000000001,11.199999999999996,14.899999999999999,0.5,-2.6000000000000014,20.300000000000004,0.025467797283117315,-0.012879385156405097,-0.38638155469215296,1.2847735458438496,0.7897110121664159,29.4,897.0,0.0,0.0,1.0,0.0,0.0,0.0,0.0,0.0,0.0,0.0,1.0,0.0,0.0,0.0,2b09d998,2021,1,47.6
23.0,1560.0,38.0,68.8,76.9,37.2,34.9,51.6,58.2,54.9,0.73,0.15000000000000002,0.21346153846153848,3.5192307692307696,2.653846153846154,8.538461538461538,4.788461538461539,1.3846153846153848,3.807692307692308,1.6153846153846154,79.8,27.8,45.6,1.0,5.5,-36.400000000000006,12.799999999999997,2.6000000000000085,21.1,22.9,-0.009420289855072428,0.05404124860646603,-0.7319769602378297,-0.2538089929394278,0.6731698253437386,-8.899999999999999,-303.0,0.0,1.0,0.0,0.0,0.0,1.0,0.0,0.0,0.0,0.0,0.0,0.0,0.0,0.0,2b16cb1a,2021,0,
20.0,1198.0,68.2,46.1,64.1,24.1,21.3,44.9,54.7,49.8,0.03,0.22537562604340566,0.07512520868113522,2.704507512520868,2.1035058430717863,5.03338898163606,1.8030050083472453,2.028380634390651,3.5308848080133552,0.9766277128547579,75.3,46.70000000000001,39.2,0.0,,,,,,,,,,,,,,0.0,0.0,1.0,1.0,0.0,0.0,0.0,0.0,0.0,0.0,0.0,0.0,0.0,0.0,2b7c56b4,2021,0,
23.0,1768.0,36.1,49.1,69.4,41.2,39.4,44.6,49.8,47.2,0.23,0.010180995475113122,0.08144796380090498,1.425339366515837,3.4615384615384612,3.35972850678733,0.35633484162895923,2.596153846153846,0.35633484162895923,0.7635746606334841,79.6,54.4,57.8,0.0,,,,,,,,,,,,,,1.0,0.0,0.0,0.0,1.0,0.0,0.0,0.0,0.0,0.0,0.0,0.0,0.0,0.0,2b83fa49,2021,0,
21.0,1510.0,74.8,39.4,23.7,71.8,69.9,59.9,55.5,57.7,0.05,0.10728476821192053,0.011920529801324504,0.5364238410596026,1.5496688741721854,4.112582781456953,0.23841059602649006,2.682119205298013,0.7748344370860927,0.11920529801324503,92.4,77.1,44.2,0.0,,,,,,,,,,,,,,1.0,0.0,0.0,0.0,0.0,0.0,0.0,0.0,0.0,1.0,0.0,0.0,0.0,0.0,2bef2bca,2021,1,59.7
23.0,2512.0,17.3,42.0,24.3,53.8,79.4,42.7,61.5,52.1,0.19,0.007165605095541401,0.06807324840764331,1.6480891719745223,4.227707006369426,2.4363057324840764,1.3972929936305731,4.621815286624204,0.14331210191082802,0.8598726114649682,86.7,53.2,73.5,1.0,-1.1000000000000014,2.6000000000000014,1.6000000000000014,-1.8999999999999986,-4.800000000000004,-1.2999999999999972,-0.009470254423867104,0.04311945912853056,-0.34821397035449797,-0.3086110882183264,-0.014437171079741518,41.89999999999999,1430.0,0.0,0.0,1.0,0.0,0.0,0.0,0.0,0.0,0.0,0.0,1.0,0.0,0.0,0.0,2cfae697,2021,0,
21.0,1622.0,80.7,61.4,84.9,19.2,17.5,54.0,57.3,55.6,0.08,0.20530209617755857,0.31072749691738594,4.605425400739827,1.8865598027127004,7.324290998766954,2.996300863131936,2.1639950678175093,3.884093711467324,2.1639950678175093,75.9,25.0,47.4,0.0,,,,,,,,,,,,,,0.0,0.0,1.0,0.0,0.0,0.0,0.0,0.0,1.0,0.0,0.0,0.0,0.0,0.0,2d22cea7,2021,1,50.9
20.0,2044.0,48.3,46.1,25.9,50.0,59.1,50.4,54.6,52.5,1.13,0.04843444227005871,0.013209393346379647,0.4843444227005871,2.509784735812133,2.729941291585127,0.8806262230919765,2.9500978473581214,0.9246575342465753,0.1761252446183953,89.62731277533038,68.0977973568282,33.85968688845401,1.0,-17.5,-28.0,-15.299999999999997,1.5,-1.3999999999999986,-27.800000000000004,-0.042730442366969996,-0.01211418571946166,0.02851999951544354,-0.00500524752573428,-0.8835748590106025,-24.240313111545994,267.0,1.0,0.0,0.0,0.0,0.0,0.0,0.0,0.0,0.0,0.0,0.0,1.0,0.0,0.0,2d61d13a,2021,1,57.6
23.0,1802.0,39.8,47.9,62.0,40.9,16.9,34.8,43.4,39.1,1.11,0.009988901220865706,0.05493895671476138,0.8990011098779135,2.547169811320755,4.445061043285238,0.9988901220865705,2.846836847946726,0.8990011098779135,0.5993340732519423,79.04,33.003,39.707658157602665,1.0,-3.5,-7.800000000000004,-0.6000000000000014,-17.799999999999997,8.299999999999997,-4.400000000000002,-0.005078063064848579,-0.09070836471381005,-1.5619363901220864,-1.0292693138576183,-0.16488376010781636,-18.892341842397336,10.0,1.0,0.0,0.0,0.0,1.0,0.0,0.0,0.0,0.0,0.0,0.0,0.0,0.0,0.0,2f3e911a,2021,1,42.1
22.0,2030.0,36.6,44.9,25.7,37.3,39.7,36.5,37.1,36.8,1.46,0.24827586206896549,0.05320197044334975,1.8620689655172413,0.8423645320197044,4.4778325123152705,1.41871921182266,1.463054187192118,3.768472906403941,0.6650246305418719,77.7,23.8,59.4,1.0,1.0,-29.300000000000004,2.6000000000000014,7.599999999999998,7.799999999999997,16.1,0.06064106695753488,0.001440647653989574,0.24452762834973596,-0.05128323175374483,-0.8398784586345012,4.199999999999996,639.0,0.0,1.0,0.0,0.0,0.0,1.0,0.0,0.0,0.0,0.0,0.0,0.0,0.0,0.0,30144daa,2021,0,
23.0,2298.0,45.8,52.7,70.7,36.6,11.1,45.8,46.6,46.2,0.35,0.06657963446475196,0.18015665796344646,2.6240208877284594,3.7597911227154044,4.660574412532637,1.4490861618798954,1.6449086161879896,1.2532637075718014,1.919060052219321,77.3,14.3,67.2,0.0,,,,,,,,,,,,,,0.0,0.0,1.0,0.0,0.0,0.0,1.0,0.0,0.0,0.0,0.0,0.0,0.0,0.0,3043d33f,2021,0,
23.0,2161.0,94.5,72.8,95.9,21.4,22.7,43.3,63.0,53.2,1.41,0.17491901897269782,0.22906062008329475,3.831559463211476,4.622859787135585,4.831096714484035,0.7496529384544192,3.040259139287367,3.789912077741786,2.3322535863026377,71.1,36.2,70.6,1.0,-10.0,18.900000000000006,-16.299999999999997,-0.5999999999999943,-8.5,-18.7,0.10970162766835,0.021550738660369856,0.6892669730928986,-3.1135673171365177,-1.6024366555521619,41.3205533596838,643.0,1.0,0.0,0.0,0.0,1.0,0.0,0.0,0.0,0.0,0.0,0.0,0.0,0.0,0.0,30941e96,2021,1,47.349999999999994
23.0,2368.0,51.6,70.3,91.2,34.6,26.2,44.9,59.4,52.2,0.18,0.01900337837837838,0.13302364864864866,2.0903716216216215,4.21875,7.183277027027027,0.6461148648648649,3.1165540540540544,1.9383445945945947,1.0641891891891893,79.1,40.8,69.2,0.0,,,,,,,,,,,,,,1.0,0.0,0.0,0.0,1.0,0.0,0.0,0.0,0.0,0.0,0.0,0.0,0.0,0.0,30af8b93,2021,1,53.8
20.0,1128.0,20.4,26.9,17.4,43.8,40.3,25.4,25.1,25.2,0.13,0.14361702127659576,0.12765957446808512,1.7553191489361701,1.1170212765957448,1.675531914893617,0.7180851063829787,1.5957446808510638,2.632978723404255,0.6382978723404256,69.3,21.1,33.0,0.0,,,,,,,,,,,,,,0.0,1.0,0.0,0.0,0.0,1.0,0.0,0.0,0.0,0.0,0.0,0.0,0.0,0.0,30e81a88,2021,0,
23.0,2381.0,63.3,81.2,78.8,35.4,52.0,56.9,66.1,61.5,0.65,0.022679546409071816,0.0755984880302394,1.6631667366652667,4.573708525829483,6.3124737505249895,1.0583788324233516,4.271314573708525,1.7765644687106257,0.9449811003779924,78.90000000000002,59.0,69.6,1.0,7.799999999999997,21.599999999999994,3.299999999999997,3.5999999999999943,0.0,15.799999999999997,0.013983894235158773,-0.007010207621934508,0.35881891057831017,-0.47013494512718434,-0.5567262567792124,-12.5,311.0,1.0,0.0,0.0,0.0,1.0,0.0,0.0,0.0,0.0,0.0,0.0,0.0,0.0,0.0,31a62dc7,2021,0,
23.0,2843.0,57.6,69.2,34.0,74.6,37.2,53.7,60.4,57.0,1.17,0.06014773126978543,0.003165670066830813,0.6647907140344707,3.6721772775237427,7.281041153710869,0.09497010200492438,1.6778051354203307,0.8863876187126275,0.09497010200492438,93.5,68.2,83.1,0.0,,,,,,,,,,,,,,1.0,0.0,0.0,0.0,0.0,0.0,0.0,0.0,0.0,1.0,0.0,0.0,0.0,0.0,31c69ef1,2021,1,60.2
23.0,2244.0,67.6,64.1,79.7,30.4,43.0,49.0,59.1,54.0,1.25,0.040106951871657755,0.08021390374331551,1.6443850267379678,3.2887700534759357,4.532085561497326,1.0828877005347592,3.449197860962567,2.2058823529411766,0.6818181818181818,77.2,49.2,65.6,1.0,-8.899999999999999,-12.800000000000011,-21.80000000000001,-12.0,-2.3999999999999986,0.3999999999999986,-0.04239603736708277,-0.0632695558023202,-0.7589629206514303,-2.7497000104436866,-0.8363794084610912,-7.800000000000011,-265.0,1.0,0.0,0.0,0.0,1.0,0.0,0.0,0.0,0.0,0.0,0.0,0.0,0.0,0.0,3353737a,2021,1,57.6
23.0,2764.0,87.8,75.5,92.1,17.2,30.3,62.2,76.1,69.2,0.37,0.21490593342981187,0.2865412445730825,4.33068017366136,4.949348769898697,6.089001447178003,2.409551374819103,2.572358900144718,5.014471780028943,2.4421128798842258,66.32149837133551,24.14657980456026,60.63936324167873,1.0,6.300000000000004,3.799999999999997,2.5,7.5,1.3999999999999986,-12.499999999999996,-0.003437261836460287,-0.0010327199239589246,-0.6219825482321308,-0.30153109720069526,0.04994048587502853,-6.4606367583212645,1074.0,0.0,0.0,1.0,1.0,0.0,0.0,0.0,0.0,0.0,0.0,0.0,0.0,0.0,0.0,3423f250,2021,1,81.0
20.0,1285.0,74.1,74.1,34.9,39.6,66.4,58.5,60.1,59.3,0.0,0.1610894941634241,0.04202334630350194,1.0505836575875487,4.342412451361867,5.392996108949416,0.6303501945525292,4.90272373540856,1.6809338521400776,0.07003891050583658,81.5,58.9,42.0,0.0,,,,,,,,,,,,,,1.0,0.0,0.0,0.0,0.0,0.0,0.0,0.0,0.0,0.0,0.0,1.0,0.0,0.0,34e12499,2021,1,64.30000000000001
21.0,1459.0,27.6,61.0,46.1,41.2,61.2,53.0,54.9,54.0,0.42,0.01233721727210418,0.01233721727210418,0.7402330363262508,4.564770390678547,4.318026045236463,0.3701165181631254,3.8862234407128167,0.616860863605209,0.2467443454420836,85.5,56.2,47.7,0.0,,,,,,,,,,,,,,1.0,0.0,0.0,0.0,0.0,0.0,0.0,0.0,0.0,0.0,0.0,1.0,0.0,0.0,35d64857,2021,1,54.8
22.0,3191.0,35.4,50.2,46.9,45.7,38.0,43.1,45.3,44.2,0.46,0.014102162331557505,0.02538389219680351,0.7333124412409903,3.2717016609213414,3.0460670636164213,0.6769037919147602,2.848636790974616,0.7897210905672203,0.22563459730492008,83.2,53.1,93.3,0.0,,,,,,,,,,,,,,1.0,0.0,0.0,0.0,0.0,0.0,0.0,0.0,0.0,1.0,0.0,0.0,0.0,0.0,35e413f1,2021,1,59.0
23.0,2622.0,62.6,73.2,53.1,49.8,54.3,60.1,59.0,59.6,0.13,0.09267734553775744,0.09954233409610984,2.162471395881007,6.109839816933639,6.521739130434783,1.5789473684210527,3.2951945080091534,1.4759725400457666,0.7551487414187643,83.6,45.2,85.7,1.0,1.3999999999999986,-11.199999999999996,6.799999999999997,-6.600000000000001,-1.1000000000000014,14.299999999999997,-0.14798479368125783,-0.04179892227061342,-1.008156787480623,0.9444895548829999,1.1819960138776118,8.700000000000003,266.0,0.0,0.0,1.0,0.0,0.0,0.0,1.0,0.0,0.0,0.0,0.0,0.0,0.0,0.0,36a59ba4,2021,1,64.1
23.0,1419.0,41.4,47.8,16.1,55.9,73.4,45.9,60.7,53.3,0.24,0.09513742071881606,0.06976744186046512,1.1416490486257929,3.488372093023256,3.86892177589852,1.6490486257928119,3.61522198731501,1.0782241014799154,0.5708245243128964,88.5,53.1,46.39999999999999,1.0,-5.200000000000003,-1.3000000000000043,-2.9000000000000057,-6.899999999999999,-3.8000000000000043,-8.199999999999989,-0.011179990683341093,-0.0041924965062529185,-0.06019994983337518,-0.8460242949797543,-0.5794245171462356,-17.20000000000001,-528.0,0.0,0.0,1.0,0.0,0.0,0.0,0.0,0.0,0.0,0.0,1.0,0.0,0.0,0.0,384d58d9,2021,1,53.6
23.0,2186.0,71.5,51.4,77.3,12.6,34.9,49.4,51.1,50.2,0.22,0.13998170173833485,0.18115279048490396,3.0054894784995425,2.552607502287283,4.611161939615736,1.9762122598353158,3.0878316559926806,4.117108874656908,1.605672461116194,67.8,31.9,63.9,0.0,,,,,,,,,,,,,,0.0,0.0,1.0,0.0,0.0,0.0,0.0,0.0,1.0,0.0,0.0,0.0,0.0,0.0,38ce1150,2021,1,38.9
22.0,2141.0,62.7,78.2,93.0,33.4,55.0,68.2,73.5,70.8,1.75,0.26062587575899115,0.25221858944418496,4.119570294255022,2.3960765997197573,7.314339093881364,3.657169546940682,1.6394208313872023,4.876226062587576,2.1018215787015415,70.3,36.2,70.0,1.0,9.0,-28.099999999999994,10.100000000000009,5.700000000000003,15.299999999999997,21.4,-0.09441999580064186,0.07056721329739596,0.7342491933375905,0.21342166268870333,-0.8241068865187748,34.4,1051.0,0.0,1.0,0.0,0.0,0.0,1.0,0.0,0.0,0.0,0.0,0.0,0.0,0.0,0.0,3a233281,2021,1,66.2
23.0,2324.0,29.8,58.4,62.3,64.3,76.6,58.8,67.7,63.2,0.53,0.023235800344234076,0.08907056798623063,2.5559380378657486,6.622203098106713,3.833907056798623,0.96815834767642,4.724612736660929,0.580895008605852,1.161790017211704,89.2,54.4,68.0,1.0,-1.2000000000000028,-7.699999999999999,4.5,-6.400000000000006,0.20000000000000284,-2.0,-0.005452724245929859,-0.058470415620326774,-0.5588160604949075,0.14538246663468835,2.5648260489263848,3.799999999999997,128.0,0.0,0.0,1.0,0.0,0.0,0.0,0.0,0.0,0.0,0.0,1.0,0.0,0.0,0.0,3b8674e6,2021,1,56.15
21.0,2190.0,36.7,51.3,66.2,26.2,25.3,35.4,44.6,40.0,0.95,0.016438356164383564,0.0452054794520548,1.2328767123287672,3.493150684931507,3.986301369863014,0.5753424657534247,2.9178082191780823,0.6986301369863014,0.36986301369863017,72.3,22.0,64.0,1.0,-3.6000000000000014,-15.5,-2.5,-11.799999999999997,9.3,-5.199999999999999,-0.0011512203828477029,-0.042742403284101546,-0.4674490205702555,-1.7596269688992008,0.9719780464950252,21.229250814332246,655.0,1.0,0.0,0.0,0.0,1.0,0.0,0.0,0.0,0.0,0.0,0.0,0.0,0.0,0.0,3c16d927,2021,1,48.1
16.0,1327.0,21.1,27.7,6.7,55.9,78.6,35.8,58.8,47.3,0.62,0.03391107761868877,0.006782215523737755,0.9495101733232857,1.7633760361718163,4.204973624717408,0.8816880180859081,4.069329314242653,0.2712886209495102,0.20346646571213264,86.6,58.3,38.8,0.0,,,,,,,,,,,,,,0.0,0.0,1.0,0.0,0.0,0.0,0.0,0.0,0.0,0.0,1.0,0.0,0.0,0.0,3cd7820a,2021,0,
20.0,1713.0,67.8,35.3,10.9,58.6,29.8,45.2,51.3,48.2,0.33,0.5359019264448336,0.047285464098073555,1.3134851138353765,0.9982486865148861,2.9947460595446582,1.4711033274956216,0.893169877408056,4.99124343257443,0.3677758318739054,80.2738219895288,37.8,49.169176882662,1.0,-4.599999999999994,-4.299999999999997,-13.300000000000004,-37.4,26.700000000000003,3.400000000000002,0.11336671517722796,-0.16398214153572926,-1.7498951678547645,0.2482671863052217,-0.16372314447102942,24.269176882662002,861.0,0.0,1.0,0.0,0.0,0.0,0.0,0.0,1.0,0.0,0.0,0.0,0.0,0.0,0.0,3d50bcdb,2021,0,
22.0,1321.0,17.4,5.8,2.7,47.6,68.6,24.7,48.1,36.4,0.67,0.02043906131718395,0.006813020439061318,0.2725208175624527,1.635124905374716,0.6131718395155186,0.34065102195306585,2.8614685844057535,0.2043906131718395,0.13626040878122636,77.9,51.1,38.6,1.0,0.6000000000000014,-2.400000000000002,-5.000000000000001,-5.999999999999999,-3.299999999999997,10.499999999999993,-0.003576949356598573,0.0008090177706156871,-0.6280795827043919,-1.1279889343337144,-0.22611592184342943,-5.199999999999996,-178.0,0.0,0.0,1.0,0.0,0.0,0.0,0.0,0.0,0.0,0.0,1.0,0.0,0.0,0.0,3d688b46,2021,0,
22.0,1945.0,82.4,60.1,64.8,20.1,27.9,51.5,62.6,57.0,0.11,0.2730077120822622,0.07403598971722365,3.146529562982005,2.8688946015424164,8.236503856041132,1.2956298200514138,1.7583547557840618,5.043701799485861,1.1568123393316196,74.8,40.7,56.9,1.0,-7.700000000000003,-8.899999999999991,-3.5,-16.700000000000003,-5.199999999999999,2.6999999999999993,-0.07696828407712325,-0.10311235401777392,-0.180402746187462,0.7185009755802589,-0.8901068386880202,-4.0,-138.0,0.0,0.0,1.0,1.0,0.0,0.0,0.0,0.0,0.0,0.0,0.0,0.0,0.0,0.0,3ea50f67,2021,1,47.6
21.0,1882.0,20.9,50.1,20.1,69.8,76.2,47.6,65.1,56.4,0.76,0.0334750265674814,0.028692879914984058,1.1955366631243358,4.5908607863974495,4.73432518597237,0.4782146652497343,3.108395324123273,0.5738575982996812,0.2869287991498406,89.3,65.0,55.0,0.0,,,,,,,,,,,,,,0.0,0.0,1.0,0.0,0.0,0.0,0.0,0.0,0.0,0.0,1.0,0.0,0.0,0.0,3ee0dd59,2021,1,54.599999999999994
23.0,1755.0,46.5,29.2,5.5,41.9,33.5,33.1,27.4,30.2,0.2,0.3282051282051282,0.05128205128205128,1.0256410256410255,0.7692307692307693,1.9487179487179487,1.7435897435897436,1.2307692307692308,3.7948717948717947,0.5128205128205128,77.7,17.2,51.3,0.0,,,,,,,,,,,,,,0.0,1.0,0.0,0.0,0.0,0.0,0.0,0.0,0.0,0.0,0.0,0.0,1.0,0.0,3ef68782,2021,0,
20.0,1228.0,81.3,53.6,72.5,38.4,18.5,53.2,54.4,53.8,0.22,0.249185667752443,0.10993485342019545,3.4446254071661238,2.0521172638436482,5.423452768729642,2.4185667752442996,2.0521172638436482,4.030944625407166,1.3925081433224755,86.8,16.7,35.9,0.0,,,,,,,,,,,,,,0.0,0.0,1.0,0.0,0.0,0.0,0.0,0.0,1.0,0.0,0.0,0.0,0.0,0.0,407feb71,2021,1,76.2
19.0,1701.0,14.2,39.5,12.2,54.1,53.7,35.3,37.2,36.2,0.13,0.015873015873015872,0.010582010582010583,1.216931216931217,5.185185185185186,2.433862433862434,0.4761904761904762,2.857142857142857,0.3703703703703704,0.3174603174603175,79.7,42.2,49.70000000000001,0.0,,,,,,,,,,,,,,0.0,0.0,1.0,0.0,0.0,0.0,1.0,0.0,0.0,0.0,0.0,0.0,0.0,0.0,4112ace5,2021,0,
22.0,2614.0,69.1,48.3,56.8,21.9,61.4,48.8,51.2,50.0,0.81,0.08607498087222647,0.07230298393267023,1.3771996939556235,2.788829380260138,3.615149196633512,0.7574598316755929,3.6495791889824023,2.1690895179801073,0.6885998469778117,70.0,52.1,76.4,1.0,-1.0,21.499999999999993,-3.1000000000000014,-3.3000000000000043,5.899999999999999,-8.000000000000007,0.05719797552463289,0.03380031013587879,0.31837616454385875,0.43867860839821793,-0.8207962881890598,21.700000000000003,744.0,1.0,0.0,0.0,0.0,1.0,0.0,0.0,0.0,0.0,0.0,0.0,0.0,0.0,0.0,41c12f75,2021,1,65.2
22.0,2177.0,66.2,54.2,64.2,29.9,15.3,47.3,49.9,48.6,0.42,0.14469453376205788,0.11988975654570509,2.521819016995866,3.1005971520440974,5.705098759761139,1.7776757005052823,1.3229214515388148,2.521819016995866,0.8681672025723473,80.2,31.7,63.7,1.0,-3.1999999999999957,-5.200000000000003,-2.5,-16.299999999999997,7.699999999999999,1.9000000000000004,0.00030950702408996666,-0.055122397076074206,-0.5846467097907166,-0.37657357859569185,-0.09337465155337465,-17.89999999999999,120.0,0.0,0.0,1.0,0.0,0.0,0.0,0.0,0.0,1.0,0.0,0.0,0.0,0.0,0.0,42eaa028,2021,1,45.0
21.0,2380.0,92.7,88.5,89.8,37.9,27.9,79.3,81.3,80.3,1.07,0.6579831932773109,0.1815126050420168,4.046218487394958,2.3067226890756305,9.869747899159664,3.327731092436975,0.6050420168067228,10.474789915966387,1.323529411764706,78.60000000000001,46.70000000000001,69.6,1.0,-2.700000000000003,-5.599999999999994,-1.0999999999999943,-3.9000000000000057,0.5,3.0,-0.2699745066565953,-0.3835898404305542,-1.366868095552828,-0.30209611934661496,-0.5485317722594654,7.299999999999997,867.0,0.0,1.0,0.0,0.0,0.0,1.0,0.0,0.0,0.0,0.0,0.0,0.0,0.0,0.0,42fd9c7f,2021,1,79.7
20.0,2369.0,76.9,59.2,71.0,22.3,49.6,55.4,63.9,59.6,0.13,0.2241452089489236,0.13296749683410722,3.001266357112706,3.723089911355002,5.204727733220768,1.6336006753904602,2.7353313634444913,4.065006331785564,1.2157028281975517,76.0,38.0,77.4,1.0,9.600000000000001,-9.5,17.5,23.4,4.600000000000001,3.700000000000003,-0.306330343629777,0.006376739968735473,-0.13336190812507054,1.226161088880513,1.7338065891848746,28.60000000000001,876.0,0.0,0.0,1.0,1.0,0.0,0.0,0.0,0.0,0.0,0.0,0.0,0.0,0.0,0.0,437f2b00,2021,1,59.4
20.0,2044.0,66.3,66.0,45.4,47.4,78.1,64.1,68.2,66.2,0.68,0.06164383561643835,0.01761252446183953,0.8365949119373777,3.6105675146771037,5.591976516634051,0.3522504892367906,3.7426614481409,1.1448140900195694,0.22015655577299412,85.6,69.8,66.8,1.0,7.600000000000001,11.099999999999994,5.700000000000003,-5.300000000000004,-3.5,10.099999999999994,0.025037211560656837,-0.03991217048296001,-0.10471827806843281,1.7221334021657189,0.36826652687931194,10.599999999999987,323.0,1.0,0.0,0.0,0.0,0.0,0.0,0.0,0.0,0.0,0.0,0.0,1.0,0.0,0.0,441197b8,2021,1,54.65
22.0,2858.0,64.2,58.8,76.5,24.7,57.6,56.2,54.8,55.5,0.03,0.10706787963610916,0.129111266620014,2.7081875437368788,4.156752974107768,4.912526242127361,1.1021693491952413,3.4954513645906227,2.834149755073478,1.3540937718684394,74.71698113207547,24.88553459119497,82.36074177746676,1.0,2.0,-4.599999999999994,2.0,-14.0,2.1999999999999993,11.5,0.06878629733070721,-0.0010461132183526567,0.2198846938857515,0.6249890239223426,0.2137499966513663,5.56074177746676,507.0,0.0,0.0,1.0,0.0,0.0,0.0,1.0,0.0,0.0,0.0,0.0,0.0,0.0,0.0,442b56fa,2021,1,52.35
23.0,2675.0,44.2,49.9,38.4,60.7,81.1,53.6,54.1,53.8,0.27,0.09084112149532711,0.06392523364485982,2.085981308411215,4.710280373831776,4.205607476635514,0.40373831775700936,4.575700934579439,0.8411214953271028,1.0766355140186916,84.3,55.1,78.2,1.0,7.599999999999994,8.100000000000001,10.699999999999996,5.0,1.6000000000000014,14.599999999999994,0.031940597935117686,-0.0008653422713705561,0.20116455448451354,1.7612357488868229,0.43999241571659287,-11.200000000000003,-381.0,0.0,0.0,1.0,0.0,0.0,0.0,1.0,0.0,0.0,0.0,0.0,0.0,0.0,0.0,44bfb6c5,2021,1,47.0
21.0,1288.0,51.1,59.2,58.6,18.4,42.1,47.1,50.4,48.8,1.3,0.08385093167701863,0.16770186335403725,3.493788819875776,2.795031055900621,7.127329192546584,3.354037267080745,2.1661490683229814,3.074534161490683,1.886645962732919,75.5,44.39999999999999,37.7,1.0,-6.400000000000006,-25.9,-7.200000000000003,-9.899999999999999,3.599999999999998,6.899999999999999,-0.13128851055405708,-0.053413674494568325,-0.6894781123951401,0.31458018856252057,-0.4320605775655144,-22.099999999999994,-218.0,0.0,0.0,1.0,0.0,0.0,0.0,0.0,0.0,1.0,0.0,0.0,0.0,0.0,0.0,45c1c326,2021,0,
18.0,2210.0,60.6,40.4,57.7,30.3,37.3,44.4,50.5,47.4,0.09,0.10588235294117647,0.09773755656108596,2.443438914027149,2.7285067873303164,4.8054298642533935,1.4660633484162895,1.9954751131221717,2.3619909502262444,0.9773755656108597,76.7,39.7,64.6,0.0,,,,,,,,,,,,,,0.0,0.0,1.0,1.0,0.0,0.0,0.0,0.0,0.0,0.0,0.0,0.0,0.0,0.0,46750e9c,2021,0,
20.0,912.0,30.7,37.5,26.6,13.6,56.6,32.1,35.7,33.9,0.24,0.20723684210526316,0.02960526315789474,1.381578947368421,1.0855263157894737,2.6644736842105265,1.1842105263157896,1.381578947368421,4.342105263157895,0.7894736842105263,67.3,36.7,26.7,1.0,10.7,17.5,7.800000000000001,8.5,1.5999999999999996,-1.0,0.16389815831714116,-0.1437494719945932,-0.3519684041564586,0.6420017740981669,-0.07017191856044613,2.0,289.0,0.0,1.0,0.0,0.0,0.0,0.0,0.0,0.0,0.0,0.0,0.0,0.0,0.0,1.0,469d3d84,2021,0,
21.0,1356.0,18.0,60.1,46.1,34.0,63.5,38.2,45.1,41.7,1.11,0.09955752212389381,0.08628318584070797,2.3230088495575223,1.991150442477876,5.04424778761062,2.6548672566371683,3.650442477876106,3.915929203539823,0.7300884955752213,72.5,35.7,39.6,1.0,-16.9,-48.3,-1.1000000000000014,-25.699999999999996,-5.799999999999997,15.799999999999997,-0.07304521760213357,-0.12330585525518246,-2.238634986058916,-3.3393138562249964,-0.47460298217965824,21.64301369863014,626.0,0.0,1.0,0.0,0.0,0.0,1.0,0.0,0.0,0.0,0.0,0.0,0.0,0.0,0.0,46fa7204,2021,0,
18.0,1245.0,27.4,24.8,14.4,30.3,67.5,28.6,36.1,32.4,0.24,0.22409638554216868,0.05060240963855421,1.1566265060240963,0.8674698795180723,1.9518072289156625,0.7228915662650602,2.2409638554216866,3.4698795180722892,0.6506024096385542,68.9,41.1,36.4,0.0,,,,,,,,,,,,,,0.0,1.0,0.0,0.0,0.0,0.0,0.0,0.0,0.0,0.0,0.0,0.0,0.0,1.0,47c609d5,2021,0,
23.0,2536.0,62.9,30.7,31.8,75.6,83.5,64.8,74.6,69.7,1.08,0.06033123028391167,0.0035488958990536282,0.4613564668769716,2.2358044164037856,2.022870662460568,0.07097791798107256,4.436119873817034,0.638801261829653,0.10646687697160884,92.8,65.1,82.9,1.0,12.700000000000003,26.799999999999997,2.6999999999999993,19.6,1.2999999999999972,19.5,0.03282932042906064,0.00011115716719724928,0.18633736832846132,-0.2460369005646421,0.31067072656421346,-2.6999999999999886,-82.0,1.0,0.0,0.0,0.0,0.0,0.0,0.0,0.0,0.0,0.0,0.0,1.0,0.0,0.0,48035304,2021,1,61.849999999999994
23.0,1157.0,21.5,66.8,36.5,56.1,28.1,46.0,48.5,47.2,0.26,0.007778738115816768,0.07778738115816768,2.0224719101123596,5.133967156439066,6.222990492653413,1.2445980985306828,2.9559204840103717,0.7778738115816767,1.3223854796888503,94.40000000000002,16.7,33.8,1.0,-11.0,-41.3,-7.400000000000006,-17.799999999999997,5.700000000000003,5.900000000000002,-0.0912060334577873,-0.05165424320731456,-0.10950778531911265,-2.9902074768897338,1.022292029535513,-0.8000000000000043,-25.0,0.0,0.0,1.0,0.0,0.0,0.0,1.0,0.0,0.0,0.0,0.0,0.0,0.0,0.0,48b3dd60,2021,1,58.3
22.0,2272.0,64.5,33.5,45.7,53.4,68.7,55.3,60.8,58.0,1.3,0.06338028169014084,0.027728873239436617,0.5149647887323944,2.1390845070422535,2.693661971830986,0.23767605633802819,3.4463028169014085,0.5149647887323944,0.23767605633802819,77.2,60.0,66.4,0.0,,,,,,,,,,,,,,1.0,0.0,0.0,0.0,0.0,0.0,0.0,0.0,0.0,0.0,0.0,1.0,0.0,0.0,49136c42,2021,1,45.6
23.0,961.0,40.1,22.6,10.0,36.6,63.5,32.6,35.8,34.2,0.53,0.3839750260145681,0.046826222684703434,1.2174817898022894,0.8428720083246619,1.7793964620187306,0.5619146722164412,1.0301768990634756,3.9334027055150886,0.37460978147762747,61.7,42.3,28.1,0.0,,,,,,,,,,,,,,0.0,1.0,0.0,0.0,0.0,0.0,0.0,1.0,0.0,0.0,0.0,0.0,0.0,0.0,4a987ffa,2021,0,
23.0,2725.0,72.0,82.0,80.2,27.7,19.8,60.0,66.3,63.2,0.51,0.15192660550458714,0.15853211009174312,3.7321100917431194,5.218348623853211,7.332110091743119,2.708256880733945,1.420183486238532,3.1376146788990824,1.8825688073394495,81.0,28.8,79.7,1.0,-1.5999999999999943,6.900000000000006,1.7999999999999972,5.299999999999997,-2.1999999999999993,-31.099999999999998,-0.02476750469173966,0.010337049927081926,0.36922218800657713,-0.4766296169332582,0.48750631859671945,17.0,1146.0,0.0,0.0,1.0,0.0,0.0,0.0,0.0,0.0,1.0,0.0,0.0,0.0,0.0,0.0,4b96c347,2021,1,63.7
23.0,2512.0,50.3,55.1,64.2,45.3,36.0,52.1,50.9,51.5,0.46,0.36186305732484075,0.1397292993630573,2.8304140127388533,1.4689490445859872,3.1886942675159236,0.8598726114649682,1.2898089171974523,6.126592356687898,1.1106687898089171,77.4,27.7,73.5,1.0,1.7000000000000028,-2.1000000000000014,-1.3999999999999986,20.800000000000004,-5.700000000000003,-1.5,-0.02208488193763214,0.0713995813587189,0.5202187849731268,-0.6182471641543583,-0.28810084695414284,-7.400000000000006,-254.0,0.0,1.0,0.0,0.0,0.0,0.0,0.0,1.0,0.0,0.0,0.0,0.0,0.0,0.0,4bcf39f6,2021,1,56.4
23.0,1038.0,60.6,62.6,64.6,40.9,66.1,58.7,60.3,59.5,0.61,0.04335260115606936,0.06069364161849711,1.907514450867052,3.815028901734104,5.46242774566474,1.0404624277456647,4.161849710982659,0.953757225433526,0.6936416184971098,82.7,63.9,30.4,1.0,3.700000000000003,9.600000000000001,10.800000000000004,-6.6000000000000085,7.199999999999996,0.0,0.0067300172293145305,0.03322670367343099,0.4426110937968588,1.5254999735385955,-0.39656824984270145,-8.600000000000001,55.0,1.0,0.0,0.0,0.0,1.0,0.0,0.0,0.0,0.0,0.0,0.0,0.0,0.0,0.0,4bf69118,2021,0,
23.0,2689.0,29.7,24.0,24.4,40.4,46.2,30.2,29.1,29.6,0.16,0.22089996281145408,0.03012272220156192,1.6065451840833025,1.4726664187430272,1.6400148754183712,0.4016362960208256,0.4351059873558944,2.677575306805504,0.4016362960208256,67.5,52.1,78.6,1.0,-0.5999999999999979,-12.400000000000002,5.5,8.799999999999999,1.6000000000000014,-2.299999999999997,-0.005884918196478767,-0.07906999828373906,0.22063757792371308,0.044121268325510554,0.21275041314340037,15.899999999999991,546.0,0.0,1.0,0.0,0.0,0.0,0.0,0.0,0.0,0.0,0.0,0.0,0.0,1.0,0.0,4c2e9442,2021,1,19.3
22.0,1070.0,21.7,10.8,2.5,64.4,57.2,28.5,47.5,38.0,0.28,0.03364485981308411,0.008411214953271028,0.4205607476635514,1.1775700934579438,0.8411214953271028,0.2523364485981308,3.8691588785046727,0.4205607476635514,0.16822429906542055,84.0,29.4,31.3,1.0,-9.200000000000003,-17.500000000000004,-4.799999999999999,-26.6,1.500000000000007,5.400000000000006,0.01096054979418052,-0.01994417257035846,-0.3166793279508154,-0.6333586559016308,-0.4670423829125665,-31.7,-517.0,0.0,0.0,1.0,0.0,0.0,0.0,0.0,0.0,0.0,0.0,1.0,0.0,0.0,0.0,4c4ffacc,2021,0,
23.0,2175.0,22.0,47.3,33.9,60.1,74.8,47.5,62.3,54.9,0.76,0.020689655172413793,0.0496551724137931,1.6551724137931034,4.7172413793103445,4.593103448275862,0.7448275862068965,5.048275862068965,0.9103448275862068,0.7862068965517242,88.5,50.0,71.1,1.0,0.5,-23.1,-1.4000000000000057,-24.800000000000004,11.899999999999999,10.899999999999999,-0.06693921080696766,-0.08952008531816569,-0.6644152150728762,0.005474582296479902,0.851261997867045,13.999999999999993,429.0,0.0,0.0,1.0,0.0,0.0,0.0,0.0,0.0,0.0,0.0,1.0,0.0,0.0,0.0,4c6facae,2021,1,45.55
21.0,2975.0,64.7,82.3,46.6,60.6,51.2,60.0,57.0,58.5,0.59,0.06050420168067227,0.02722689075630252,0.8470588235294118,4.265546218487395,5.4453781512605035,0.9680672268907563,2.2084033613445375,1.6336134453781512,0.24201680672268908,90.7,63.8,87.0,1.0,3.0,-3.200000000000003,25.099999999999994,14.8,11.399999999999999,-8.799999999999997,-0.0252472058550575,-0.011751021759938276,0.30136804830204056,2.444078887509962,1.537092342350539,19.5,666.0,1.0,0.0,0.0,0.0,0.0,0.0,0.0,0.0,0.0,0.0,0.0,1.0,0.0,0.0,4d1666ff,2021,1,59.0
22.0,1043.0,46.6,64.1,35.8,45.7,32.4,46.4,43.6,45.0,0.09,0.32790028763183127,0.06903163950143816,1.6395014381591564,2.9338446788111217,1.8983700862895494,1.725790987535954,0.4314477468839885,5.436241610738255,0.6040268456375839,78.80344827586207,39.57155172413793,25.65714285714285,0.0,,,,,,,,,,,,,,0.0,1.0,0.0,0.0,0.0,0.0,0.0,0.0,0.0,0.0,0.0,0.0,0.0,1.0,4d8cd038,2021,0,
20.0,3063.0,50.3,55.1,34.8,52.0,89.4,54.9,70.2,62.6,1.68,0.12047012732615082,0.055827619980411365,1.58667972575906,4.7600391772771795,4.436826640548482,0.9696376101860921,6.052889324191969,1.6748285994123409,0.4995102840352596,83.8,69.2,89.6,1.0,13.0,14.799999999999997,3.8000000000000043,19.4,-1.7999999999999972,26.400000000000006,0.051533957113384876,0.009870173171900726,0.1313605768228896,0.2240606831016736,-0.6782586950632465,47.89021276595744,1888.0,0.0,0.0,1.0,0.0,0.0,0.0,0.0,0.0,0.0,0.0,1.0,0.0,0.0,0.0,4f255115,2021,1,58.6
19.0,1179.0,60.5,79.0,67.6,47.5,53.3,63.8,67.6,65.7,0.22,0.1297709923664122,0.11450381679389313,2.8244274809160306,5.038167938931298,10.0,1.1450381679389314,2.900763358778626,2.290076335877863,0.9923664122137404,91.2,36.4,34.5,0.0,,,,,,,,,,,,,,0.0,0.0,1.0,0.0,0.0,0.0,0.0,0.0,1.0,0.0,0.0,0.0,0.0,0.0,4fb9c88f,2021,1,60.3
23.0,1218.0,68.5,27.9,43.1,17.5,42.7,47.6,42.5,45.0,0.63,0.5985221674876847,0.10344827586206896,2.0689655172413794,0.6650246305418719,1.7733990147783252,1.1822660098522169,0.5911330049261084,4.655172413793103,1.1083743842364533,70.10441176470589,43.30735294117648,27.86428571428571,1.0,5.600000000000001,12.600000000000001,-3.8000000000000007,30.0,4.300000000000001,-2.0999999999999943,0.15407772304324024,0.0008841732979664035,0.7869142351900973,-0.10694286556355537,0.06673403225127361,-6.535714285714288,165.0,0.0,1.0,0.0,0.0,0.0,0.0,0.0,0.0,0.0,0.0,0.0,0.0,1.0,0.0,50e6dc35,2021,1,46.2
23.0,2436.0,41.8,61.8,68.8,56.8,62.0,54.7,58.5,56.6,0.31,0.16995073891625614,0.1330049261083744,2.955665024630542,1.8472906403940887,3.583743842364532,0.9605911330049262,1.9211822660098523,5.320197044334975,1.5147783251231528,80.4,42.5,71.2,1.0,9.0,-20.5,12.899999999999999,25.4,20.299999999999997,23.700000000000003,0.04975040502643978,0.005292071350444516,1.0775348076021614,-1.825271182677204,-1.383093332894726,23.700000000000003,1238.0,0.0,1.0,0.0,0.0,0.0,0.0,0.0,0.0,0.0,0.0,0.0,0.0,1.0,0.0,5148dcc5,2021,1,60.35
23.0,1456.0,63.5,54.8,38.8,63.9,63.4,59.4,62.2,60.8,2.59,0.061813186813186816,0.03708791208791209,0.679945054945055,3.708791208791209,2.90521978021978,0.061813186813186816,2.90521978021978,1.2362637362637363,0.3708791208791209,87.2,72.5,42.6,0.0,,,,,,,,,,,,,,1.0,0.0,0.0,0.0,0.0,0.0,0.0,0.0,0.0,0.0,0.0,1.0,0.0,0.0,515ebe8d,2021,0,
23.0,1478.0,60.3,74.4,72.2,63.8,47.5,60.1,64.9,62.5,0.18,0.04262516914749662,0.054803788903924226,1.8267929634641409,5.663058186738837,7.7943166441136675,0.30446549391069017,2.4966170500676594,0.6089309878213803,0.7916102841677944,90.2,63.20000000000001,43.2,1.0,-1.1000000000000014,1.1999999999999957,-5.099999999999994,-17.5,12.599999999999994,3.0,0.007358711467245829,-0.050995584136828136,-0.35972741271140785,0.458893446621504,-2.800891656521351,5.900000000000006,202.0,1.0,0.0,0.0,0.0,0.0,0.0,0.0,0.0,0.0,1.0,0.0,0.0,0.0,0.0,51cf8561,2021,1,62.8
23.0,1616.0,49.1,45.4,36.4,57.5,39.3,45.3,47.1,46.2,0.25,0.04455445544554456,0.038985148514851485,0.38985148514851486,2.6732673267326734,3.23019801980198,0.22277227722772278,2.506188118811881,0.6683168316831684,0.1670792079207921,93.1,58.20000000000001,47.29999999999999,0.0,,,,,,,,,,,,,,1.0,0.0,0.0,0.0,0.0,0.0,0.0,0.0,0.0,1.0,0.0,0.0,0.0,0.0,51dbeea9,2021,1,48.85
22.0,2682.0,51.3,34.6,42.6,51.7,72.1,55.5,62.0,58.8,1.1,0.040268456375838924,0.016778523489932886,0.5704697986577181,2.61744966442953,1.5771812080536913,0.2348993288590604,3.4228187919463084,0.7382550335570469,0.2348993288590604,83.7,52.6,87.6,0.0,,,,,,,,,,,,,,1.0,0.0,0.0,0.0,0.0,0.0,0.0,0.0,0.0,0.0,0.0,1.0,0.0,0.0,526ea7cc,2021,0,
22.0,1505.0,40.8,63.5,59.7,33.7,48.9,48.7,52.9,50.8,0.99,0.01196013289036545,0.07774086378737542,0.9568106312292359,3.887043189368771,4.0066445182724255,1.3156146179401993,5.740863787375416,0.8372093023255814,0.29900332225913623,79.6,40.0,44.0,1.0,0.0,-17.400000000000006,-3.299999999999997,-15.0,7.100000000000001,11.199999999999996,-0.04589700996677741,0.052026578073089705,-0.6503322259136213,0.4066445182724254,-0.22724252491694363,-11.600000000000001,105.0,1.0,0.0,0.0,0.0,1.0,0.0,0.0,0.0,0.0,0.0,0.0,0.0,0.0,0.0,5314e067,2021,0,
23.0,2970.0,55.1,68.2,29.1,50.7,38.2,47.2,52.4,49.8,0.66,0.045454545454545456,0.024242424242424242,0.45454545454545453,4.181818181818182,5.090909090909091,0.8787878787878788,1.4242424242424243,0.5757575757575758,0.15151515151515152,89.2,60.6,86.8,1.0,-3.4000000000000057,-0.8999999999999986,17.0,-3.5,-14.700000000000003,-12.199999999999996,-0.006043266729904219,-0.045431086360066486,-0.06043266729904223,1.2134267617269976,1.394877757718552,-0.10000000000000853,-1.0,1.0,0.0,0.0,0.0,0.0,0.0,0.0,0.0,0.0,1.0,0.0,0.0,0.0,0.0,532e1e4f,2021,1,49.35
21.0,1187.0,57.3,52.8,45.0,41.2,41.8,47.9,48.8,48.3,0.64,0.12131423757371526,0.09856781802864364,2.350463352990733,2.350463352990733,5.307497893850043,1.819713563605729,2.8053917438921654,2.047177759056445,0.9856781802864364,84.5,39.0,34.7,0.0,,,,,,,,,,,,,,0.0,0.0,1.0,0.0,0.0,0.0,0.0,0.0,1.0,0.0,0.0,0.0,0.0,0.0,53f6306f,2021,0,
23.0,1640.0,30.6,33.8,45.1,23.5,52.0,39.5,38.4,39.0,0.8,0.016463414634146342,0.021951219512195124,0.49390243902439024,1.9207317073170733,2.304878048780488,0.9878048780487805,3.8963414634146343,0.6036585365853658,0.16463414634146342,77.2,53.1,53.6,0.0,,,,,,,,,,,,,,1.0,0.0,0.0,0.0,1.0,0.0,0.0,0.0,0.0,0.0,0.0,0.0,0.0,0.0,543ddcaf,2021,0,
21.0,2237.0,68.2,46.2,43.2,48.1,48.2,48.3,48.3,48.3,0.17,0.06437192668752795,0.028162717925793473,1.0460438086723292,2.494412159141708,3.0576665176575775,1.206973625391149,4.546267322306661,0.8851139919535093,0.28162717925793473,86.1,53.3,65.4,0.0,,,,,,,,,,,,,,1.0,0.0,0.0,0.0,1.0,0.0,0.0,0.0,0.0,0.0,0.0,0.0,0.0,0.0,5515376c,2021,1,46.4
23.0,1890.0,65.2,62.9,81.3,38.8,13.4,54.7,64.2,59.4,0.06,0.10476190476190476,0.14761904761904762,3.380952380952381,4.666666666666667,6.380952380952381,0.8571428571428571,1.8095238095238095,1.5714285714285714,1.7619047619047619,82.8,19.4,61.8,1.0,1.6999999999999957,1.4000000000000057,-6.600000000000001,-4.0,3.3999999999999986,-8.700000000000001,-0.0018616816678206083,-0.15771213170243867,-0.9324563427955996,-0.11339333794907258,0.01400107700592379,1.0999999999999943,33.0,0.0,0.0,1.0,1.0,0.0,0.0,0.0,0.0,0.0,0.0,0.0,0.0,0.0,0.0,555d5edd,2021,1,62.4
23.0,1604.0,32.6,28.5,51.9,15.0,63.3,41.6,39.7,40.7,0.51,0.011221945137157107,0.011221945137157107,0.8977556109725685,2.7493765586034913,2.0199501246882794,0.7294264339152119,3.7032418952618453,0.16832917705735662,0.33665835411471323,68.1,55.4,52.39999999999999,0.0,,,,,,,,,,,,,,1.0,0.0,0.0,0.0,1.0,0.0,0.0,0.0,0.0,0.0,0.0,0.0,0.0,0.0,5569bf9a,2021,0,
21.0,1229.0,66.2,20.3,30.1,41.0,53.0,38.2,40.7,39.4,0.09,0.23433685923515055,0.021969080553295363,1.5378356387306753,1.6842961757526445,1.9772172497965828,0.2929210740439382,3.2953620829943047,2.3433685923515055,0.5126118795768918,77.8,51.3,35.9,0.0,,,,,,,,,,,,,,0.0,0.0,1.0,1.0,0.0,0.0,0.0,0.0,0.0,0.0,0.0,0.0,0.0,0.0,55a1cac2,2021,0,
23.0,1964.0,61.6,13.8,17.7,45.0,77.9,50.0,61.5,55.8,3.49,0.09164969450101833,0.009164969450101833,0.27494908350305497,0.9164969450101833,0.7790224032586558,0.18329938900203666,5.407331975560082,0.8706720977596741,0.13747454175152748,85.4,74.0,57.4,0.0,,,,,,,,,,,,,,1.0,0.0,0.0,0.0,0.0,0.0,0.0,0.0,0.0,0.0,0.0,1.0,0.0,0.0,562a4799,2021,1,58.4
23.0,3357.0,48.5,61.0,70.8,44.1,58.2,57.3,58.2,57.8,0.24,0.07506702412868632,0.08310991957104559,2.9222520107238608,5.522788203753351,4.50402144772118,1.0723860589812333,3.029490616621984,1.1528150134048258,1.28686327077748,78.6,51.4,98.2,1.0,1.3999999999999986,-9.200000000000003,1.2000000000000028,0.7999999999999972,0.3999999999999986,11.300000000000004,-0.010859425659149616,-0.060100830075347625,-0.10108603736666266,-0.2696702071585939,0.23990277235306845,15.5,529.0,0.0,0.0,1.0,0.0,0.0,0.0,1.0,0.0,0.0,0.0,0.0,0.0,0.0,0.0,56f7a928,2021,1,57.65
20.0,1789.0,77.8,64.0,69.5,22.2,40.2,55.2,64.4,59.8,0.05,0.2062604807154835,0.17607602012297374,3.4712129681386252,3.3202906651760764,5.936277249860257,2.2638345444382337,2.7669088876467303,3.4712129681386252,1.6601453325880382,76.3,38.9,52.3,1.0,-3.6000000000000014,1.0,-4.799999999999997,-11.400000000000006,-7.800000000000001,14.900000000000002,-0.09182869125903884,0.06715882267074444,-0.31222652230723513,-1.2293278456811443,-0.5777985067984464,6.399999999999999,219.0,0.0,0.0,1.0,1.0,0.0,0.0,0.0,0.0,0.0,0.0,0.0,0.0,0.0,0.0,570bb4b9,2021,0,
20.0,1042.0,45.7,48.6,38.4,36.8,31.4,41.2,42.8,42.0,0.35,0.0690978886756238,0.04318618042226487,1.5547024952015356,3.0230326295585415,4.750479846449136,1.2092130518234165,2.850287907869482,1.8138195777351247,0.690978886756238,85.87241379310345,25.0,29.39385796545105,0.0,,,,,,,,,,,,,,0.0,0.0,1.0,0.0,0.0,0.0,0.0,0.0,1.0,0.0,0.0,0.0,0.0,0.0,5722eced,2021,0,
23.0,1037.0,28.9,34.7,35.8,45.0,69.8,51.1,58.2,54.6,1.75,0.008678881388621022,0.008678881388621022,0.781099324975892,2.5168756027000962,1.9093539054966249,0.6075216972034716,3.5583413693346193,0.4339440694310511,0.17357762777242045,87.2,52.5,33.9,0.0,,,,,,,,,,,,,,1.0,0.0,0.0,0.0,0.0,0.0,0.0,0.0,0.0,0.0,0.0,1.0,0.0,0.0,5762be5c,2021,1,54.8
22.0,1589.0,45.8,26.9,31.7,30.5,43.9,37.5,40.1,38.8,0.38,0.24354940213971052,0.1302706104468219,1.8691000629326622,0.9062303335431089,2.7186910006293266,0.3398363750786658,0.45311516677155445,4.361233480176211,0.736312146003776,62.29999999999999,51.8,46.5,0.0,,,,,,,,,,,,,,0.0,1.0,0.0,0.0,0.0,0.0,0.0,1.0,0.0,0.0,0.0,0.0,0.0,0.0,57be54ec,2021,0,
17.0,1697.0,65.0,64.0,58.9,40.2,72.9,59.7,62.3,61.0,0.26,0.13258691809074838,0.16971125515615795,2.1744254566882737,4.030642309958751,4.826163818503241,1.64407778432528,3.9776075427224518,3.606364172068356,0.7424867413081909,83.2,52.8,55.5,0.0,,,,,,,,,,,,,,0.0,0.0,1.0,0.0,0.0,0.0,0.0,0.0,0.0,0.0,1.0,0.0,0.0,0.0,57d88cf9,2021,1,73.2
22.0,905.0,48.1,58.8,76.7,26.0,59.9,52.3,57.5,54.9,1.03,0.01988950276243094,0.10939226519337018,2.685082872928177,3.0828729281767955,4.574585635359116,1.292817679558011,2.685082872928177,2.585635359116022,1.3922651933701657,75.7,68.8,29.6,0.0,,,,,,,,,,,,,,1.0,0.0,0.0,0.0,1.0,0.0,0.0,0.0,0.0,0.0,0.0,0.0,0.0,0.0,58a2e9f6,2021,0,
22.0,995.0,37.2,47.3,38.4,26.2,63.6,41.0,43.8,42.4,0.82,0.28944723618090457,0.10854271356783919,1.5376884422110553,1.1758793969849246,1.7185929648241207,1.35678391959799,1.8090452261306533,5.698492462311558,0.9045226130653267,75.2,48.50000000000001,29.1,1.0,-13.200000000000003,-9.0,-14.800000000000004,-35.4,0.1999999999999993,0.8999999999999986,0.0748090782861677,0.019726924094154982,-1.4968510314731553,-1.9820649299127213,-0.8224758661729701,6.755592105263158,-221.0,0.0,1.0,0.0,0.0,0.0,0.0,0.0,0.0,0.0,0.0,0.0,0.0,0.0,1.0,58e933d2,2021,1,43.3
18.0,1822.0,81.8,54.7,48.6,41.8,6.7,47.8,57.3,52.6,0.66,0.296377607025247,0.10867178924259058,2.469813391877058,2.074643249176729,6.6684961580680575,1.8770581778265643,1.3830954994511526,5.581778265642152,0.7409440175631175,83.1,29.2,53.3,1.0,1.7000000000000028,7.5,8.600000000000001,-2.3999999999999986,-2.4000000000000057,-14.600000000000001,0.09865033429797429,0.04048997106077239,0.015267937331603587,1.0094052489771483,0.233734158267638,14.699999999999996,502.0,0.0,0.0,1.0,1.0,0.0,0.0,0.0,0.0,0.0,0.0,0.0,0.0,0.0,0.0,58eee997,2021,1,52.9
23.0,1305.0,38.8,40.1,54.1,30.6,51.2,42.5,42.8,42.6,0.22,0.041379310344827586,0.10344827586206896,2.689655172413793,3.6551724137931036,3.7241379310344827,0.8275862068965517,2.206896551724138,2.4827586206896552,1.3793103448275863,79.6,54.8,38.2,0.0,,,,,,,,,,,,,,0.0,0.0,1.0,0.0,0.0,0.0,1.0,0.0,0.0,0.0,0.0,0.0,0.0,0.0,5944af8f,2021,0,
19.0,1909.0,80.4,68.2,71.4,47.0,22.3,45.5,57.9,51.7,1.26,0.08014667365112624,0.09900471451021477,1.7915138816134102,2.828706128863279,7.826086956521738,1.5557883708748035,2.2629649030906234,4.101623886851755,1.037192247249869,89.4,31.3,55.8,0.0,,,,,,,,,,,,,,1.0,0.0,0.0,0.0,1.0,0.0,0.0,0.0,0.0,0.0,0.0,0.0,0.0,0.0,5976f83e,2021,0,
23.0,2871.0,66.4,31.7,23.6,26.8,55.7,45.9,52.0,49.0,0.24,0.5109717868338558,0.06269592476489029,1.567398119122257,1.1285266457680252,1.974921630094044,0.6269592476489029,0.6896551724137931,4.890282131661443,0.5329153605015674,71.6,49.3,83.9,1.0,2.799999999999997,4.400000000000006,-4.699999999999999,5.400000000000002,5.800000000000001,0.8000000000000043,-0.01339988110216861,0.01128693771233888,-0.35187073083966225,0.19274341227226177,-0.20810701759831152,7.1000000000000085,245.0,0.0,1.0,0.0,0.0,0.0,0.0,0.0,0.0,0.0,0.0,0.0,0.0,0.0,1.0,59e6e5bf,2021,1,45.4
23.0,2441.0,15.1,52.2,18.0,55.0,50.2,40.1,48.4,44.2,0.12,0.01474805407619828,0.022122081114297417,1.2535845964768537,4.092585006145022,3.981974600573535,1.5116755428103235,2.9864809504301513,0.44244162228594835,0.40557148709545265,88.8,30.8,71.4,1.0,-7.199999999999996,-12.9,-13.399999999999991,-26.9,8.600000000000001,0.5,-0.02533416586213677,-0.0518758633872442,-1.058851169196322,-2.770337835192139,-0.25479423332054907,-14.0,-478.0,0.0,0.0,1.0,0.0,0.0,0.0,0.0,0.0,0.0,0.0,1.0,0.0,0.0,0.0,5a2cb25d,2021,1,47.4
20.0,962.0,61.7,70.6,52.8,51.1,69.0,62.9,64.1,63.5,0.45,0.056133056133056136,0.09355509355509356,0.654885654885655,4.584199584199585,5.987525987525988,0.5613305613305614,3.7422037422037424,0.5613305613305614,0.4677754677754678,83.0,70.0,28.1,0.0,,,,,,,,,,,,,,1.0,0.0,0.0,0.0,0.0,0.0,0.0,0.0,0.0,0.0,0.0,1.0,0.0,0.0,5b146df3,2021,1,51.1
23.0,1959.0,60.1,40.0,37.4,66.3,60.2,55.4,52.7,54.0,0.53,0.059724349157733544,0.027565084226646247,0.45941807044410415,2.572741194486983,3.30781010719755,0.3215926493108729,2.4808575803981623,0.5513016845329249,0.27565084226646247,88.8,63.400000000000006,57.3,1.0,3.5,48.3,0.20000000000000284,34.8,-3.200000000000003,-14.899999999999991,0.046087985521369904,0.01733781149937352,0.016236252262285977,0.30781010719754986,-1.0749860782402898,-19.900000000000006,-681.0,1.0,0.0,0.0,0.0,0.0,0.0,0.0,0.0,0.0,1.0,0.0,0.0,0.0,0.0,5c7845f6,2021,1,53.4
20.0,1710.0,49.8,38.7,44.2,23.8,53.7,42.1,41.9,42.0,1.02,0.042105263157894736,0.010526315789473684,0.47368421052631576,2.8947368421052633,1.631578947368421,0.7894736842105263,5.2105263157894735,0.5263157894736842,0.15789473684210525,70.2,55.2,50.0,0.0,,,,,,,,,,,,,,1.0,0.0,0.0,0.0,1.0,0.0,0.0,0.0,0.0,0.0,0.0,0.0,0.0,0.0,5cbd1eb0,2021,1,47.9
23.0,2091.0,45.5,67.2,52.6,44.1,47.6,53.5,56.7,55.1,0.91,0.06886657101865136,0.07747489239598278,2.4533715925394546,4.347202295552367,6.585365853658536,3.012912482065997,3.4002869440459107,1.6786226685796268,0.6886657101865136,85.3,42.4,61.1,1.0,-4.0,5.299999999999997,-8.599999999999994,3.5,-5.0,-10.799999999999997,0.033187681028562156,0.015036834913326684,-0.04415070676678923,-1.7991732940124257,-1.0046312029610132,31.6,1082.0,0.0,0.0,1.0,0.0,0.0,0.0,0.0,0.0,1.0,0.0,0.0,0.0,0.0,0.0,5cdddffa,2021,0,
18.0,1951.0,69.2,64.6,77.7,27.4,31.7,43.7,56.2,50.0,0.91,0.05074320861096874,0.12455151204510509,1.6606868272680677,3.690415171706817,6.596617119425936,0.6919528446950282,2.629420809841107,2.075858534085085,0.876473603280369,84.0,42.9,57.0,0.0,,,,,,,,,,,,,,1.0,0.0,0.0,0.0,1.0,0.0,0.0,0.0,0.0,0.0,0.0,0.0,0.0,0.0,5d0e0a1f,2021,1,60.650000000000006
23.0,1964.0,65.8,61.8,84.9,25.1,38.8,45.9,57.9,51.9,1.11,0.03207739307535641,0.12372708757637475,2.0621181262729125,3.116089613034623,5.315682281059063,1.1914460285132382,2.841140529531568,1.2372708757637474,0.7790224032586558,69.6,55.60000000000001,57.4,0.0,,,,,,,,,,,,,,1.0,0.0,0.0,0.0,1.0,0.0,0.0,0.0,0.0,0.0,0.0,0.0,0.0,0.0,5db04597,2021,1,44.150000000000006
22.0,2029.0,47.6,50.9,40.4,30.7,42.0,44.6,44.6,44.6,0.28,0.34154756037456874,0.0487925086249384,2.040413997042878,1.3750616067028092,3.1493346476096598,0.4879250862493839,0.7984228684080829,5.500246426811237,0.9314933464760966,68.8,42.1,59.3,1.0,-13.5,-15.5,-13.100000000000001,-14.0,10.099999999999998,-19.9,0.0001682500297411349,-0.09396611206471678,-0.007861865026087322,-0.947217076528271,-0.9214901174351218,1.7999999999999972,579.0,0.0,1.0,0.0,0.0,0.0,0.0,0.0,1.0,0.0,0.0,0.0,0.0,0.0,0.0,5e080f73,2021,0,
21.0,1818.0,40.1,65.3,39.2,44.9,50.9,50.1,50.3,50.2,0.31,0.04950495049504951,0.07920792079207921,1.8811881188118813,5.247524752475248,5.792079207920792,0.7920792079207921,2.4257425742574257,1.7326732673267327,0.7425742574257426,84.7,46.3,59.4,1.0,-3.799999999999997,12.600000000000001,-5.700000000000003,6.800000000000004,-18.0,-5.800000000000004,0.008315019144935085,0.022571765185671874,0.13061603643201858,-2.548881890477378,-1.1884020209801305,8.299999999999997,70.0,0.0,0.0,1.0,0.0,0.0,0.0,1.0,0.0,0.0,0.0,0.0,0.0,0.0,0.0,5ea8ef20,2021,1,51.75
22.0,2276.0,72.0,26.8,33.8,57.2,59.8,50.6,55.7,53.2,0.16,0.08699472759226715,0.035588752196836555,0.5140597539543058,2.1748681898066784,1.818980667838313,0.39543057996485065,3.875219683655536,0.672231985940246,0.23725834797891038,90.6,61.8,66.5,1.0,-5.099999999999994,37.2,-6.199999999999999,21.199999999999996,2.700000000000003,-15.299999999999997,0.05972200031953988,0.035588752196836555,0.42315066304521487,-0.5446556957980508,-0.18876817382968536,27.200000000000003,1286.0,1.0,0.0,0.0,0.0,0.0,0.0,0.0,0.0,0.0,0.0,0.0,1.0,0.0,0.0,5f26e0c5,2021,0,
20.0,1386.0,25.4,22.4,32.8,37.3,71.1,46.8,55.7,51.2,1.04,0.006493506493506494,0.012987012987012988,0.5844155844155844,1.8181818181818181,2.142857142857143,0.19480519480519481,2.987012987012987,0.3246753246753247,0.3246753246753247,81.2,62.9,40.5,0.0,,,,,,,,,,,,,,1.0,0.0,0.0,0.0,0.0,0.0,0.0,0.0,0.0,0.0,0.0,1.0,0.0,0.0,5fa57166,2021,1,45.8
23.0,2935.0,74.5,38.2,31.4,56.4,69.9,56.6,62.7,59.6,1.08,0.09812606473594548,0.012265758091993186,0.5826235093696762,2.115843270868824,2.115843270868824,0.18398637137989776,4.691652470187393,1.1959114139693354,0.21465076660988072,84.4,60.5,85.8,1.0,-1.6000000000000014,8.200000000000003,7.800000000000004,5.0,6.299999999999997,-10.0,0.030725183678676757,-0.003593272745011221,0.02755743007452205,0.014521684965740356,0.13346441624327343,19.39999999999999,665.0,1.0,0.0,0.0,0.0,0.0,0.0,0.0,0.0,0.0,0.0,0.0,1.0,0.0,0.0,5fd5ed86,2021,1,61.9
23.0,921.0,30.7,15.4,32.2,62.1,51.3,43.9,49.4,46.6,0.56,0.01954397394136808,0.00977198697068404,0.488599348534202,1.954397394136808,1.5635179153094463,0.19543973941368079,3.1270358306188926,0.2931596091205212,0.2931596091205212,82.9,50.0,26.9,0.0,,,,,,,,,,,,,,1.0,0.0,0.0,0.0,0.0,0.0,0.0,0.0,0.0,0.0,0.0,1.0,0.0,0.0,60359288,2021,1,46.9
21.0,1246.0,43.1,72.4,27.5,33.8,76.6,58.5,55.7,57.1,0.3,0.05056179775280898,0.014446227929373997,0.3611556982343499,5.417335473515249,4.478330658105939,0.28892455858747995,4.044943820224719,1.1556982343499198,0.21669341894060995,86.79999999999998,71.1,36.4,1.0,-3.8999999999999986,-5.199999999999996,-3.5999999999999943,-25.5,-24.6,22.099999999999994,0.02228214339302893,-0.03504316720024109,-0.6286322043579518,-0.8241045343528199,0.044201145157039434,-14.100000000000001,-27.0,1.0,0.0,0.0,0.0,0.0,0.0,0.0,0.0,0.0,1.0,0.0,0.0,0.0,0.0,61590953,2021,0,
22.0,2787.0,78.3,59.2,52.4,27.2,40.7,51.5,53.1,52.3,0.72,0.26157158234660927,0.11625403659849301,2.4219590958019377,2.9386437029063512,5.8127018299246505,2.8417653390742736,2.8417653390742736,3.3584499461786868,0.9364908503767493,79.5,23.1,81.5,1.0,4.399999999999999,13.599999999999994,5.5,-1.1000000000000014,-1.3000000000000007,8.600000000000001,0.06644963112709706,0.03820525611068813,-0.407309196880989,0.9834335372417238,-0.3296489800204778,8.299999999999997,942.0,0.0,0.0,1.0,0.0,0.0,0.0,0.0,0.0,1.0,0.0,0.0,0.0,0.0,0.0,6191093d,2021,1,53.5
22.0,2305.0,41.5,67.9,59.3,48.6,37.5,48.7,54.1,51.4,0.89,0.019522776572668113,0.039045553145336226,1.3665943600867678,4.685466377440347,3.631236442516269,1.6399132321041214,3.279826464208243,0.8199566160520607,0.5856832971800434,83.6,53.2,67.4,0.0,,,,,,,,,,,,,,1.0,0.0,0.0,0.0,1.0,0.0,0.0,0.0,0.0,0.0,0.0,0.0,0.0,0.0,64ba07c0,2021,0,
23.0,1574.0,66.2,46.1,67.8,54.5,9.2,55.7,57.6,56.6,0.16,0.38881829733163914,0.08576874205844982,2.9161372299872936,1.2007623888182974,2.5730622617534946,0.8576874205844982,0.5146124523506989,5.203303684879289,1.2579415501905973,79.75542857142857,20.148571428571422,44.74682337992376,1.0,5.200000000000003,14.5,-3.0,11.199999999999996,-3.3999999999999986,-17.8,-0.03594805780854776,-0.027782659810709057,0.3507166692396302,-0.37086297189136497,-0.6497049009013287,-17.85317662007624,-566.0,0.0,1.0,0.0,0.0,0.0,0.0,0.0,1.0,0.0,0.0,0.0,0.0,0.0,0.0,64e8ed6d,2021,1,30.15
21.0,1021.0,26.1,31.8,54.6,32.9,42.9,38.5,39.3,38.9,0.93,0.0,0.01762977473065622,0.8814887365328109,2.732615083251714,2.4681684622918705,0.44074436826640545,2.644466209598433,0.44074436826640545,0.5288932419196866,73.8,70.6,29.9,0.0,,,,,,,,,,,,,,1.0,0.0,0.0,0.0,1.0,0.0,0.0,0.0,0.0,0.0,0.0,0.0,0.0,0.0,658d44be,2021,0,
22.0,2610.0,50.2,46.4,20.5,38.7,75.7,53.8,61.6,57.7,1.96,0.05862068965517241,0.010344827586206896,0.3448275862068966,2.9310344827586206,2.4482758620689653,0.5517241379310345,2.6206896551724137,1.0,0.10344827586206896,84.2,67.7,85.3,1.0,-0.19999999999999574,23.400000000000002,27.599999999999998,0.5,-2.5,-9.299999999999997,0.049465043673483707,0.0011891816045181882,0.07015820675623535,1.1664854246325462,1.008348826603992,21.099999999999994,644.0,1.0,0.0,0.0,0.0,0.0,0.0,0.0,0.0,0.0,0.0,0.0,1.0,0.0,0.0,677da306,2021,1,56.4
22.0,1996.0,57.9,60.3,20.9,54.7,55.8,53.0,55.3,54.2,0.18,0.05861723446893788,0.0045090180360721445,0.45090180360721444,2.3897795591182365,5.00501002004008,0.18036072144288579,2.299599198396794,1.1272545090180361,0.09018036072144289,86.0,60.5,58.4,1.0,-10.399999999999991,6.600000000000001,-7.900000000000006,-10.600000000000001,-2.6999999999999957,-16.200000000000003,0.0025559024133557026,0.0001966078779504386,-0.19595972011104146,-0.08363396654353217,-1.62076188793495,-24.4,-91.0,1.0,0.0,0.0,0.0,0.0,0.0,0.0,0.0,0.0,0.0,0.0,1.0,0.0,0.0,67ac5bb8,2021,1,54.2
23.0,2280.0,19.1,36.4,25.7,62.1,39.0,37.2,39.7,38.4,0.15,0.015789473684210527,0.05526315789473684,1.4605263157894737,3.868421052631579,2.4078947368421053,0.2368421052631579,3.0394736842105265,0.8289473684210527,0.6710526315789473,84.2,33.3,66.7,0.0,,,,,,,,,,,,,,0.0,0.0,1.0,0.0,0.0,0.0,1.0,0.0,0.0,0.0,0.0,0.0,0.0,0.0,68a26d51,2021,1,44.75
23.0,2896.0,55.7,75.6,77.8,46.6,52.2,63.8,64.4,64.1,0.01,0.07458563535911603,0.17714088397790057,2.890193370165746,6.899171270718232,6.464088397790055,1.2120165745856353,2.890193370165746,1.8646408839779005,1.4606353591160222,83.0,57.9,84.7,1.0,5.8999999999999915,10.400000000000006,1.6999999999999886,21.4,0.0,-3.5999999999999943,-0.019304081481420488,0.10113492272603768,0.43117697672312305,0.07064577483923618,0.05863475805057128,25.800000000000004,883.0,0.0,0.0,1.0,0.0,0.0,0.0,1.0,0.0,0.0,0.0,0.0,0.0,0.0,0.0,6928979a,2021,1,65.1
20.0,1574.0,67.6,67.2,80.0,28.7,41.8,48.7,59.6,54.2,1.41,0.0457433290978399,0.09720457433290978,1.4866581956797968,4.116899618805591,4.45997458703939,0.8005082592121983,3.831003811944092,1.829733163913596,0.914866581956798,77.8,38.5,51.39999999999999,0.0,,,,,,,,,,,,,,1.0,0.0,0.0,0.0,1.0,0.0,0.0,0.0,0.0,0.0,0.0,0.0,0.0,0.0,6aa3e78b,2021,0,
23.0,2176.0,27.6,24.7,28.2,65.2,94.1,44.4,69.8,57.1,1.72,0.02895220588235294,0.05376838235294118,1.364889705882353,2.3575367647058822,1.7784926470588236,0.45496323529411764,7.03125,0.5790441176470589,0.6204044117647058,88.10000000000001,59.3,63.6,1.0,2.5,-0.5,-5.800000000000001,16.0,3.700000000000003,3.0999999999999943,-0.02489970137269568,0.033573917132297945,0.05224946654054308,-0.24095387500549958,-0.06579906177130557,-14.600000000000001,-498.0,0.0,0.0,1.0,0.0,0.0,0.0,0.0,0.0,0.0,0.0,1.0,0.0,0.0,0.0,6b47c5db,2021,0,
23.0,1297.0,56.7,24.8,32.7,60.9,56.7,49.0,54.1,51.6,0.27,0.048573631457208936,0.04163454124903623,0.5551272166538165,2.151117964533539,2.9838087895142635,0.0,2.9838087895142635,0.3469545104086353,0.0,89.3,62.3,37.9,0.0,,,,,,,,,,,,,,1.0,0.0,0.0,0.0,0.0,0.0,0.0,0.0,0.0,0.0,0.0,1.0,0.0,0.0,6b635f5c,2021,1,49.4
21.0,1340.0,64.2,43.5,58.0,23.1,38.5,44.7,51.8,48.2,0.29,0.1208955223880597,0.1544776119402985,2.417910447761194,2.888059701492537,4.5,1.1417910447761195,1.8134328358208955,3.2238805970149254,1.007462686567164,72.2,45.5,39.2,0.0,,,,,,,,,,,,,,0.0,0.0,1.0,1.0,0.0,0.0,0.0,0.0,0.0,0.0,0.0,0.0,0.0,0.0,6c17e046,2021,0,
23.0,3111.0,20.8,43.6,20.5,60.7,79.6,44.4,63.6,54.0,0.59,0.04050144648023143,0.026036644165863064,1.5043394406943105,3.297974927675988,4.541947926711668,1.4464802314368368,5.0337512054001925,0.40501446480231434,0.43394406943105107,87.2,63.29999999999999,91.0,1.0,3.799999999999997,-6.300000000000001,-3.299999999999997,12.0,22.400000000000006,-4.5,0.011907324160930394,0.011739583006212547,0.7180010769135321,-1.2483618429467915,0.4385626957458846,54.2,1852.0,0.0,0.0,1.0,0.0,0.0,0.0,0.0,0.0,0.0,0.0,1.0,0.0,0.0,0.0,6c203af0,2021,1,53.3
22.0,1168.0,32.7,62.6,50.9,47.6,61.7,55.8,54.2,55.0,0.06,0.01541095890410959,0.007705479452054795,0.8476027397260274,4.315068493150685,4.469178082191781,2.0034246575342465,4.700342465753424,0.4623287671232877,0.23116438356164384,88.6,61.39999999999999,34.2,0.0,,,,,,,,,,,,,,1.0,0.0,0.0,0.0,1.0,0.0,0.0,0.0,0.0,0.0,0.0,0.0,0.0,0.0,6c7762c3,2021,1,56.2
22.0,1414.0,61.4,49.8,67.3,29.9,33.0,48.5,47.3,47.9,0.03,0.11456859971711458,0.17185289957567187,3.6280056577086284,4.328147100424328,3.9462517680339464,1.1456859971711457,1.5912305516265912,1.3366336633663367,1.5275813295615277,69.58789808917197,28.356687898089174,38.59306930693069,1.0,-0.6000000000000014,14.899999999999999,-13.5,44.099999999999994,-30.5,3.0,-0.03427373765885014,0.1619300770839409,2.139582283948981,-1.908213502087333,-0.13712302085461392,20.22206599932319,507.0,0.0,0.0,1.0,0.0,0.0,0.0,1.0,0.0,0.0,0.0,0.0,0.0,0.0,0.0,6c811eb7,2021,1,41.4
19.0,1987.0,41.9,49.1,61.7,29.0,55.4,47.5,49.8,48.6,1.25,0.018117765475591345,0.07247106190236538,1.4947156517362858,3.0800201308505284,3.170608958228485,0.9058882737795672,5.4806240563663815,1.0870659285354805,0.7247106190236537,77.90678733031675,51.873303167420815,51.32355309511826,0.0,,,,,,,,,,,,,,1.0,0.0,0.0,0.0,1.0,0.0,0.0,0.0,0.0,0.0,0.0,0.0,0.0,0.0,6c8ddd52,2021,0,
19.0,1133.0,64.4,57.8,33.5,65.3,66.7,61.1,64.7,62.9,1.7,0.1032656663724625,0.02383053839364519,0.4766107678729038,3.177405119152692,2.700794351279788,0.4766107678729038,2.7802294792586055,1.350397175639894,0.3177405119152692,88.99999999999999,77.3,33.1,0.0,,,,,,,,,,,,,,1.0,0.0,0.0,0.0,0.0,0.0,0.0,0.0,0.0,0.0,0.0,1.0,0.0,0.0,6de23ab0,2021,0,
22.0,3140.0,80.3,72.5,89.4,38.2,32.0,49.8,64.3,57.0,0.82,0.07738853503184714,0.1031847133757962,2.1783439490445864,4.04140127388535,5.359872611464969,0.9171974522292995,3.0955414012738856,1.4044585987261147,1.0605095541401275,79.6,34.3,91.8,1.0,6.600000000000001,17.0,11.5,15.0,14.000000000000004,-10.0,0.018107097906098643,0.03312483313627525,0.6154696975475806,1.0484953659559872,0.1611617529272671,25.5,1470.0,1.0,0.0,0.0,0.0,1.0,0.0,0.0,0.0,0.0,0.0,0.0,0.0,0.0,0.0,6dfd8f05,2021,0,
20.0,1232.0,53.7,53.2,89.0,54.3,18.3,57.2,64.3,60.8,0.75,0.31412337662337664,0.1534090909090909,4.383116883116883,1.8262987012987013,2.337662337662338,1.0957792207792207,0.7305194805194806,5.25974025974026,2.0454545454545454,78.6,10.0,36.0,0.0,,,,,,,,,,,,,,0.0,1.0,0.0,0.0,0.0,0.0,0.0,0.0,0.0,0.0,0.0,0.0,1.0,0.0,6e058f06,2021,1,59.2
21.0,1612.0,81.4,50.8,55.0,22.5,45.7,49.8,49.9,49.8,0.77,0.2289081885856079,0.1563275434243176,2.2890818858560795,2.6240694789081886,4.913151364764268,2.400744416873449,2.847394540942928,3.8523573200992556,1.3957816377171215,76.4,31.3,52.7,1.0,8.299999999999997,8.800000000000011,2.3999999999999986,19.4,8.2,8.5,0.011912141154777872,0.028264302317598217,0.11912141154777922,-0.42281701468237287,-0.008341588285487145,-30.0,-918.0,0.0,0.0,1.0,0.0,0.0,0.0,0.0,0.0,1.0,0.0,0.0,0.0,0.0,0.0,6ecbddf6,2021,1,53.7
21.0,2007.0,59.5,71.1,42.7,55.7,65.2,61.5,61.9,61.7,0.58,0.05381165919282511,0.02242152466367713,1.0762331838565022,6.233183856502242,6.098654708520179,0.40358744394618834,3.7219730941704037,0.5381165919282511,0.3139013452914798,87.2,53.3,58.7,0.0,,,,,,,,,,,,,,1.0,0.0,0.0,0.0,0.0,0.0,0.0,0.0,0.0,1.0,0.0,0.0,0.0,0.0,6f5ec8bb,2021,1,58.3
23.0,2382.0,49.2,63.8,85.2,38.3,22.9,42.5,55.7,49.1,0.94,0.02644836272040302,0.09823677581863981,1.9647355163727962,3.8539042821158693,4.231738035264484,0.4156171284634761,3.6272040302267006,1.54911838790932,0.8690176322418136,80.7,31.399999999999995,69.6,1.0,-1.6000000000000014,18.200000000000003,1.0,24.900000000000006,5.899999999999999,-29.200000000000003,0.02644836272040302,0.06042164976821964,0.20002963401985507,-0.43212751095400304,1.0807950384183904,48.699999999999996,1668.0,1.0,0.0,0.0,0.0,1.0,0.0,0.0,0.0,0.0,0.0,0.0,0.0,0.0,0.0,6f5f82c0,2021,1,40.8
22.0,2781.0,30.0,41.1,26.1,64.0,70.9,45.5,60.4,53.0,0.05,0.03883495145631068,0.05177993527508091,1.4886731391585761,3.43042071197411,3.592233009708738,0.7766990291262136,3.1067961165048543,0.7119741100323624,0.6148867313915858,84.8,48.2,81.3,1.0,9.299999999999997,-15.100000000000001,-3.3999999999999986,2.6000000000000014,16.9,4.800000000000011,-0.05075157228028963,-0.00679586870654237,-0.02740649330696754,-0.1635097161718133,0.019241538926636714,4.8999999999999915,169.0,0.0,0.0,1.0,0.0,0.0,0.0,0.0,0.0,0.0,0.0,1.0,0.0,0.0,0.0,6f7d826d,2021,1,59.0
20.0,1816.0,50.5,55.0,60.9,27.3,40.6,47.8,50.1,49.0,0.12,0.05947136563876652,0.24779735682819384,2.7257709251101323,2.9735682819383262,6.095814977973569,1.7345814977973568,3.9151982378854626,0.8920704845814978,1.5363436123348018,78.3,8.7,53.1,0.0,,,,,,,,,,,,,,0.0,0.0,1.0,0.0,0.0,0.0,0.0,0.0,1.0,0.0,0.0,0.0,0.0,0.0,6f806d99,2021,1,61.400000000000006
22.0,1731.0,87.4,53.1,52.5,14.1,50.5,49.9,59.2,54.6,0.39,0.4211438474870017,0.12478336221837087,2.5476603119584054,1.923743500866551,5.6152512998266895,2.1317157712305024,2.1837088388214903,5.875216637781628,0.7279029462738301,71.2,50.0,56.6,1.0,-17.199999999999996,6.800000000000011,-17.4,-20.200000000000003,-9.700000000000001,-31.0,0.0001629210564839112,-0.18175614731841389,-0.5994786526192515,0.05666819355965913,-0.283340967798299,-15.399999999999999,-471.0,0.0,0.0,1.0,1.0,0.0,0.0,0.0,0.0,0.0,0.0,0.0,0.0,0.0,0.0,6f8cd6d0,2021,1,60.3
21.0,1077.0,35.8,68.6,71.1,41.2,38.9,50.3,56.7,53.5,1.51,0.18384401114206128,0.15877437325905291,2.6740947075208914,2.5069637883008355,5.013927576601671,2.0891364902506964,1.9220055710306407,3.927576601671309,1.2534818941504178,75.1,4.0,31.5,1.0,-8.5,-4.900000000000006,-9.900000000000006,-5.5,-5.699999999999996,-24.9,-0.01615598885793873,0.012107706592386247,-1.059238625812442,-4.852739090064996,-2.2930362116991643,4.699999999999999,402.0,0.0,1.0,0.0,0.0,0.0,1.0,0.0,0.0,0.0,0.0,0.0,0.0,0.0,0.0,706a60e1,2021,0,
20.0,1969.0,48.0,81.2,80.1,44.8,48.8,60.8,67.6,64.2,1.92,0.2971051295073642,0.21940071102082276,3.1995937023869985,2.2397155916708993,9.187404773996953,2.742508887760285,1.9197562214321993,6.81056373793804,1.4169629253428138,82.5,25.0,57.6,1.0,1.0,-0.7000000000000028,2.6000000000000085,8.0,-7.900000000000006,-7.200000000000003,0.01338078933141107,-0.0049394649322564155,-0.3634561509854355,-0.709955929815365,-0.13565097724405684,17.700000000000003,605.0,0.0,1.0,0.0,0.0,0.0,1.0,0.0,0.0,0.0,0.0,0.0,0.0,0.0,0.0,7111d552,2021,1,73.5
21.0,2058.0,32.1,46.3,18.1,54.1,77.3,44.7,61.6,53.2,1.07,0.05247813411078717,0.03935860058309038,1.2244897959183674,4.460641399416909,3.80466472303207,0.5247813411078717,4.504373177842566,0.5247813411078717,0.26239067055393583,84.2,50.6,60.2,0.0,,,,,,,,,,,,,,0.0,0.0,1.0,0.0,0.0,0.0,0.0,0.0,0.0,0.0,1.0,0.0,0.0,0.0,7155e3e1,2021,0,
21.0,1466.0,26.6,62.5,57.8,10.7,56.6,41.5,49.2,45.4,0.72,0.16575716234652116,0.07980900409276945,2.148703956343793,2.2100954979536156,5.832196452933152,1.3506139154160983,1.4733969986357436,3.499317871759891,1.1050477489768078,66.8,35.4,42.9,1.0,-3.6000000000000014,-13.5,6.5,6.0,-14.8,-13.999999999999993,-0.06423611270391597,-0.02913517882585867,-0.3933269784241964,0.6270854912653645,0.6364573002400984,-0.6000000000000014,-21.0,0.0,1.0,0.0,0.0,0.0,1.0,0.0,0.0,0.0,0.0,0.0,0.0,0.0,0.0,71b47ab9,2021,0,
23.0,1358.0,63.7,44.4,91.0,24.9,25.4,37.6,51.3,44.4,1.44,0.03313696612665685,0.1325478645066274,2.1207658321060383,2.054491899852725,5.036818851251841,0.3976435935198822,3.0486008836524303,1.5905743740795288,1.3254786450662739,67.4,47.2,39.7,1.0,-3.8999999999999986,-13.599999999999994,-21.199999999999996,2.4000000000000057,2.0,5.199999999999999,-0.06121364540508455,0.0067470491309721825,0.23375360147121027,1.00070935794957,-2.086451606262592,-10.5,-359.0,1.0,0.0,0.0,0.0,1.0,0.0,0.0,0.0,0.0,0.0,0.0,0.0,0.0,0.0,71dc23da,2021,0,
23.0,2090.0,33.3,30.1,19.4,43.9,91.3,40.4,63.8,52.1,0.72,0.0645933014354067,0.06889952153110049,1.291866028708134,2.5406698564593304,3.272727272727273,0.5167464114832536,4.0047846889952154,1.0334928229665072,0.3014354066985646,78.9,63.10000000000001,68.3,1.0,-2.8999999999999986,-12.300000000000004,-10.699999999999996,0.09999999999999787,-19.6,15.799999999999997,-0.04261032874042994,0.03316497813915494,-0.03541701156412924,-0.40282576187284036,-0.6243897011129897,-1.7000000000000028,327.0,0.0,0.0,1.0,0.0,0.0,0.0,0.0,0.0,0.0,0.0,1.0,0.0,0.0,0.0,71ec39ef,2021,1,39.650000000000006
22.0,1910.0,79.9,53.9,64.8,33.5,22.6,51.2,52.5,51.8,0.71,0.17905759162303664,0.17905759162303664,2.9214659685863875,2.4031413612565444,5.371727748691099,2.026178010471204,2.3089005235602094,3.0157068062827226,1.6020942408376964,80.9,23.3,55.8,1.0,5.599999999999994,60.300000000000004,-10.899999999999999,2.799999999999997,-5.0,-45.199999999999996,0.002262011512539408,0.09065980156778802,-0.1724566833473138,-1.9763385496514418,-0.24879234040091402,-8.799999999999997,281.0,0.0,0.0,1.0,0.0,0.0,0.0,0.0,0.0,1.0,0.0,0.0,0.0,0.0,0.0,741418c3,2021,0,
22.0,1637.0,28.5,25.3,25.5,50.0,52.6,34.9,45.3,40.1,0.19,0.021991447770311544,0.06597434331093463,1.3194868662186927,3.0238240684178375,1.4844227244960293,0.7697006719609041,2.2541233964569334,0.6047648136835675,0.49480757483200977,80.6,56.3,47.9,0.0,,,,,,,,,,,,,,0.0,0.0,1.0,0.0,0.0,0.0,0.0,0.0,0.0,0.0,1.0,0.0,0.0,0.0,741e058f,2021,0,
22.0,2891.0,76.9,70.7,82.3,35.6,42.7,62.7,65.6,64.2,0.68,0.16810792113455553,0.22414389484607405,4.669664475959876,3.9225181598062955,7.378069872016604,2.7706675890695265,3.113109650639917,2.6772742995503287,1.9612590799031477,80.2,40.5,84.5,0.0,,,,,,,,,,,,,,0.0,0.0,1.0,0.0,0.0,0.0,0.0,0.0,1.0,0.0,0.0,0.0,0.0,0.0,745ca0a3,2021,1,57.0
21.0,2922.0,51.5,65.3,55.2,65.0,44.4,55.2,59.3,57.2,1.08,0.030800821355236138,0.04620123203285421,0.9548254620123203,3.8501026694045173,6.622176591375769,0.21560574948665295,2.4948665297741273,0.5544147843942505,0.3388090349075975,89.9,63.8,85.4,1.0,-6.399999999999999,-13.099999999999994,-5.299999999999997,-8.299999999999997,-0.9000000000000057,-10.5,-0.0301049568852636,0.013405812980277425,-0.49754309603036584,0.3910469713861806,-0.5070030047235408,29.200000000000003,1001.0,1.0,0.0,0.0,0.0,0.0,0.0,0.0,0.0,0.0,1.0,0.0,0.0,0.0,0.0,75b86fb3,2021,1,63.4
23.0,1645.0,62.7,68.8,77.5,40.2,41.0,59.7,65.3,62.5,0.41,0.13130699088145895,0.13677811550151975,2.954407294832827,5.142857142857142,5.580547112462006,0.9300911854103343,1.6960486322188448,3.829787234042553,1.2583586626139818,83.7,38.5,48.1,1.0,12.899999999999999,3.200000000000003,8.099999999999994,45.8,4.600000000000001,-14.399999999999999,-0.04587259931540727,0.07530764543321922,1.1826113928641646,1.0245005073997318,0.8760833381162829,-24.699999999999996,-844.0,0.0,0.0,1.0,1.0,0.0,0.0,0.0,0.0,0.0,0.0,0.0,0.0,0.0,0.0,780e3631,2021,1,49.4
18.0,1165.0,30.6,19.2,14.4,40.1,43.5,27.8,27.4,27.6,0.53,0.03862660944206008,0.05407725321888412,1.1587982832618025,1.854077253218884,2.163090128755365,0.6180257510729613,3.0128755364806867,0.8497854077253219,0.5407725321888412,72.1,40.0,34.1,1.0,-18.799999999999997,14.900000000000002,-18.500000000000004,-12.299999999999999,-5.699999999999996,-26.400000000000006,0.024238120233426988,0.02530027480161793,-0.3519930836446723,-1.074319943187081,-2.030814833112051,-15.5,-86.0,0.0,0.0,1.0,0.0,0.0,0.0,1.0,0.0,0.0,0.0,0.0,0.0,0.0,0.0,7909ffa4,2021,1,45.2
21.0,1100.0,54.6,68.4,88.7,53.1,10.6,58.7,65.9,62.3,0.44,0.07363636363636364,0.19636363636363638,3.9272727272727277,4.663636363636364,8.01818181818182,1.0636363636363637,1.1454545454545455,2.618181818181818,2.1272727272727274,85.88852459016395,13.79672131147541,21.364545454545453,1.0,-5.1000000000000085,-15.199999999999996,-14.299999999999997,-4.200000000000003,15.300000000000004,-8.6,-0.033209698888369235,-0.03513616577328485,-0.20410835701694374,-1.704809871568873,-2.566280533870561,-52.535454545454556,-1427.0,0.0,0.0,1.0,1.0,0.0,0.0,0.0,0.0,0.0,0.0,0.0,0.0,0.0,0.0,79300479,2021,1,72.8
20.0,2923.0,62.2,30.6,17.7,15.5,43.9,40.5,45.3,42.9,0.04,0.4249059185768047,0.06773862470065004,1.508723913787205,0.6465959630516593,2.1245295928840235,1.1084502223742732,0.6465959630516593,4.864864864864866,0.5234348272322956,68.2,42.3,85.5,1.0,1.6000000000000014,14.100000000000001,-24.9,-6.600000000000001,2.4000000000000004,-1.6000000000000014,0.05265775313317561,0.013702600684639361,-0.7727971002221345,-1.5979520615522675,-0.3140444638996416,41.7,1424.0,0.0,1.0,0.0,0.0,0.0,0.0,0.0,0.0,0.0,0.0,0.0,0.0,0.0,1.0,79443529,2021,1,54.8
23.0,2562.0,80.7,38.3,58.5,17.4,17.9,41.5,54.0,47.8,0.76,0.24941451990632318,0.1756440281030445,2.7400468384074945,1.2997658079625294,3.969555035128806,1.405152224824356,1.5807962529274007,4.215456674473068,0.9836065573770493,68.0,25.0,74.9,1.0,-5.400000000000006,1.7999999999999972,-9.100000000000001,-7.599999999999994,-1.1000000000000014,-13.5,0.02367842394121958,-0.08935051933425106,-0.008044764645940727,-0.6433130128537461,-0.4668645082861076,48.10000000000001,1645.0,0.0,0.0,1.0,1.0,0.0,0.0,0.0,0.0,0.0,0.0,0.0,0.0,0.0,0.0,79c84d1c,2021,1,48.400000000000006
23.0,1820.0,26.6,18.5,12.2,61.6,60.6,33.4,50.4,41.9,0.04,0.02967032967032967,0.039560439560439566,0.9395604395604396,2.076923076923077,2.0274725274725274,0.5934065934065934,2.818681318681319,0.7417582417582418,0.543956043956044,84.9,48.3,53.2,1.0,-2.3000000000000043,-2.5,-33.6,-28.000000000000004,31.900000000000002,7.399999999999999,0.017966818617013672,0.016153417453807575,0.35438488689463976,-0.19619457265751183,-1.5511653496048812,30.700000000000003,1051.0,0.0,0.0,1.0,0.0,0.0,0.0,0.0,0.0,0.0,0.0,1.0,0.0,0.0,0.0,7a1f2c08,2021,0,
20.0,1195.0,56.8,76.0,71.1,31.4,36.4,47.6,58.3,53.0,0.35,0.03765690376569038,0.0903765690376569,1.3556485355648535,5.422594142259414,5.422594142259414,0.8284518828451882,3.4644351464435146,1.1297071129707112,0.5271966527196652,83.39999999999999,38.9,34.9,0.0,,,,,,,,,,,,,,1.0,0.0,0.0,0.0,1.0,0.0,0.0,0.0,0.0,0.0,0.0,0.0,0.0,0.0,7b082ec2,2021,0,
19.0,2278.0,69.6,67.4,85.0,14.0,20.7,53.6,58.5,56.0,0.31,0.13432835820895522,0.19754170324846357,3.871817383669886,3.476733977172959,8.375768217734855,2.8446005267778753,2.054433713784021,4.148375768217735,2.054433713784021,68.31225296442688,21.413438735177863,65.82449517120281,1.0,5.5,11.499999999999993,11.100000000000009,18.700000000000003,2.5999999999999996,-15.7,-0.010133921084784753,0.09641810774284561,0.26026040132638695,1.1526542530478565,1.7431866256480792,51.02690287585771,1655.0,0.0,0.0,1.0,0.0,0.0,0.0,0.0,0.0,1.0,0.0,0.0,0.0,0.0,0.0,7b5ab7f2,2021,0,
22.0,1771.0,80.2,42.2,68.0,23.2,14.1,45.0,45.5,45.2,0.18,0.1981931112365895,0.14737436476566912,3.1507622811970637,1.5753811405985318,4.573687182382835,1.6261998870694523,1.3721061547148503,3.1507622811970637,1.0671936758893281,74.4,26.800000000000004,51.79999999999999,1.0,2.0,32.7,-9.0,11.600000000000001,-0.1999999999999993,-8.000000000000002,0.10898606277843972,0.07799110485377485,0.5736697701838476,-2.4637577515378704,0.08859699962936873,15.79999999999999,863.0,0.0,0.0,1.0,0.0,0.0,0.0,0.0,0.0,1.0,0.0,0.0,0.0,0.0,0.0,7b9a9e25,2021,1,67.0
17.0,2402.0,39.0,69.3,31.1,52.8,57.8,52.1,56.0,54.0,0.47,0.06744379683597003,0.06744379683597003,1.6486261448792672,3.7094088259783513,6.594504579517069,1.835970024979184,4.908409658617818,1.3488759367194005,0.7119067443796836,89.3,48.3,70.2,1.0,6.399999999999999,11.5,41.3,10.600000000000001,-0.5,-16.10000000000001,0.029000512545509657,0.03754346461005641,0.3671833351972549,2.493887588534629,1.2746674875825277,-13.399999999999991,295.0,0.0,0.0,1.0,0.0,0.0,0.0,0.0,0.0,0.0,0.0,1.0,0.0,0.0,0.0,7b9c2d84,2021,1,64.1
21.0,1173.0,45.2,35.8,40.7,28.9,21.4,29.3,34.0,31.6,1.21,0.015345268542199489,0.023017902813299233,0.46035805626598464,1.9948849104859334,3.1457800511508953,0.7672634271099744,2.071611253196931,0.9974424552429667,0.3836317135549872,74.5,37.5,34.3,0.0,,,,,,,,,,,,,,1.0,0.0,0.0,0.0,1.0,0.0,0.0,0.0,0.0,0.0,0.0,0.0,0.0,0.0,7ba1f1ef,2021,0,
20.0,2550.0,77.9,61.5,80.8,27.1,16.4,54.2,57.3,55.8,0.63,0.18,0.19058823529411767,3.9176470588235297,1.8705882352941177,9.635294117647058,2.611764705882353,1.7647058823529413,3.9176470588235297,2.1176470588235294,78.8,33.9,74.6,1.0,-3.4000000000000057,31.400000000000006,-7.700000000000003,2.5,-15.600000000000001,-26.5,-0.030862619808306735,-0.058613042661153886,0.563014470964105,1.7758691975192633,-0.2380379627889493,47.099999999999994,1611.0,0.0,0.0,1.0,0.0,0.0,0.0,0.0,0.0,1.0,0.0,0.0,0.0,0.0,0.0,7ba2eaa9,2021,1,64.6
22.0,2747.0,71.1,66.6,81.2,19.7,17.3,53.4,65.2,59.3,0.2,0.18019657808518383,0.170367673825992,3.7677466326902076,3.440116490717146,7.207863123407353,2.719330178376411,2.0640698944302875,4.717874044412086,1.965780851838369,75.3,16.3,80.3,0.0,,,,,,,,,,,,,,0.0,0.0,1.0,1.0,0.0,0.0,0.0,0.0,0.0,0.0,0.0,0.0,0.0,0.0,7c104bb7,2021,1,76.2
21.0,1634.0,69.7,39.3,14.2,48.4,51.4,45.4,49.2,47.3,0.55,0.11015911872705018,0.0,0.38555691554467564,2.368421052631579,2.5887392900856794,0.44063647490820074,4.0758873929008566,0.9914320685434517,0.05507955936352509,87.8,50.0,47.8,0.0,,,,,,,,,,,,,,1.0,0.0,0.0,0.0,0.0,0.0,0.0,0.0,0.0,0.0,0.0,1.0,0.0,0.0,7c3ed041,2021,1,61.4
22.0,1892.0,95.0,68.7,97.2,25.4,39.1,65.3,79.3,72.3,1.17,0.32822410147991543,0.33773784355179703,6.1839323467230445,3.6627906976744184,6.231501057082452,1.6649048625792813,1.6649048625792813,6.136363636363637,3.3773784355179703,77.8,48.6,61.8,1.0,-2.1000000000000085,1.0,-5.799999999999997,1.2999999999999972,-5.800000000000001,-1.6999999999999957,-0.03645122319540922,-0.09239202657807305,1.1813349441256422,-0.5944729688915737,-0.4982482633645424,-1.1000000000000014,-33.0,0.0,0.0,1.0,1.0,0.0,0.0,0.0,0.0,0.0,0.0,0.0,0.0,0.0,0.0,7c56da38,2021,1,66.4
19.0,1494.0,32.8,52.0,33.9,66.0,57.4,49.1,56.3,52.7,0.66,0.06024096385542168,0.012048192771084336,1.1445783132530118,4.337349397590361,4.518072289156626,0.9638554216867469,2.7710843373493974,0.8433734939759036,0.3012048192771084,88.0,45.7,43.7,0.0,,,,,,,,,,,,,,0.0,0.0,1.0,0.0,0.0,0.0,0.0,0.0,0.0,0.0,1.0,0.0,0.0,0.0,7d9397f8,2021,0,
22.0,1511.0,51.0,31.1,14.4,65.3,65.1,52.6,60.3,56.4,1.1,0.047650562541363344,0.0,0.2382528127068167,2.2038385175380544,1.5486432825943084,0.29781601588352086,3.454665784248842,0.4765056254136334,0.0,90.67440476190475,55.6,41.66108537392456,1.0,-5.600000000000001,-1.2999999999999972,-23.4,-26.300000000000004,14.899999999999999,-8.400000000000006,0.01976520235546094,-0.006971340046475601,-0.7377347937997674,-2.076453541573003,-0.37555729965791773,3.961085373924554,220.0,1.0,0.0,0.0,0.0,0.0,0.0,0.0,0.0,0.0,0.0,0.0,1.0,0.0,0.0,7edfbb8a,2021,1,53.35
19.0,1477.0,51.6,67.8,38.0,56.6,37.5,49.1,54.6,51.8,0.65,0.03656059580230196,0.024373730534867976,0.8530805687203792,4.509140148950576,5.788761002031144,0.18280297901150983,2.924847664184157,0.7921462423832092,0.18280297901150983,88.2,46.7,43.2,0.0,,,,,,,,,,,,,,1.0,0.0,0.0,0.0,0.0,0.0,0.0,0.0,0.0,1.0,0.0,0.0,0.0,0.0,7ef972c3,2021,0,
23.0,2119.0,46.3,68.7,51.4,31.4,70.0,57.1,54.9,56.0,0.06,0.02973100519112789,0.02973100519112789,1.019348749410099,5.13921661160925,4.926852288815479,0.33978291647003306,3.90750353940538,0.6795658329400661,0.5096743747050495,80.2,60.89999999999999,69.2,1.0,-5.600000000000001,-23.10000000000001,10.700000000000003,7.100000000000001,-15.5,-1.5,-0.052158076264678006,-0.03656015598738164,0.1224683334655583,1.4173202264237985,1.7466689512972913,-6.200000000000003,-189.0,1.0,0.0,0.0,0.0,0.0,0.0,0.0,0.0,0.0,1.0,0.0,0.0,0.0,0.0,7f609bfc,2021,1,54.1
17.0,1976.0,79.2,65.6,78.5,28.1,32.1,57.7,60.6,59.2,0.24,0.18674089068825908,0.2368421052631579,3.1427125506072873,2.6417004048582995,7.925101214574899,2.2317813765182186,2.049595141700405,5.511133603238866,1.548582995951417,79.3,31.9,64.6,0.0,,,,,,,,,,,,,,0.0,0.0,1.0,0.0,0.0,0.0,0.0,0.0,1.0,0.0,0.0,0.0,0.0,0.0,7fa4e703,2021,0,
23.0,2601.0,57.0,35.4,33.4,46.8,36.5,40.7,39.0,39.8,0.62,0.15916955017301038,0.08650519031141869,1.7647058823529413,2.8027681660899657,3.56401384083045,0.726643598615917,1.8685121107266436,1.384083044982699,0.8996539792387543,82.2,46.6,76.1,1.0,-18.1,-1.3999999999999986,-25.800000000000004,-32.9,12.5,-37.099999999999994,0.08651566520832824,-0.15870167144438352,-1.2322668724401968,-3.0656531621967957,-1.284012863173405,36.8,1610.0,0.0,0.0,1.0,0.0,0.0,0.0,1.0,0.0,0.0,0.0,0.0,0.0,0.0,0.0,80556f08,2021,1,38.0
21.0,2873.0,33.1,56.0,49.9,56.1,60.3,52.0,56.7,54.4,0.13,0.04698920988513749,0.07518273581621998,2.0361990950226247,5.074834667594849,5.137486947441698,1.0964148973198748,4.354333449356074,0.5012182387747999,0.9084580577793248,84.7,54.1,84.0,1.0,2.0,-3.6000000000000014,-2.799999999999997,26.0,8.200000000000003,-6.5,-0.014197440300276608,0.019558508374934447,0.4787207266666298,-0.5361842515694262,0.9586418369397194,49.022249690976516,1255.0,0.0,0.0,1.0,0.0,0.0,0.0,0.0,0.0,0.0,0.0,1.0,0.0,0.0,0.0,822d51d7,2021,1,60.400000000000006
22.0,1754.0,52.0,74.8,70.9,62.7,64.2,66.6,65.1,65.8,0.88,0.09236031927023947,0.10775370581527938,2.924743443557583,6.157354618015964,9.33865450399088,1.0775370581527937,5.336374002280502,1.3340935005701255,0.7696693272519955,89.4,60.0,51.3,0.0,,,,,,,,,,,,,,0.0,0.0,1.0,0.0,0.0,0.0,0.0,0.0,0.0,0.0,1.0,0.0,0.0,0.0,82518f62,2021,1,66.4
21.0,2398.0,58.3,66.5,54.0,58.7,78.0,67.5,64.8,66.2,0.04,0.04503753127606338,0.06755629691409508,1.0508757297748124,3.3778148457047537,4.766472060050042,0.7506255212677231,4.766472060050042,0.9382819015846539,0.3002502085070892,87.5,66.3,70.1,1.0,11.0,11.899999999999999,18.299999999999997,18.4,15.600000000000001,11.5,0.0010635899079852046,0.05289831645806902,0.6111363160940306,1.1019769460435267,1.4722773864213659,52.099999999999994,1784.0,1.0,0.0,0.0,0.0,0.0,0.0,0.0,0.0,0.0,1.0,0.0,0.0,0.0,0.0,82efe6fa,2021,1,60.5
21.0,1115.0,48.7,39.2,57.9,38.0,37.8,43.9,47.5,45.7,0.81,0.10493273542600896,0.1210762331838565,2.42152466367713,2.905829596412556,3.390134529147982,1.210762331838565,2.905829596412556,3.0672645739910314,1.210762331838565,79.4,29.4,32.6,0.0,,,,,,,,,,,,,,0.0,0.0,1.0,1.0,0.0,0.0,0.0,0.0,0.0,0.0,0.0,0.0,0.0,0.0,83d074ff,2021,1,58.15
19.0,1262.0,30.1,69.2,77.5,61.1,33.7,50.9,59.4,55.2,0.94,0.07844690966719493,0.17828843106180667,3.4231378763866878,4.492868462757528,6.061806656101426,2.709984152139461,1.4263074484944533,1.4263074484944533,1.4263074484944533,81.1,22.2,36.9,0.0,,,,,,,,,,,,,,0.0,1.0,0.0,0.0,0.0,0.0,0.0,0.0,0.0,0.0,0.0,0.0,1.0,0.0,8455ad90,2021,1,44.2
22.0,3290.0,42.8,40.7,31.2,59.9,80.4,48.9,64.9,56.9,0.77,0.08753799392097264,0.03556231003039514,1.668693009118541,2.8449848024316107,4.43161094224924,0.9027355623100304,4.541033434650456,0.9574468085106382,0.6838905775075987,86.3,60.8,96.2,1.0,5.699999999999996,21.799999999999997,7.300000000000004,11.8,3.1000000000000014,-0.5999999999999943,0.057571290258375526,0.015584507588663726,0.7696918992406275,-1.3619517658528695,0.5475375216324987,60.400000000000006,2389.0,0.0,0.0,1.0,0.0,0.0,0.0,0.0,0.0,0.0,0.0,1.0,0.0,0.0,0.0,8577e60a,2021,1,57.8
22.0,1089.0,21.3,40.0,26.5,60.6,46.9,39.6,47.0,43.3,0.08,0.024793388429752067,0.049586776859504134,1.6528925619834711,3.4710743801652892,4.214876033057851,0.8264462809917356,1.9834710743801653,0.4132231404958678,0.7438016528925621,87.4,44.0,31.800000000000004,0.0,,,,,,,,,,,,,,0.0,0.0,1.0,0.0,0.0,0.0,0.0,0.0,0.0,0.0,1.0,0.0,0.0,0.0,873ce3a2,2021,0,
21.0,1352.0,67.2,35.5,36.6,22.1,77.4,51.3,56.0,53.6,0.04,0.4193786982248521,0.1797337278106509,1.9970414201183433,1.0650887573964498,2.7958579881656807,0.9319526627218935,1.863905325443787,4.260355029585799,0.9319526627218935,67.1,47.3,39.5,0.0,,,,,,,,,,,,,,0.0,1.0,0.0,0.0,0.0,0.0,0.0,1.0,0.0,0.0,0.0,0.0,0.0,0.0,8790f988,2021,1,65.6
20.0,1001.0,45.7,60.4,82.4,16.4,68.1,55.3,60.8,58.0,0.39,0.12587412587412586,0.21578421578421578,3.5964035964035967,1.7082917082917084,5.934065934065934,2.4275724275724277,2.247752247752248,3.416583416583417,1.978021978021978,69.1,42.9,29.3,0.0,,,,,,,,,,,,,,0.0,1.0,0.0,0.0,0.0,1.0,0.0,0.0,0.0,0.0,0.0,0.0,0.0,0.0,87e9c7cd,2021,0,
22.0,1127.0,18.1,21.8,11.0,42.3,48.8,22.9,21.9,22.4,0.34,0.14374445430346053,0.015971606033717837,0.878438331854481,0.7187222715173026,2.236024844720497,0.9582963620230701,1.357586512866016,3.4338952972493346,0.0,73.2,17.1,33.0,0.0,,,,,,,,,,,,,,0.0,1.0,0.0,0.0,0.0,1.0,0.0,0.0,0.0,0.0,0.0,0.0,0.0,0.0,87f7500e,2021,0,
23.0,1467.0,57.0,31.5,32.8,25.3,54.4,37.8,40.1,39.0,0.18,0.12883435582822086,0.03680981595092024,1.840490797546012,2.638036809815951,3.0061349693251533,1.2269938650306749,2.822085889570552,1.840490797546012,0.6134969325153374,74.5,41.1,42.9,1.0,-12.200000000000003,-2.3999999999999986,-8.399999999999999,-35.2,-1.8000000000000007,-4.700000000000003,0.029612565944952388,-0.1324508844381848,-1.1361628989520425,-1.4296626960444967,0.7119667709054449,-18.300000000000004,-75.0,0.0,0.0,1.0,1.0,0.0,0.0,0.0,0.0,0.0,0.0,0.0,0.0,0.0,0.0,8846a40f,2021,1,47.8
23.0,1797.0,63.3,70.9,79.1,23.9,62.1,56.1,63.4,59.8,0.62,0.025041736227045076,0.1001669449081803,1.8530884808013357,4.056761268781303,5.158597662771286,1.3522537562604342,6.410684474123539,1.0517529215358932,1.1519198664440735,74.8,53.5,58.7,1.0,-2.4000000000000057,-6.299999999999997,-0.8999999999999915,-0.9000000000000057,0.09999999999999787,-5.499999999999993,-0.017883541992350798,0.019085863827099217,0.18377210560260737,-0.1355199842875381,-0.14037704600407075,-3.0,-90.0,1.0,0.0,0.0,0.0,1.0,0.0,0.0,0.0,0.0,0.0,0.0,0.0,0.0,0.0,88d4144a,2021,1,70.2
20.0,1330.0,48.6,75.2,27.4,53.4,57.6,56.6,59.0,57.8,0.36,0.047368421052631574,0.006766917293233083,0.40601503759398494,3.924812030075188,6.157894736842105,1.0150375939849623,3.924812030075188,0.8796992481203008,0.20300751879699247,89.4,59.6,38.9,0.0,,,,,,,,,,,,,,1.0,0.0,0.0,0.0,0.0,0.0,0.0,0.0,0.0,1.0,0.0,0.0,0.0,0.0,88f130ed,2021,1,60.8
20.0,1572.0,54.3,75.7,74.9,53.1,45.8,61.7,65.2,63.4,0.61,0.22328244274809161,0.24618320610687025,2.6335877862595423,4.293893129770993,6.183206106870229,1.9465648854961835,1.0305343511450382,3.435114503816794,1.1450381679389314,83.4,43.4,46.0,1.0,13.199999999999996,0.09999999999999432,15.700000000000003,33.50000000000001,-5.0,21.599999999999998,-0.1686946346158052,0.13271615739626852,0.054791224654958004,1.6961000896782528,1.6635206369343165,-5.0,-173.0,0.0,1.0,0.0,0.0,0.0,0.0,0.0,0.0,0.0,0.0,0.0,0.0,1.0,0.0,8aafd64f,2021,1,72.6
19.0,1854.0,64.8,64.0,81.8,19.8,37.8,44.3,56.7,50.5,2.23,0.058252427184466014,0.13592233009708737,1.8932038834951455,3.203883495145631,6.45631067961165,2.669902912621359,2.9611650485436893,1.7475728155339805,1.116504854368932,76.7,58.1,54.2,0.0,,,,,,,,,,,,,,1.0,0.0,0.0,0.0,1.0,0.0,0.0,0.0,0.0,0.0,0.0,0.0,0.0,0.0,8b609c34,2021,1,64.8
22.0,1294.0,36.0,68.4,63.0,45.7,53.4,50.6,56.3,53.4,0.87,0.2921174652241113,0.125193199381762,2.5038639876352393,2.295208655332303,5.146831530139103,2.5734157650695515,2.295208655332303,3.408037094281298,1.1823802163833075,77.2,23.1,37.8,0.0,,,,,,,,,,,,,,0.0,1.0,0.0,0.0,0.0,1.0,0.0,0.0,0.0,0.0,0.0,0.0,0.0,0.0,8b66d9cc,2021,0,
21.0,1358.0,51.8,39.9,19.6,45.4,67.7,51.0,57.9,54.4,2.77,0.07952871870397643,0.0,0.2650957290132548,3.8438880706921945,1.78939617083947,0.2650957290132548,4.10898379970545,0.9278350515463918,0.1325478645066274,84.4,59.2,44.4,0.0,,,,,,,,,,,,,,1.0,0.0,0.0,0.0,0.0,0.0,0.0,0.0,0.0,0.0,0.0,1.0,0.0,0.0,8b6e0db2,2021,0,
20.0,1263.0,56.5,70.9,79.9,40.4,51.1,55.5,63.2,59.4,0.16,0.014251781472684086,0.06413301662707839,1.6389548693586697,3.776722090261283,7.268408551068884,0.6413301662707839,3.705463182897862,1.2114014251781473,0.8551068883610451,80.4,46.9,36.9,1.0,14.600000000000001,8.600000000000001,16.400000000000006,0.30000000000001137,9.0,26.6,-0.011118197385666865,-0.018319414662562206,-0.2637935450176516,0.3550893121682499,0.4786248386756591,-19.4,-156.0,1.0,0.0,0.0,0.0,1.0,0.0,0.0,0.0,0.0,0.0,0.0,0.0,0.0,0.0,8bbe2df5,2021,1,40.7
23.0,2408.0,85.5,47.6,88.1,21.4,24.6,52.7,67.4,60.0,1.09,0.21677740863787373,0.2877906976744186,3.7749169435215943,3.027408637873754,4.260797342192691,1.1212624584717608,1.719269102990033,4.447674418604651,1.8313953488372092,70.1,30.2,70.4,1.0,3.3999999999999986,8.799999999999997,-2.299999999999997,14.399999999999991,3.299999999999997,-19.9,0.06043522574701826,0.06950161212869588,1.2085452621056652,-0.9309430707866602,0.25454728094160073,-18.799999999999997,-643.0,0.0,0.0,1.0,1.0,0.0,0.0,0.0,0.0,0.0,0.0,0.0,0.0,0.0,0.0,8c3c640c,2021,1,33.6
21.0,1573.0,82.7,34.6,59.0,37.9,53.5,60.9,66.9,63.9,1.35,0.6064844246662429,0.14303877940241577,3.4329307056579785,0.5721551176096631,3.318499682136046,0.9154481881754609,1.7736808645899556,6.293706293706293,1.315956770502225,70.1,36.6,46.0,1.0,13.299999999999997,7.900000000000006,7.800000000000001,34.7,21.099999999999998,2.200000000000003,0.08702661968154679,0.028915473761838603,1.701404689042325,0.957327841296518,0.09992074944175755,-44.8,-714.0,0.0,1.0,0.0,0.0,0.0,0.0,0.0,1.0,0.0,0.0,0.0,0.0,0.0,0.0,8c90fd7a,2021,1,55.2
23.0,2081.0,19.3,52.6,21.0,52.8,71.5,44.2,58.9,51.6,0.48,0.017299375300336376,0.030273906775588656,1.2109562710235462,4.58433445458914,4.973570398846708,0.6487265737626141,2.9408938010571837,0.5622296972609322,0.5622296972609322,83.4,52.4,60.8,1.0,-0.7999999999999972,8.8,-2.799999999999997,6.699999999999999,-6.700000000000003,-1.5,0.007714710763595162,0.0015199131653650146,-0.322590054855048,-0.489688387095784,0.5587753491578296,33.3,1142.0,0.0,0.0,1.0,0.0,0.0,0.0,0.0,0.0,0.0,0.0,1.0,0.0,0.0,0.0,8e48dc61,2021,1,46.4
20.0,2340.0,74.6,45.2,31.9,46.4,28.4,52.8,57.8,55.3,0.88,0.6153846153846154,0.06923076923076923,1.8461538461538463,1.3461538461538463,2.769230769230769,1.3076923076923077,0.7307692307692307,6.0,0.4230769230769231,72.5,35.9,68.4,1.0,1.5999999999999943,8.699999999999989,-8.599999999999994,-13.600000000000001,12.600000000000001,-1.3000000000000007,0.17941912102496044,-0.06812822214282069,-0.12464907355418298,-1.0529324689908632,-0.266321269970905,24.300000000000004,833.0,0.0,1.0,0.0,0.0,0.0,0.0,0.0,1.0,0.0,0.0,0.0,0.0,0.0,0.0,8e92be30,2021,1,61.8
22.0,2626.0,50.5,50.1,39.4,33.8,81.4,49.5,61.2,55.4,0.83,0.10624523990860625,0.13366336633663367,1.7479055597867479,3.8042650418888044,4.558263518659558,0.8910891089108911,4.695354150799695,1.1995430312261997,0.7197258187357197,77.20000000000002,52.6,85.8,1.0,5.600000000000001,2.8999999999999986,0.30000000000000426,8.0,3.1999999999999957,10.800000000000011,0.03294681058923453,0.018480120263335245,-0.13691119413995345,-0.7296945965236876,0.40112368063226,29.599999999999994,907.0,0.0,0.0,1.0,0.0,0.0,0.0,0.0,0.0,0.0,0.0,1.0,0.0,0.0,0.0,8f056768,2021,1,61.2
21.0,1369.0,40.4,47.5,43.9,39.3,46.8,44.5,44.5,44.5,0.21,0.019722425127830533,0.02629656683710738,0.5259313367421475,2.9583637691745803,3.8787436084733384,0.7888970051132214,3.944485025566107,0.5259313367421475,0.3944485025566107,79.7,39.5,40.0,0.0,,,,,,,,,,,,,,1.0,0.0,0.0,0.0,1.0,0.0,0.0,0.0,0.0,0.0,0.0,0.0,0.0,0.0,8f325097,2021,1,41.900000000000006
19.0,983.0,44.8,80.5,91.0,53.0,52.3,62.7,70.0,66.4,0.54,0.18311291963377416,0.3387589013224822,3.6622583926754833,3.296032553407935,8.697863682604272,1.7395727365208544,2.014242115971516,5.584944048830112,1.5564598168870802,81.0,39.1,28.7,1.0,13.500000000000007,15.799999999999997,1.4000000000000057,32.7,1.7000000000000028,4.699999999999996,-0.020027414026677237,0.2416048287022663,0.924279982469399,-2.0774061898196727,-0.6784522356008971,-1.1000000000000014,-36.0,0.0,1.0,0.0,0.0,0.0,1.0,0.0,0.0,0.0,0.0,0.0,0.0,0.0,0.0,8f5e92a6,2021,1,71.8
23.0,2880.0,54.5,47.9,47.3,47.9,58.4,52.4,54.4,53.4,0.47,0.059375,0.009375,0.8125,3.21875,2.5625,0.8125,4.15625,0.9375,0.15625,81.5,49.6,94.1,1.0,6.299999999999997,-2.200000000000003,20.5,25.199999999999996,-3.3000000000000043,5.299999999999997,0.02955957169900615,-0.04173716280170373,0.42915877898722193,1.0717285849503075,1.4298243019403691,25.0,767.0,1.0,0.0,0.0,0.0,0.0,0.0,0.0,0.0,0.0,0.0,0.0,1.0,0.0,0.0,90339309,2021,0,
22.0,1561.0,51.1,49.9,71.1,34.0,37.5,43.1,44.8,44.0,0.08,0.023062139654067906,0.09224855861627163,1.3837283792440742,2.0755925688661114,4.208840486867393,0.6342088404868673,2.42152466367713,1.672005124919923,0.8071748878923767,79.6,62.8,45.6,0.0,,,,,,,,,,,,,,1.0,0.0,0.0,0.0,0.0,0.0,0.0,0.0,0.0,1.0,0.0,0.0,0.0,0.0,91d0fabf,2021,1,37.6
22.0,1423.0,16.1,32.8,19.7,49.5,49.9,33.6,44.0,38.8,0.2,0.012649332396345749,0.05692199578355587,1.3281799016163036,2.972593113141251,3.2888264230498945,1.0119465917076598,4.237526352775825,0.3162333099086437,0.44272663387210115,83.8,36.0,41.6,1.0,-4.200000000000003,-18.1,-10.600000000000001,5.299999999999999,9.700000000000003,-9.0,-0.05839161481628376,0.03472169977960915,0.262565693426861,-0.0856185695500069,-1.9558725997349207,-17.699999999999996,-604.0,0.0,0.0,1.0,0.0,0.0,0.0,0.0,0.0,0.0,0.0,1.0,0.0,0.0,0.0,9228b07c,2021,0,
22.0,1905.0,68.9,65.3,69.0,42.0,74.6,63.3,64.5,63.9,0.32,0.184251968503937,0.14173228346456693,3.165354330708661,5.385826771653543,5.8110236220472435,1.0866141732283463,4.15748031496063,3.0708661417322833,1.5590551181102361,80.3,48.2,62.3,1.0,-3.6999999999999957,11.900000000000006,-15.200000000000003,-10.599999999999994,0.7000000000000028,-1.2000000000000028,0.10091863517060366,-0.12017247844019499,-1.239407574053243,-1.6889763779527565,-1.0427446569178853,37.599999999999994,1149.0,0.0,0.0,1.0,0.0,0.0,0.0,0.0,0.0,0.0,0.0,1.0,0.0,0.0,0.0,92432bc6,2021,1,63.8
21.0,1852.0,73.7,37.8,50.7,47.2,57.5,50.6,54.4,52.5,0.55,0.2235421166306695,0.12149028077753779,2.3812095032397407,3.4017278617710582,3.3531317494600428,1.0691144708423326,3.741900647948164,1.4092872570194384,0.7775377969762418,80.3,48.7,54.2,1.0,-1.3999999999999986,7.400000000000006,-7.900000000000006,-9.899999999999999,4.800000000000004,8.600000000000001,0.08652974745845254,0.01016773082511152,-1.2153651875309541,-1.699199363765457,0.6614804783267192,23.500000000000004,801.0,0.0,0.0,1.0,1.0,0.0,0.0,0.0,0.0,0.0,0.0,0.0,0.0,0.0,0.0,92d83c27,2021,1,51.0
21.0,1184.0,64.9,63.7,72.5,22.2,19.1,50.6,54.9,52.8,0.82,0.11402027027027027,0.13682432432432434,2.8125,2.8885135135135136,8.361486486486486,2.8885135135135136,1.0641891891891893,4.408783783783784,1.2922297297297298,74.9,25.0,34.6,0.0,,,,,,,,,,,,,,0.0,0.0,1.0,0.0,0.0,0.0,0.0,0.0,1.0,0.0,0.0,0.0,0.0,0.0,94816803,2021,1,60.2
23.0,2813.0,52.2,38.5,24.8,70.0,53.9,51.8,55.7,53.8,0.63,0.03839317454674724,0.03199431212228937,0.35193743334518307,2.6235335940277285,2.175613224315677,0.09598293636686811,2.239601848560256,0.5758976182012087,0.2239601848560256,86.9,77.7,82.3,1.0,-7.0,-13.599999999999994,-7.399999999999999,-0.6999999999999993,-3.0,-9.200000000000003,-0.028414884838194425,0.00813429091338163,-0.12526299083297177,-1.1170697025135912,-0.38282907829464685,7.5,927.0,1.0,0.0,0.0,0.0,0.0,0.0,0.0,0.0,0.0,0.0,0.0,1.0,0.0,0.0,94f8d10c,2021,1,57.0
22.0,2214.0,62.9,38.3,31.4,28.9,66.5,43.0,44.1,43.6,0.15,0.19105691056910568,0.07723577235772357,1.4634146341463414,2.8455284552845526,4.146341463414634,0.6910569105691057,4.024390243902439,3.089430894308943,0.5691056910569106,70.1,53.20000000000001,64.7,0.0,,,,,,,,,,,,,,0.0,0.0,1.0,1.0,0.0,0.0,0.0,0.0,0.0,0.0,0.0,0.0,0.0,0.0,957e4c87,2021,1,47.0
19.0,2144.0,55.3,54.5,43.7,25.0,28.3,42.6,45.4,44.0,1.0,0.1427238805970149,0.10074626865671642,2.560634328358209,2.6026119402985075,4.827425373134329,2.560634328358209,2.4766791044776117,3.148320895522388,0.8815298507462687,79.0,34.1,62.70000000000001,0.0,,,,,,,,,,,,,,0.0,0.0,1.0,0.0,0.0,0.0,0.0,0.0,1.0,0.0,0.0,0.0,0.0,0.0,95bb6ddc,2021,1,57.4
21.0,2890.0,76.9,84.9,91.6,41.0,40.4,69.6,77.9,73.8,0.74,0.17128027681660898,0.25536332179930793,5.076124567474048,5.667820069204152,8.252595155709342,1.5570934256055362,3.45674740484429,4.577854671280276,2.8027681660899653,82.3,28.8,84.5,1.0,11.199999999999996,-3.299999999999997,20.60000000000001,12.0,8.700000000000003,18.299999999999997,-0.029626594477426604,0.08584814914496539,1.4032958266299604,1.8486886332119576,2.4030834106760732,0.7000000000000028,23.0,0.0,0.0,1.0,1.0,0.0,0.0,0.0,0.0,0.0,0.0,0.0,0.0,0.0,0.0,9674002f,2021,0,
22.0,2613.0,86.7,82.4,91.2,28.3,22.4,46.0,64.9,55.4,0.09,0.09644087256027553,0.26865671641791045,3.5820895522388057,5.200918484500574,5.648679678530424,0.4822043628013777,2.824339839265212,2.3076923076923075,2.3076923076923075,71.1,30.2,76.4,0.0,,,,,,,,,,,,,,1.0,0.0,0.0,0.0,1.0,0.0,0.0,0.0,0.0,0.0,0.0,0.0,0.0,0.0,970b8574,2021,1,51.2
19.0,1800.0,42.6,64.2,15.4,58.8,54.8,53.1,54.7,53.9,0.6,0.04,0.0,0.2,4.15,5.4,0.45,2.3,0.4,0.1,92.6,61.4,52.6,1.0,2.5,16.0,14.600000000000001,-0.5999999999999996,11.099999999999994,-17.799999999999997,0.02185483870967742,-0.009072580645161291,-0.1629032258064516,1.9524193548387099,1.0653225806451618,13.200000000000003,808.0,1.0,0.0,0.0,0.0,0.0,0.0,0.0,0.0,0.0,1.0,0.0,0.0,0.0,0.0,972aeb2a,2021,1,51.25
23.0,2645.0,58.7,65.9,68.7,30.4,46.0,49.0,56.6,52.8,0.65,0.034026465028355386,0.040831758034026465,1.4291115311909262,3.130434782608696,6.533081285444235,1.7013232514177694,4.185255198487712,2.041587901701323,0.5784499054820416,80.3,33.9,77.3,1.0,6.599999999999994,25.1,0.4000000000000057,5.800000000000004,5.699999999999999,8.100000000000001,0.024492566723270638,-0.025905530101566744,0.1897047515299093,0.71740331934254,0.5562822402358143,60.17203389830508,1701.0,1.0,0.0,0.0,0.0,1.0,0.0,0.0,0.0,0.0,0.0,0.0,0.0,0.0,0.0,984a5a64,2021,1,50.9
22.0,2660.0,32.9,25.4,15.3,57.0,66.6,37.0,37.3,37.2,0.15,0.047368421052631574,0.047368421052631574,1.0827067669172932,2.6052631578947367,2.0977443609022557,0.37218045112781956,2.5037593984962405,0.8458646616541353,0.5413533834586466,81.9,53.4,77.8,1.0,-7.799999999999997,8.299999999999997,6.099999999999998,2.700000000000001,11.799999999999997,-14.900000000000006,0.01728820714888826,0.011272164368139596,-0.24082264484741267,0.7140545213300633,0.19884604559527164,34.099999999999994,1164.0,0.0,0.0,1.0,0.0,0.0,0.0,1.0,0.0,0.0,0.0,0.0,0.0,0.0,0.0,9939e168,2021,1,46.0
23.0,1879.0,37.4,34.1,29.4,52.1,34.8,38.6,39.0,38.8,0.36,0.014369345396487494,0.00957956359765833,0.5747738158594998,3.113358169238957,1.9638105375199575,0.23948908994145823,2.442788717402874,0.5268759978712081,0.33528472591804154,82.6,52.79999999999999,54.9,0.0,,,,,,,,,,,,,,1.0,0.0,0.0,0.0,0.0,0.0,0.0,0.0,0.0,0.0,0.0,1.0,0.0,0.0,997fff07,2021,1,45.650000000000006
23.0,2747.0,53.4,37.3,30.3,58.7,68.7,55.3,61.8,58.6,0.9,0.07535493265380415,0.013105205678922462,0.3931561703676738,2.4244630506006555,2.817619220968329,0.0655260283946123,2.4244630506006555,1.0156534401164907,0.03276301419730615,87.7,69.3,80.3,1.0,-0.7999999999999972,5.199999999999996,-10.800000000000004,4.199999999999999,-13.700000000000003,7.700000000000003,0.01896395521019513,0.0018270101902006577,-0.020377664218792335,-0.67862138053543,-0.6958377012790438,10.299999999999997,353.0,1.0,0.0,0.0,0.0,0.0,0.0,0.0,0.0,0.0,0.0,0.0,1.0,0.0,0.0,9a64e67e,2021,1,50.3
19.0,1591.0,66.9,63.8,83.0,38.3,28.3,45.3,58.0,51.6,1.7,0.039597737272155875,0.05091137649277184,2.1495914519170336,3.28095537397863,6.61847894406034,2.5455688246385924,2.828409805153991,1.923318667504714,0.961659333752357,84.60169491525424,39.20508474576271,36.91571338780641,1.0,-4.899999999999999,26.10000000000001,-6.299999999999997,4.599999999999994,9.799999999999997,-26.499999999999996,0.025557175649690976,0.0017694108141446951,0.6753324815582191,0.3704290220634592,-0.15898222352527025,-13.984286612193586,309.0,1.0,0.0,0.0,0.0,1.0,0.0,0.0,0.0,0.0,0.0,0.0,0.0,0.0,0.0,9b398aea,2021,0,
22.0,2275.0,90.1,73.6,86.9,32.2,63.5,69.0,59.7,64.4,0.29,0.27692307692307694,0.20175824175824172,3.520879120879121,7.437362637362637,5.617582417582417,1.1868131868131868,3.876923076923077,3.243956043956044,1.621978021978022,81.4,50.6,66.5,1.0,6.000000000000007,26.999999999999993,-1.8000000000000114,14.5,6.300000000000004,1.2999999999999972,0.10557221563567895,0.06304563976368144,-0.23252069779721607,-0.9916650892172196,2.133645502276508,34.2,1172.0,0.0,0.0,1.0,0.0,0.0,0.0,0.0,0.0,0.0,0.0,1.0,0.0,0.0,0.0,9b6f7fd5,2021,1,50.9
22.0,2899.0,37.3,38.7,17.3,44.9,55.9,44.9,50.1,47.5,0.5,0.03725422559503277,0.0031045187995860646,0.3414970679544671,2.297343911693688,2.6388409796481547,0.4035874439461884,3.228699551569507,0.6209037599172129,0.09313556398758194,87.4,67.6,84.8,0.0,,,,,,,,,,,,,,1.0,0.0,0.0,0.0,0.0,0.0,0.0,0.0,0.0,0.0,0.0,1.0,0.0,0.0,9c221d14,2021,1,57.8
22.0,1454.0,48.9,54.2,39.4,22.1,64.8,47.0,48.6,47.8,1.02,0.28473177441540576,0.14236588720770288,2.2283356258596974,1.423658872077029,4.518569463548831,1.0522696011004127,2.2283356258596974,4.642365887207703,0.9284731774415406,69.9,39.1,42.5,0.0,,,,,,,,,,,,,,0.0,1.0,0.0,0.0,0.0,1.0,0.0,0.0,0.0,0.0,0.0,0.0,0.0,0.0,9d5dcc23,2021,0,
23.0,2222.0,46.5,54.4,59.9,31.3,43.0,44.2,49.2,46.7,0.79,0.024302430243024302,0.08505850585058505,1.0126012601260126,3.1188118811881185,5.184518451845184,1.3366336633663365,3.9288928892889285,0.7695769576957695,0.6885688568856886,81.7,58.0,65.0,0.0,,,,,,,,,,,,,,1.0,0.0,0.0,0.0,1.0,0.0,0.0,0.0,0.0,0.0,0.0,0.0,0.0,0.0,9daeac61,2021,0,
20.0,1306.0,64.4,59.7,71.5,62.8,55.5,63.8,63.6,63.7,1.03,0.33767228177641656,0.15160796324655437,2.756508422664625,2.343032159264931,5.03062787136294,1.3093415007656968,1.5160796324655437,4.823889739663094,1.2404287901990811,81.4,36.1,38.2,1.0,15.700000000000003,-5.3999999999999915,9.700000000000003,9.399999999999999,40.699999999999996,21.700000000000003,0.17774336129662982,-0.044304964341184416,0.5175035359476103,-0.686831035789436,-0.4957061792512838,-27.599999999999994,-945.0,0.0,1.0,0.0,0.0,0.0,1.0,0.0,0.0,0.0,0.0,0.0,0.0,0.0,0.0,9e1035f8,2021,1,68.6
22.0,3060.0,57.1,69.0,79.6,51.7,58.7,61.0,65.8,63.4,1.12,0.026470588235294117,0.06764705882352941,1.6764705882352942,3.676470588235294,6.205882352941177,1.1764705882352942,4.794117647058823,1.1470588235294117,0.8823529411764706,86.0,56.8,89.5,1.0,4.399999999999999,6.200000000000003,-4.599999999999994,11.5,14.900000000000006,0.30000000000000426,0.005949415596857639,-0.020300823912626942,0.2986204253688447,-0.68336846139107,-0.5157118221881585,-0.29999999999999716,-10.0,1.0,0.0,0.0,0.0,1.0,0.0,0.0,0.0,0.0,0.0,0.0,0.0,0.0,0.0,9e525177,2021,1,53.4
22.0,2685.0,46.3,29.2,22.7,50.8,70.5,51.3,59.7,55.5,0.46,0.0335195530726257,0.02681564245810056,0.335195530726257,1.7094972067039107,2.681564245810056,0.2681564245810056,3.35195530726257,0.7039106145251397,0.0335195530726257,84.6,66.4,78.5,1.0,6.799999999999997,4.399999999999999,-3.3000000000000007,4.099999999999998,-4.0,15.799999999999997,0.009692019033291355,0.02341170902390994,-0.039237147034711206,0.19669283885090305,-0.36690218815236797,1.2000000000000028,41.0,1.0,0.0,0.0,0.0,0.0,0.0,0.0,0.0,0.0,0.0,0.0,1.0,0.0,0.0,9f7c837d,2021,1,45.6
23.0,1300.0,21.4,14.6,29.2,70.2,48.7,43.9,49.4,46.6,1.17,0.0,0.013846153846153847,0.34615384615384615,1.5923076923076922,1.1076923076923078,0.06923076923076923,3.046153846153846,0.13846153846153847,0.20769230769230768,88.7,53.2,42.5,1.0,-3.1999999999999957,-45.4,-30.1,1.8999999999999986,5.0,3.700000000000003,-0.11631663974151858,-0.0006934261215359762,-0.23542935255374675,-1.2186404871380638,-2.4787746986454584,22.3,681.0,1.0,0.0,0.0,0.0,0.0,0.0,0.0,0.0,0.0,0.0,0.0,1.0,0.0,0.0,9f979eb2,2021,0,
20.0,1726.0,49.1,31.7,34.4,24.5,68.5,38.9,38.8,38.8,0.12,0.12514484356894554,0.09907300115874855,1.4600231749710313,1.929316338354577,3.4936268829663963,0.5735805330243338,2.502896871378911,2.659327925840093,0.7300115874855156,66.8,58.1,56.4,1.0,-1.6000000000000014,-5.899999999999999,10.399999999999999,4.299999999999997,5.300000000000001,0.7000000000000028,0.001341015817749383,0.03986247484295908,0.06050164387055301,0.9637225767463007,0.31448380246940966,1.7999999999999972,54.0,0.0,0.0,1.0,1.0,0.0,0.0,0.0,0.0,0.0,0.0,0.0,0.0,0.0,0.0,a0415710,2021,1,59.3
22.0,2920.0,87.4,62.0,80.4,32.8,19.8,57.3,70.1,63.7,0.04,0.2743150684931507,0.11712328767123288,3.2363013698630136,2.9589041095890414,6.75,2.712328767123288,0.8013698630136987,5.856164383561644,1.2636986301369864,80.6,51.1,85.4,1.0,-0.5,-3.8999999999999915,-3.4000000000000057,1.6000000000000085,5.799999999999997,1.0,-0.1649584842877801,-0.05313777929812012,0.10349773762691816,1.1313847900113512,-1.5019358450080071,8.100000000000009,277.0,0.0,0.0,1.0,1.0,0.0,0.0,0.0,0.0,0.0,0.0,0.0,0.0,0.0,0.0,a1d5bd30,2021,1,52.0
22.0,1208.0,60.9,40.6,57.1,35.1,12.7,41.7,42.3,42.0,0.91,0.14900662251655628,0.06705298013245033,2.4586092715231787,1.3410596026490067,4.693708609271523,1.564569536423841,2.086092715231788,3.129139072847682,1.043046357615894,81.1,11.1,35.3,1.0,-8.700000000000003,-6.300000000000004,-3.1000000000000014,-8.600000000000001,-11.899999999999999,-23.099999999999998,0.021165713425647187,-0.048003838049367864,-0.865254364840458,-0.5477686634557495,-0.19303130644190247,14.699999999999996,504.0,0.0,0.0,1.0,0.0,0.0,0.0,0.0,0.0,1.0,0.0,0.0,0.0,0.0,0.0,a29b1131,2021,0,
22.0,977.0,77.5,65.5,89.9,15.3,63.0,61.8,71.3,66.6,0.09,0.1750255885363357,0.2947799385875128,3.592630501535312,3.7768679631525073,6.448311156601842,1.842374616171955,4.145342886386898,3.1320368474923233,2.3029682702149437,72.5,38.1,31.9,0.0,,,,,,,,,,,,,,0.0,0.0,1.0,1.0,0.0,0.0,0.0,0.0,0.0,0.0,0.0,0.0,0.0,0.0,a2a85828,2021,0,
22.0,1412.0,42.2,21.2,19.8,49.5,60.1,35.6,34.8,35.2,0.49,0.08923512747875353,0.06373937677053824,1.3385269121813033,2.54957507082153,1.4660056657223797,0.254957507082153,3.5056657223796037,1.3385269121813033,0.7011331444759207,79.0,44.4,41.3,1.0,-8.399999999999999,-0.3999999999999986,0.8000000000000007,-13.2,15.399999999999999,-10.300000000000004,-0.0022017375430171404,-0.014635078962408052,-0.7514585740305981,-0.16679549538066807,0.067717305944897,1.0,34.0,0.0,0.0,1.0,0.0,0.0,0.0,1.0,0.0,0.0,0.0,0.0,0.0,0.0,0.0,a2b105e0,2021,1,45.4
20.0,1216.0,69.6,44.4,47.0,24.7,59.6,47.0,48.5,47.8,0.08,0.24424342105263155,0.044407894736842105,2.5164473684210527,2.5164473684210527,4.0707236842105265,1.850328947368421,5.550986842105263,3.9226973684210527,0.7401315789473685,76.68814814814814,38.84148148148148,24.372368421052634,1.0,-11.100000000000001,5.199999999999989,-24.699999999999996,-16.1,-6.800000000000001,5.0,0.07621541638518697,-0.07111135847202606,-0.9491302278449916,-3.2805015199901737,-1.0541477307621445,-0.7276315789473671,359.0,0.0,0.0,1.0,0.0,0.0,0.0,0.0,0.0,0.0,0.0,1.0,0.0,0.0,0.0,a3b03921,2021,1,53.4
22.0,2545.0,68.3,35.2,51.8,56.0,72.9,58.8,64.4,61.6,1.37,0.045972495088408644,0.028290766208251474,0.8133595284872298,2.404715127701375,2.864440078585462,0.35363457760314343,5.5166994106090375,1.0609037328094302,0.2829076620825147,90.5,67.5,74.4,1.0,5.0,12.0,-6.799999999999997,6.099999999999994,2.200000000000003,9.200000000000003,-0.023876166145584368,0.01082860089975322,0.010099924296310125,0.5943585884806888,0.30925529068158486,-1.0,-32.0,1.0,0.0,0.0,0.0,0.0,0.0,0.0,0.0,0.0,0.0,0.0,1.0,0.0,0.0,a3d94a58,2021,1,74.9
20.0,1363.0,61.1,33.6,21.9,69.1,29.9,41.2,43.7,42.4,0.36,0.059427732942039624,0.03301540719002201,0.46221570066030815,2.5091709464416727,3.5656639765223774,0.13206162876008803,1.8488628026412326,0.5942773294203962,0.19809244314013208,89.9,69.6,39.9,1.0,-13.800000000000004,-0.6000000000000014,8.900000000000002,-5.600000000000001,10.299999999999997,-37.50000000000001,-0.019033805519498834,0.028400022574637394,0.00067723912184664,1.8579716688300698,0.38609402336474963,-17.1,-587.0,1.0,0.0,0.0,0.0,0.0,0.0,0.0,0.0,0.0,1.0,0.0,0.0,0.0,0.0,a40819d9,2021,0,
23.0,1896.0,47.1,34.1,44.0,38.2,52.4,43.5,42.3,42.9,0.22,0.29430379746835444,0.09968354430379747,2.278481012658228,0.5221518987341772,2.1835443037974684,1.0443037974683544,0.8544303797468354,5.1265822784810124,0.949367088607595,85.0,22.1,55.4,0.0,,,,,,,,,,,,,,0.0,1.0,0.0,0.0,0.0,0.0,0.0,0.0,0.0,0.0,0.0,0.0,1.0,0.0,a4948e67,2021,1,36.900000000000006
22.0,1168.0,38.7,64.9,36.8,46.6,46.4,48.8,51.6,50.2,1.12,0.023116438356164382,0.007705479452054795,0.6934931506849314,4.777397260273973,5.470890410958904,0.3852739726027397,4.006849315068493,0.3852739726027397,0.23116438356164384,89.4,51.5,34.2,1.0,1.9000000000000057,6.700000000000003,12.200000000000003,-9.100000000000001,1.8999999999999986,-4.600000000000001,0.01387619194959354,-0.03849575258079941,-0.3229339540378612,1.4513832241005877,1.3585060898427614,1.74948665297741,-780.0,1.0,0.0,0.0,0.0,0.0,0.0,0.0,0.0,0.0,1.0,0.0,0.0,0.0,0.0,a4e85758,2021,1,59.2
22.0,2109.0,38.5,55.3,37.5,41.9,58.7,47.1,48.4,47.8,0.8,0.051209103840682786,0.06401137980085349,2.2617354196301562,3.456614509246088,4.438122332859175,2.6458036984352775,2.4324324324324325,1.7923186344238975,0.6827880512091038,84.7,40.9,68.9,0.0,,,,,,,,,,,,,,0.0,0.0,1.0,0.0,0.0,0.0,0.0,0.0,1.0,0.0,0.0,0.0,0.0,0.0,a572e291,2021,1,41.0
22.0,1781.0,89.4,85.8,88.6,35.8,13.6,66.1,79.1,72.6,0.63,0.4194272880404268,0.20213363279056712,5.103874227961819,4.952274003368895,8.742279618192027,2.526670409882089,1.7686692869174623,6.923076923076923,1.8697361033127458,84.4,30.4,52.1,1.0,9.599999999999994,18.700000000000003,4.700000000000003,18.69999999999999,-1.4000000000000057,-12.1,0.24918188926742066,0.09630541193167143,1.9290276021949486,-0.04606394009018011,0.028961119933311963,-25.499999999999993,-175.0,0.0,0.0,1.0,1.0,0.0,0.0,0.0,0.0,0.0,0.0,0.0,0.0,0.0,0.0,a5db0bec,2021,0,
23.0,2064.0,34.2,33.4,16.3,39.6,65.0,36.1,35.4,35.8,0.02,0.06540697674418605,0.04796511627906977,1.2645348837209303,1.9622093023255813,3.7936046511627906,0.8284883720930233,3.270348837209302,1.569767441860465,0.5232558139534884,76.8,57.7,60.4,0.0,,,,,,,,,,,,,,0.0,0.0,1.0,0.0,0.0,0.0,1.0,0.0,0.0,0.0,0.0,0.0,0.0,0.0,a62b4888,2021,0,
23.0,1381.0,47.7,15.7,16.5,47.4,47.5,38.0,43.7,40.8,1.19,0.03258508327299058,0.0,0.26068066618392466,1.4337436640115857,1.4989138305575669,0.32585083272990584,2.6068066618392467,0.4561911658218682,0.06517016654598116,84.4,60.0,40.4,1.0,-6.600000000000001,-17.799999999999997,0.1999999999999993,-1.1999999999999993,0.19999999999999574,-11.600000000000001,-0.0162218581586797,-0.039045553145336226,-0.03216098240609705,-0.09544625621032887,0.22983910869705215,-40.50000000000001,-1385.0,1.0,0.0,0.0,0.0,0.0,0.0,0.0,0.0,0.0,0.0,0.0,1.0,0.0,0.0,a712ca2b,2021,1,59.9
21.0,2652.0,50.2,74.4,34.5,55.8,74.9,64.8,63.7,64.2,0.42,0.03393665158371041,0.016968325791855206,0.8484162895927603,4.920814479638009,5.056561085972851,0.6108597285067874,3.834841628959276,0.746606334841629,0.10180995475113122,91.0,64.2,86.7,1.0,9.5,24.300000000000004,27.000000000000007,16.7,-12.900000000000006,9.300000000000011,0.008416802812443874,0.00846170953476636,0.3380193141674295,2.589642371417086,2.453895765082244,52.1,1594.0,1.0,0.0,0.0,0.0,0.0,0.0,0.0,0.0,0.0,1.0,0.0,0.0,0.0,0.0,a73c8f95,2021,1,56.1
22.0,918.0,40.6,74.8,69.7,58.9,65.3,57.6,63.2,60.4,0.2,0.10784313725490198,0.2058823529411765,4.313725490196079,3.823529411764706,12.058823529411766,4.11764705882353,3.9215686274509807,3.1372549019607847,1.6666666666666667,77.3,26.3,26.8,1.0,1.6000000000000014,-28.9,0.20000000000000284,1.0,36.4,29.299999999999997,-0.09463155340876504,0.08439753854297627,0.9728930942455731,0.7202408522464125,0.2802223251505329,0.8000000000000007,29.0,0.0,1.0,0.0,0.0,0.0,1.0,0.0,0.0,0.0,0.0,0.0,0.0,0.0,0.0,a83d8b0c,2021,0,
20.0,1694.0,51.0,63.6,79.2,53.3,48.6,55.9,61.7,58.8,0.94,0.015938606847697757,0.10094451003541911,1.7532467532467533,3.4533648170011806,4.037780401416765,0.6906729634002361,3.187721369539551,1.6469893742621016,0.8500590318772137,88.8,55.0,49.5,0.0,,,,,,,,,,,,,,1.0,0.0,0.0,0.0,1.0,0.0,0.0,0.0,0.0,0.0,0.0,0.0,0.0,0.0,a8567629,2021,0,
22.0,2883.0,43.1,71.1,65.9,56.8,82.6,64.7,71.6,68.2,0.68,0.06555671175858481,0.08740894901144641,2.684703433922997,8.30385015608741,5.900104058272633,0.7492195629552549,4.0582726326742975,1.8730489073881376,1.279916753381894,87.5,54.6,84.3,1.0,5.0,0.20000000000000284,-1.0,-3.5,1.0999999999999943,16.5,0.013352535424478083,-0.07268385841314753,-0.55195549879162,-0.19038318070648508,2.5961935435584085,8.700000000000003,297.0,0.0,0.0,1.0,0.0,0.0,0.0,0.0,0.0,0.0,0.0,1.0,0.0,0.0,0.0,a8a874f1,2021,1,52.2
20.0,2506.0,31.1,36.3,39.4,38.3,76.9,39.1,38.4,38.8,1.08,0.19752593774940144,0.13647246608140462,2.298483639265762,1.544293695131684,2.1907422186751795,1.005586592178771,2.011173184357542,3.411811652035116,1.077414205905826,71.0,38.9,81.9,1.0,-4.300000000000004,-10.199999999999996,6.099999999999998,6.600000000000001,11.899999999999999,0.10000000000000853,-0.06942321479297145,0.04113348303055715,0.4552633002827111,0.2839625576582303,0.27310725445371764,35.60000000000001,1090.0,0.0,1.0,0.0,0.0,0.0,0.0,0.0,0.0,0.0,0.0,0.0,0.0,1.0,0.0,a8d4428b,2021,0,
22.0,1183.0,48.4,63.7,50.2,51.9,39.7,52.8,55.3,54.0,0.04,0.10650887573964497,0.08368554522400677,2.2823330515638207,4.108199492814878,6.010143702451395,2.1301775147928996,3.8799661876584954,1.1411665257819104,0.8368554522400676,88.39236641221375,39.02824427480916,26.02333051563821,0.0,,,,,,,,,,,,,,0.0,0.0,1.0,0.0,0.0,0.0,0.0,0.0,1.0,0.0,0.0,0.0,0.0,0.0,a99138af,2021,0,
23.0,2847.0,81.9,58.9,85.8,15.2,46.4,57.1,68.9,63.0,0.37,0.1833508956796628,0.20547945205479454,3.2876712328767126,3.5089567966280297,6.385669125395153,1.4541622760800843,2.9083245521601686,3.7618545837723922,1.833508956796628,67.8,42.3,83.2,0.0,,,,,,,,,,,,,,0.0,0.0,1.0,1.0,0.0,0.0,0.0,0.0,0.0,0.0,0.0,0.0,0.0,0.0,aa849a12,2021,1,43.6
23.0,1433.0,68.1,52.7,56.6,13.7,42.9,46.5,48.2,47.4,1.35,0.16329378925331473,0.1256106071179344,2.135380321004885,2.826238660153524,6.657362177250524,2.826238660153524,2.198185624563852,2.260990928122819,1.0676901605024425,69.1,55.6,41.9,0.0,,,,,,,,,,,,,,0.0,0.0,1.0,0.0,0.0,0.0,0.0,0.0,1.0,0.0,0.0,0.0,0.0,0.0,aad53e64,2021,0,
20.0,2747.0,67.1,79.7,85.1,51.9,57.8,70.8,74.3,72.6,0.87,0.37677466326902076,0.23261740080087367,3.9643247178740446,2.621041135784492,6.749180924645067,1.7364397524572261,1.6381507098653076,5.995631598107026,1.6053876956680015,76.0,40.8,80.3,0.0,,,,,,,,,,,,,,0.0,1.0,0.0,0.0,0.0,1.0,0.0,0.0,0.0,0.0,0.0,0.0,0.0,0.0,aad56ca3,2021,1,59.2
21.0,1064.0,28.0,30.1,48.4,34.3,59.1,38.6,40.0,39.3,0.79,0.05075187969924812,0.1099624060150376,2.1146616541353382,2.706766917293233,3.2988721804511276,0.8458646616541353,2.4530075187969924,1.268796992481203,1.099624060150376,73.56440677966101,48.72881355932203,32.87518796992481,0.0,,,,,,,,,,,,,,0.0,0.0,1.0,0.0,0.0,0.0,1.0,0.0,0.0,0.0,0.0,0.0,0.0,0.0,ab700320,2021,1,64.2
22.0,1677.0,86.2,80.9,69.3,22.1,67.9,60.1,67.1,63.6,0.9,0.13953488372093023,0.08050089445438283,1.3953488372093024,5.152057245080501,5.098389982110913,0.8586762075134169,4.025044722719142,2.7906976744186047,0.5366726296958855,77.9,66.0,54.8,1.0,-4.300000000000004,2.799999999999997,4.5,-10.900000000000006,-9.599999999999998,-6.099999999999994,-0.0017999452190585463,0.01488115244653089,-0.47228997378340676,0.20214769383272913,0.3062916814237422,-3.5,-106.0,1.0,0.0,0.0,0.0,1.0,0.0,0.0,0.0,0.0,0.0,0.0,0.0,0.0,0.0,ac73ec79,2021,0,
22.0,2011.0,75.5,64.4,26.1,60.2,52.1,55.2,57.4,56.3,0.61,0.10740924912978617,0.01790154152163103,0.3580308304326206,3.5803083043262056,4.296369965191447,0.3580308304326206,2.506215813028344,1.029338637493784,0.13426156141223272,86.7,64.7,58.8,1.0,0.5,17.0,7.200000000000003,-9.100000000000001,-0.7999999999999972,-4.100000000000001,0.0037055454260824655,0.0030867267068162146,-0.2715987991970091,0.11118478000626197,0.024752748770650257,-37.60000000000001,-419.0,1.0,0.0,0.0,0.0,0.0,0.0,0.0,0.0,0.0,1.0,0.0,0.0,0.0,0.0,ad82197c,2021,1,59.099999999999994
22.0,2194.0,85.3,72.9,91.1,27.5,39.9,64.4,75.9,70.2,1.21,0.23792160437556975,0.20920692798541476,4.266180492251595,5.8659981768459435,6.030082041932544,0.984503190519599,2.4612579762989975,4.4712853236098455,1.5587967183226983,77.9,43.1,71.7,1.0,10.200000000000003,11.200000000000003,5.0,27.499999999999993,1.0,-8.600000000000001,0.021054134496051702,0.06462861473240272,1.2541322994805113,0.487913367233749,0.3238295021471487,47.300000000000004,1447.0,0.0,0.0,1.0,1.0,0.0,0.0,0.0,0.0,0.0,0.0,0.0,0.0,0.0,0.0,ae44e8e2,2021,1,63.8
22.0,2559.0,58.8,64.0,71.3,35.1,28.9,53.6,57.1,55.4,0.92,0.07737397420867527,0.13716295427901523,2.9191090269636577,3.9038686987104336,6.611957796014068,2.4267291910902697,2.3563892145369283,1.8288393903868698,1.3716295427901524,79.3,27.3,74.8,0.0,,,,,,,,,,,,,,0.0,0.0,1.0,0.0,0.0,0.0,0.0,0.0,1.0,0.0,0.0,0.0,0.0,0.0,ae4fc6a4,2021,1,60.35
20.0,1110.0,77.9,40.3,51.5,27.2,43.6,41.3,45.6,43.4,2.67,0.15405405405405403,0.016216216216216217,0.8918918918918919,1.8648648648648647,2.189189189189189,1.3783783783783783,4.54054054054054,3.0,0.3243243243243243,78.3,36.4,32.5,0.0,,,,,,,,,,,,,,1.0,0.0,0.0,0.0,1.0,0.0,0.0,0.0,0.0,0.0,0.0,0.0,0.0,0.0,ae5019e6,2021,1,42.2
21.0,1919.0,16.3,68.4,18.0,62.3,61.8,48.3,58.5,53.4,0.39,0.014069828035435121,0.042209484106305366,1.3600833767587284,6.988014590932777,6.378322042730589,1.1255862428348098,4.080250130276186,0.5627931214174049,0.7034914017717561,86.9,60.9,56.1,1.0,9.600000000000001,4.9,13.900000000000006,-2.8999999999999986,1.5999999999999943,8.699999999999996,0.014069828035435121,-0.002308240543323653,-0.27223319372766897,2.0749419932664503,2.2394572949723486,8.0,706.0,0.0,0.0,1.0,0.0,0.0,0.0,0.0,0.0,0.0,0.0,1.0,0.0,0.0,0.0,ae59b359,2021,1,44.0
22.0,1655.0,52.9,45.6,35.4,55.7,71.9,58.0,63.9,61.0,0.04,0.03806646525679758,0.027190332326283987,0.5981873111782477,1.903323262839879,2.9909365558912384,0.7069486404833837,4.132930513595166,0.8157099697885196,0.2175226586102719,87.4,64.9,48.4,0.0,,,,,,,,,,,,,,1.0,0.0,0.0,0.0,0.0,0.0,0.0,0.0,0.0,0.0,0.0,1.0,0.0,0.0,ae7058f9,2021,1,66.4
23.0,1177.0,46.4,30.2,17.4,21.2,50.2,35.2,32.6,33.9,0.05,0.3746813933729822,0.05352591333899745,1.3763806287170774,0.994052676295667,2.4468988954970263,1.146983857264231,0.6117247238742566,3.4409515717926933,0.45879354290569246,61.7,31.6,34.4,0.0,,,,,,,,,,,,,,0.0,1.0,0.0,0.0,0.0,1.0,0.0,0.0,0.0,0.0,0.0,0.0,0.0,0.0,ae86d473,2021,0,
21.0,2388.0,50.0,68.3,86.8,48.0,31.0,58.9,63.6,61.2,1.46,0.17336683417085424,0.25251256281407036,2.9396984924623113,2.0728643216080402,7.3869346733668335,2.148241206030151,1.2060301507537687,4.296482412060302,1.658291457286432,76.1,21.7,78.0,1.0,6.300000000000004,-39.2,4.899999999999999,4.5,31.0,26.7,-0.08580877283083971,-0.03715429207017584,-0.4651575210893544,-1.2522522266896319,-0.11234177664153622,20.1,617.0,0.0,1.0,0.0,0.0,0.0,1.0,0.0,0.0,0.0,0.0,0.0,0.0,0.0,0.0,aeed5c06,2021,1,62.2
22.0,2042.0,60.2,78.3,98.4,23.3,32.8,47.5,64.2,55.8,1.67,0.026444662095984325,0.24681684622918704,3.305582761998041,4.363369245837414,7.095984329089128,1.4103819784524976,1.9833496571988245,2.071498530852106,2.5122428991185113,70.4,56.4,66.7,0.0,,,,,,,,,,,,,,1.0,0.0,0.0,0.0,1.0,0.0,0.0,0.0,0.0,0.0,0.0,0.0,0.0,0.0,af0d79a9,2021,0,
22.0,2450.0,90.1,63.9,88.2,32.7,30.7,61.5,74.2,67.8,1.03,0.2534693877551021,0.3122448979591837,3.526530612244898,3.195918367346939,6.795918367346939,1.579591836734694,2.7183673469387757,5.326530612244898,1.836734693877551,77.46043956043957,18.46153846153846,58.95755102040816,1.0,-0.20000000000000284,23.099999999999994,-7.399999999999999,4.900000000000006,-12.5,-14.2,-0.10830535627220167,0.12794455666225538,-0.1253465208609037,-0.9515219056906039,0.05598662673260435,-18.142448979591833,-187.0,0.0,0.0,1.0,1.0,0.0,0.0,0.0,0.0,0.0,0.0,0.0,0.0,0.0,0.0,b0f7e36c,2021,1,61.9
23.0,1774.0,57.5,94.3,90.2,57.2,48.5,70.5,77.6,74.0,1.61,0.2841037204058624,0.21307779030439683,4.160090191657272,3.855693348365276,13.19052987598647,3.7034949267192783,1.5727170236753099,7.86358511837655,1.826381059751973,82.5,40.0,51.9,0.0,,,,,,,,,,,,,,0.0,1.0,0.0,0.0,0.0,1.0,0.0,0.0,0.0,0.0,0.0,0.0,0.0,0.0,b19db005,2021,1,71.8
23.0,1953.0,49.9,40.3,25.4,20.7,63.4,38.3,37.7,38.0,0.6,0.09677419354838711,0.05990783410138249,1.4285714285714286,2.672811059907834,4.1013824884792625,1.6589861751152075,3.7327188940092166,2.0737327188940093,0.6912442396313364,76.5,41.9,63.8,1.0,-4.299999999999997,-14.399999999999999,-3.9000000000000057,-0.8000000000000007,-6.5,1.5,-0.07770985898444592,0.003622655864984739,-0.4288394532296973,-0.6828576616145465,0.0274076827971399,11.5,354.0,0.0,0.0,1.0,0.0,0.0,0.0,0.0,0.0,1.0,0.0,0.0,0.0,0.0,0.0,b3325a30,2021,1,41.8
21.0,2715.0,57.5,65.4,44.4,47.4,71.1,60.7,63.6,62.2,0.64,0.06961325966850829,0.013259668508287293,0.8287292817679558,4.176795580110497,4.143646408839778,0.5966850828729282,3.116022099447514,0.8287292817679558,0.26519337016574585,83.8,64.6,79.4,1.0,3.4000000000000057,-1.8999999999999986,-14.399999999999991,-18.300000000000004,15.299999999999997,14.399999999999991,0.030451867263444996,-0.06150298971956082,-0.4885175536750822,-1.338948527869082,-1.1989955591300099,5.5,187.0,1.0,0.0,0.0,0.0,0.0,0.0,0.0,0.0,0.0,0.0,0.0,1.0,0.0,0.0,b3af9be1,2021,1,54.0
17.0,1530.0,34.1,34.4,24.2,22.7,45.8,31.7,31.7,31.7,2.03,0.06470588235294118,0.06470588235294118,1.4705882352941178,1.0,4.529411764705882,1.588235294117647,1.8235294117647058,2.176470588235294,0.5294117647058824,74.7,42.9,44.7,0.0,,,,,,,,,,,,,,0.0,0.0,1.0,0.0,0.0,0.0,0.0,0.0,1.0,0.0,0.0,0.0,0.0,0.0,b51b1b9c,2021,1,46.4
23.0,1959.0,50.7,50.5,33.8,57.2,64.8,56.2,60.4,58.3,0.14,0.045941807044410414,0.022970903522205207,0.5972434915773354,2.9402756508422665,2.894333843797856,0.8728943338437979,3.30781010719755,0.7350689127105666,0.18376722817764166,86.4,59.7,57.3,1.0,7.899999999999999,23.000000000000004,9.200000000000003,13.799999999999997,12.800000000000004,3.0999999999999943,0.03828874581992062,0.007664781073225614,0.06152920586304966,0.13923180298152937,0.10864299778104192,22.9,783.0,1.0,0.0,0.0,0.0,0.0,0.0,0.0,0.0,0.0,0.0,0.0,1.0,0.0,0.0,b5bf1770,2021,0,
23.0,2063.0,59.7,69.1,69.6,56.4,40.7,61.3,63.4,62.4,0.39,0.3795443528841493,0.1177896267571498,3.097430925836161,1.352399418322831,5.147842947164325,1.9631604459524965,1.8322830828889967,6.587493940862822,1.221522055259331,84.6,18.4,60.3,1.0,-13.600000000000001,-30.39999999999999,9.799999999999997,-1.1000000000000085,-3.8999999999999986,-18.5,-0.39188421854442207,-0.024082294425116224,-0.050352325395365494,1.7340498437160488,0.24402503408637788,0.8999999999999986,33.0,0.0,1.0,0.0,0.0,0.0,1.0,0.0,0.0,0.0,0.0,0.0,0.0,0.0,0.0,b66315ae,2021,1,70.4
23.0,1538.0,57.7,43.6,21.1,46.9,55.7,47.7,51.7,49.7,0.08,0.04681404421326398,0.005851755526657998,0.17555266579973994,2.808842652795839,1.6384915474642392,0.11703511053315994,3.6280884265279583,0.7022106631989598,0.05851755526657997,82.0,56.7,45.0,1.0,5.700000000000003,-0.7999999999999972,-7.399999999999999,-39.5,21.2,18.800000000000004,-0.010092570572728235,-0.04229999544610465,-1.1376769061846959,-2.1260998922244765,0.22615782789311512,-36.599999999999994,-518.0,1.0,0.0,0.0,0.0,0.0,0.0,0.0,0.0,0.0,0.0,0.0,1.0,0.0,0.0,b66d1d8a,2021,0,
21.0,1363.0,60.1,52.6,68.2,22.2,31.3,47.6,55.4,51.5,0.3,0.07923697725605282,0.17168011738811448,2.773294203961849,2.971386647101981,6.008804108584006,0.7923697725605283,2.2450476889214968,2.707263389581805,1.6507703595011005,61.6,44.4,39.9,0.0,,,,,,,,,,,,,,0.0,0.0,1.0,1.0,0.0,0.0,0.0,0.0,0.0,0.0,0.0,0.0,0.0,0.0,b7d7f3bf,2021,0,
21.0,1365.0,78.5,68.5,83.4,21.5,27.4,57.4,61.3,59.4,0.9,0.15824175824175823,0.19780219780219782,3.758241758241758,3.098901098901099,10.54945054945055,3.230769230769231,1.5164835164835166,6.461538461538462,1.8461538461538463,74.6,46.4,39.9,1.0,2.299999999999997,13.099999999999994,-0.20000000000000284,-3.1999999999999886,5.699999999999999,2.5,0.008827695741758235,0.004442822802197821,-0.5923441792582418,1.8922239869505493,-0.372778588598901,-20.0,-683.0,0.0,0.0,1.0,0.0,0.0,0.0,0.0,0.0,1.0,0.0,0.0,0.0,0.0,0.0,b8a642fc,2021,1,65.2
22.0,964.0,65.4,51.8,38.7,14.2,48.9,43.3,44.6,44.0,1.21,0.16804979253112035,0.056016597510373446,2.240663900414938,2.053941908713693,6.348547717842324,3.454356846473029,3.2676348547717846,4.481327800829876,0.7468879668049793,72.6,40.0,28.2,1.0,-0.6000000000000014,5.500000000000007,-7.200000000000003,3.200000000000003,3.299999999999999,1.0,-0.011021688677427949,-0.03683528163479973,0.052012463421569954,-0.08476105150181734,-0.4663233823695787,-25.59999999999999,-393.0,0.0,0.0,1.0,0.0,0.0,0.0,0.0,0.0,1.0,0.0,0.0,0.0,0.0,0.0,b8d22478,2021,0,
18.0,1731.0,77.3,61.9,88.0,18.8,26.9,55.6,53.2,54.4,0.84,0.17677642980935873,0.3015597920277296,4.887348353552859,3.067590987868284,5.979202772963604,1.7157712305025996,2.4436741767764296,2.4436741767764296,3.0155979202772962,71.8,32.6,50.6,0.0,,,,,,,,,,,,,,0.0,0.0,1.0,0.0,0.0,0.0,1.0,0.0,0.0,0.0,0.0,0.0,0.0,0.0,b94b8be1,2021,0,
23.0,1299.0,42.9,61.1,28.2,43.5,47.9,47.2,47.6,47.4,0.56,0.020785219399538105,0.006928406466512702,0.48498845265588914,4.295612009237876,2.2863741339491916,1.1778290993071594,2.4249422632794455,0.6235565819861432,0.13856812933025403,81.7,56.5,42.5,0.0,,,,,,,,,,,,,,1.0,0.0,0.0,0.0,0.0,0.0,0.0,0.0,0.0,0.0,0.0,1.0,0.0,0.0,bb08bce9,2021,1,50.4
19.0,1835.0,35.0,60.1,24.8,52.5,61.4,48.0,55.8,51.9,0.0,0.0784741144414169,0.044141689373297,1.8147138964577656,4.561307901907357,4.9046321525885554,1.4713896457765667,2.697547683923706,0.9318801089918256,0.6866485013623979,84.0,52.50000000000001,53.7,0.0,,,,,,,,,,,,,,0.0,0.0,1.0,0.0,0.0,0.0,0.0,0.0,0.0,0.0,1.0,0.0,0.0,0.0,bb376bed,2021,1,57.6
23.0,2877.0,52.8,25.3,4.8,28.8,55.2,35.5,40.7,38.1,1.36,0.40667361835245047,0.03128258602711158,0.8759124087591241,1.032325338894682,1.9082377476538062,0.5318039624608968,0.8133472367049009,4.880083420229406,0.34410844629822734,59.3,48.2,84.1,0.0,,,,,,,,,,,,,,0.0,1.0,0.0,0.0,0.0,0.0,0.0,1.0,0.0,0.0,0.0,0.0,0.0,0.0,bbf5c11b,2021,0,
21.0,1614.0,44.3,22.4,27.3,59.8,37.4,37.4,35.9,36.6,0.79,0.34014869888475835,0.05018587360594796,1.8401486988847584,0.724907063197026,1.5613382899628252,1.1152416356877324,1.2825278810408922,3.7918215613382897,0.9479553903345724,87.94860335195533,28.70111731843576,23.60037174721189,1.0,-19.0,-35.10000000000001,-16.1,-19.3,10.099999999999994,-3.3999999999999986,-0.08842272968667025,-0.12124269782262348,-0.8537288521356501,-0.8876413018739095,-0.25468477353766794,-5.599628252788108,879.0,0.0,1.0,0.0,0.0,0.0,0.0,0.0,0.0,0.0,0.0,0.0,0.0,1.0,0.0,bc0bfc64,2021,0,
18.0,2553.0,77.2,60.0,72.0,24.8,26.5,52.9,63.6,58.2,0.6,0.24324324324324326,0.15511163337250294,3.45475910693302,2.256169212690952,7.262044653349001,1.4806110458284372,2.1504112808460634,5.4641598119858985,1.3396004700352526,74.9,25.9,74.6,1.0,12.200000000000003,-1.3999999999999915,-4.400000000000006,-16.599999999999994,2.8000000000000007,12.6,0.19190268420160037,-0.014312211464918623,1.1444339500590894,1.0498370093102105,-0.8756048888492649,23.299999999999997,800.0,0.0,0.0,1.0,1.0,0.0,0.0,0.0,0.0,0.0,0.0,0.0,0.0,0.0,0.0,bc7dc64d,2021,1,70.8
20.0,1035.0,38.1,66.6,55.5,49.8,50.0,49.6,52.2,50.9,0.44,0.2434782608695652,0.10434782608695652,2.1739130434782608,2.4347826086956523,4.956521739130435,1.391304347826087,1.1304347826086956,3.217391304347826,1.0434782608695652,73.8,36.6,30.3,1.0,12.699999999999996,-21.299999999999997,29.799999999999997,7.299999999999997,21.4,31.1,0.12202077099102268,0.01932758317197676,-0.6196092237282174,1.9200844921668714,0.977292730153142,8.600000000000001,294.0,0.0,1.0,0.0,0.0,0.0,0.0,0.0,0.0,0.0,0.0,0.0,0.0,1.0,0.0,bdb624a3,2021,1,66.1
22.0,1859.0,15.6,67.7,27.5,65.3,56.7,49.7,57.0,53.4,0.41,0.019365250134480906,0.03388918773534158,1.50080688542227,4.93813878429263,6.00322754168908,1.5976331360946745,3.4857450242065626,1.0166756320602475,0.43571812802582033,89.6,57.39999999999999,54.4,0.0,,,,,,,,,,,,,,0.0,0.0,1.0,0.0,0.0,0.0,0.0,0.0,0.0,0.0,1.0,0.0,0.0,0.0,bdc74a8f,2021,1,57.2
23.0,2109.0,65.3,41.8,26.3,55.9,64.1,53.9,59.1,56.5,0.81,0.07681365576102418,0.012802275960170697,0.4694167852062589,2.3470839260312943,2.6031294452347082,0.29871977240398295,2.2617354196301562,0.7254623044096729,0.21337126600284495,85.5,67.0,61.7,1.0,11.700000000000003,21.099999999999994,13.399999999999999,4.800000000000001,-4.800000000000004,19.499999999999993,0.03673731988316158,0.007077085120476039,0.18315724322152604,0.7138164681354715,0.17151140694732447,15.700000000000003,537.0,1.0,0.0,0.0,0.0,0.0,0.0,0.0,0.0,0.0,0.0,0.0,1.0,0.0,0.0,be170419,2021,1,48.45
21.0,1378.0,66.0,49.9,60.9,21.5,40.3,47.4,48.5,48.0,0.34,0.11756168359941944,0.1632801161103048,2.1552975326560233,3.004354136429608,5.616835994194484,1.2409288824383164,2.547169811320755,3.2656023222060955,1.1103047895500726,76.3,38.9,45.0,0.0,,,,,,,,,,,,,,0.0,0.0,1.0,0.0,0.0,0.0,0.0,0.0,1.0,0.0,0.0,0.0,0.0,0.0,be42a291,2021,0,
23.0,1372.0,53.3,49.2,42.4,29.1,59.8,48.5,51.0,49.8,0.18,0.34110787172011664,0.13775510204081634,1.902332361516035,1.3775510204081634,2.427113702623907,0.7871720116618076,1.5087463556851313,5.051020408163265,0.7215743440233237,74.5,45.50000000000001,40.1,0.0,,,,,,,,,,,,,,0.0,1.0,0.0,0.0,0.0,0.0,0.0,0.0,0.0,0.0,0.0,0.0,0.0,1.0,be47b750,2021,0,
23.0,2446.0,87.0,75.6,84.0,23.8,57.0,56.6,67.3,62.0,0.8,0.07726901062959936,0.12878168438266557,2.060506950122649,4.231398201144726,5.7767784137367135,0.7358953393295176,4.562551103843009,1.9133278822567457,0.919869174161897,79.4,59.3,71.5,1.0,-1.2000000000000028,43.0,7.699999999999989,3.5,-22.3,-29.200000000000003,-0.06483625252829538,-0.10129350358725922,-0.9846058318322379,-0.24577797724072958,0.8479395545281849,18.700000000000003,1116.0,1.0,0.0,0.0,0.0,1.0,0.0,0.0,0.0,0.0,0.0,0.0,0.0,0.0,0.0,beb391dd,2021,0,
23.0,2942.0,34.4,42.2,44.6,46.5,66.5,46.0,55.1,50.6,0.45,0.030591434398368457,0.1009517335146159,1.7743031951053705,4.894629503738953,3.303874915023793,0.4894629503738953,3.150917743031951,0.9177430319510537,0.7953772943575799,78.6,42.4,96.1,1.0,0.5,-7.0,-9.5,-4.5,8.399999999999999,6.0,-0.05137003670495905,0.031599719504108004,-0.4008281534060132,-1.3931478520515137,-0.5274370461734819,2.799999999999997,87.0,0.0,0.0,1.0,0.0,0.0,0.0,0.0,0.0,0.0,0.0,1.0,0.0,0.0,0.0,beb882a8,2021,1,49.6
22.0,3034.0,72.1,47.1,31.7,66.6,72.1,61.7,67.4,64.6,0.69,0.11568885959129863,0.017798286090969017,0.5339485827290705,2.877389584706658,3.2333553065260383,0.26697429136453527,2.788398154251813,0.8602504943968359,0.1779828609096902,87.1,77.0,88.7,1.0,9.199999999999996,2.0999999999999943,0.3999999999999986,-3.1999999999999993,4.3999999999999915,16.39999999999999,0.043865655171409126,0.00951099327328946,-0.04616191450849849,-0.3025562956839063,0.17020726426466926,-6.59999999999998,-224.0,1.0,0.0,0.0,0.0,0.0,0.0,0.0,0.0,0.0,0.0,0.0,1.0,0.0,0.0,bee704fc,2021,1,52.5
23.0,1661.0,83.1,49.9,55.7,23.0,36.4,48.6,58.2,53.4,0.7,0.30343166767007823,0.07585791691751956,2.004816375677303,3.0885009030704396,5.0391330523780855,0.8669476219145094,1.679711017459362,3.305237808549067,0.8127633955448524,71.8,40.0,54.29999999999999,1.0,13.5,17.69999999999999,3.6999999999999957,15.800000000000004,7.5,6.599999999999998,0.06332839744632607,-0.001594750896594041,-0.3962163265602183,-0.46000636242397963,1.1521842077175997,16.29999999999999,499.0,0.0,0.0,1.0,1.0,0.0,0.0,0.0,0.0,0.0,0.0,0.0,0.0,0.0,0.0,bf075f6b,2021,1,57.9
18.0,1291.0,77.7,55.5,72.3,34.8,16.6,61.8,60.3,61.0,1.33,0.418280402788536,0.17428350116189,2.927962819519752,0.975987606506584,5.019364833462432,2.230828814872192,0.557707203718048,4.391944229279628,0.975987606506584,77.1167832167832,17.9,33.705731990704884,0.0,,,,,,,,,,,,,,0.0,1.0,0.0,0.0,0.0,1.0,0.0,0.0,0.0,0.0,0.0,0.0,0.0,0.0,bf4c41f9,2021,1,44.2
23.0,1615.0,36.6,77.4,69.6,58.6,51.9,62.1,64.9,63.5,0.24,0.03343653250773994,0.1448916408668731,3.0650154798761613,5.962848297213623,9.195046439628484,1.4489164086687307,3.5665634674922604,1.6160990712074306,1.5046439628482973,86.5,36.8,47.2,1.0,2.700000000000003,8.100000000000001,4.6000000000000085,-5.0,6.700000000000003,0.19999999999999574,0.0015216388907186643,0.04914696001580926,0.4586325011527572,0.04611026941571872,0.37774191423489967,-2.299999999999997,-77.0,0.0,0.0,1.0,0.0,0.0,0.0,1.0,0.0,0.0,0.0,0.0,0.0,0.0,0.0,c0617e2b,2021,0,
21.0,3029.0,51.5,49.9,57.6,15.8,53.1,49.0,50.9,50.0,0.94,0.28227137669197755,0.20501815780785737,2.614724331462529,1.039947177286233,4.070650379663255,1.6639154836579728,1.4559260482007261,5.288874215912842,1.039947177286233,68.4,31.500000000000004,88.6,0.0,,,,,,,,,,,,,,0.0,1.0,0.0,0.0,0.0,1.0,0.0,0.0,0.0,0.0,0.0,0.0,0.0,0.0,c0b3669f,2021,1,64.1
23.0,1983.0,35.8,43.4,44.7,28.5,87.6,43.6,45.5,44.6,0.05,0.20877458396369133,0.10892586989409983,2.3600605143721634,1.1800302571860817,3.6762481089258694,1.7700453857791225,2.9046898638426626,3.857791225416036,0.7715582450832073,73.9,46.0,58.0,1.0,11.5,17.099999999999998,-4.800000000000004,17.400000000000002,-3.799999999999997,9.599999999999994,0.02427961564464548,0.01164670478042111,0.4144772120985889,1.2274967112367152,-0.396563108449401,-20.5,-700.0,0.0,1.0,0.0,0.0,0.0,1.0,0.0,0.0,0.0,0.0,0.0,0.0,0.0,0.0,c17bfb65,2021,1,55.5
23.0,1348.0,28.2,18.5,24.4,49.4,38.1,35.1,38.4,36.8,0.66,0.006676557863501484,0.006676557863501484,0.33382789317507416,2.002967359050445,1.5356083086053411,0.26706231454005935,1.8026706231454006,0.33382789317507416,0.06676557863501484,75.7,50.0,39.4,1.0,4.199999999999996,-2.0,3.5999999999999996,3.599999999999998,-5.200000000000003,9.5,-0.016050714863771243,0.006676557863501484,0.22019152953871052,0.6265173995144321,0.07114917723226322,23.7989898989899,556.0,1.0,0.0,0.0,0.0,0.0,0.0,0.0,0.0,0.0,0.0,0.0,1.0,0.0,0.0,c2111b45,2021,0,
20.0,2531.0,36.9,30.9,23.8,33.4,59.1,35.1,45.6,40.4,0.33,0.05333860134334255,0.06400632161201106,1.457921770051363,1.9201896483603318,2.8447254049782695,1.3156854998024496,4.302647175029632,1.564598972738048,0.6400632161201106,77.9,39.3,74.0,0.0,,,,,,,,,,,,,,0.0,0.0,1.0,0.0,0.0,0.0,0.0,0.0,0.0,0.0,1.0,0.0,0.0,0.0,c2731c10,2021,1,60.2
23.0,1216.0,80.5,75.7,92.0,32.0,21.9,45.1,62.9,54.0,2.32,0.11842105263157895,0.10361842105263157,2.5164473684210527,5.7730263157894735,5.032894736842105,1.40625,2.294407894736842,3.5526315789473686,1.1101973684210527,81.1,31.8,35.6,0.0,,,,,,,,,,,,,,1.0,0.0,0.0,0.0,1.0,0.0,0.0,0.0,0.0,0.0,0.0,0.0,0.0,0.0,c459a650,2021,1,61.4
20.0,1179.0,83.2,54.1,63.0,35.5,50.8,56.0,63.5,59.8,0.69,0.3129770992366412,0.15267175572519084,3.053435114503817,2.67175572519084,7.099236641221374,1.1450381679389314,1.9083969465648856,4.885496183206107,1.83206106870229,75.5,44.4,34.5,1.0,9.199999999999996,19.6,-6.0,6.100000000000001,16.3,7.699999999999996,0.0642928887103254,0.08161912414624348,0.566593009240659,0.11239453595821658,0.4217557251908399,12.3,419.0,0.0,0.0,1.0,1.0,0.0,0.0,0.0,0.0,0.0,0.0,0.0,0.0,0.0,0.0,c50cee19,2021,0,
23.0,1004.0,60.9,29.3,34.0,21.5,77.3,48.6,57.2,52.9,0.93,0.0806772908366534,0.053784860557768925,0.4482071713147411,1.9721115537848606,0.9860557768924303,0.26892430278884466,4.661354581673307,0.6274900398406374,0.35856573705179284,72.9,62.0,29.4,0.0,,,,,,,,,,,,,,1.0,0.0,0.0,0.0,0.0,0.0,0.0,0.0,0.0,0.0,0.0,1.0,0.0,0.0,c684d3c9,2021,0,
23.0,2106.0,43.7,39.1,44.7,44.6,39.0,42.0,41.5,41.8,0.56,0.07692307692307693,0.05128205128205128,2.3504273504273505,2.435897435897436,4.615384615384616,0.982905982905983,2.307692307692308,1.9230769230769231,1.0256410256410258,80.3,31.7,61.6,1.0,-5.800000000000004,19.000000000000004,-9.5,20.300000000000004,-15.399999999999999,-15.200000000000003,0.023725871119745376,0.02710150318962785,0.5127056954031699,-1.0428636382424665,-0.8526571046721503,7.200000000000003,245.0,0.0,0.0,1.0,0.0,0.0,0.0,0.0,0.0,1.0,0.0,0.0,0.0,0.0,0.0,c6e8cf1f,2021,1,49.8
23.0,1923.0,56.3,29.1,45.4,55.1,58.3,46.0,45.4,45.7,0.16,0.17784711388455537,0.04212168486739469,2.1060842433697347,2.7613104524180967,2.059282371294852,0.608424336973479,2.6209048361934477,1.4040561622464898,0.8424336973478939,81.06619718309861,55.164319248826295,37.77004680187208,1.0,-5.099999999999994,-0.7000000000000028,-7.399999999999999,-10.800000000000004,2.3000000000000043,-5.600000000000001,0.019798333396750495,-0.11592709562041019,-0.9231840493131922,-0.4870590921197824,-0.7508846695331228,-22.12995319812792,-127.0,0.0,0.0,1.0,0.0,0.0,0.0,1.0,0.0,0.0,0.0,0.0,0.0,0.0,0.0,c7259b83,2021,1,47.9
22.0,2549.0,57.7,36.5,71.3,25.0,30.8,35.9,44.5,40.2,2.14,0.024715574735190267,0.12004707728520989,1.2357787367595134,2.3303256178893683,2.436249509611612,0.6355433503334641,2.612789329148686,1.2710867006669282,0.6355433503334641,76.0,40.0,74.5,0.0,,,,,,,,,,,,,,1.0,0.0,0.0,0.0,1.0,0.0,0.0,0.0,0.0,0.0,0.0,0.0,0.0,0.0,c77be0cf,2021,0,
21.0,2137.0,51.2,49.1,65.7,29.0,50.5,46.4,50.7,48.6,1.04,0.021057557323350493,0.05053813757604118,1.3055685540477304,2.4005615348619562,4.127281235376697,1.0528778661675247,4.000935891436593,0.7159569489939167,0.6738418343472158,75.9,52.5,62.5,0.0,,,,,,,,,,,,,,1.0,0.0,0.0,0.0,1.0,0.0,0.0,0.0,0.0,0.0,0.0,0.0,0.0,0.0,c78b352d,2021,1,53.8
19.0,1801.0,38.3,34.2,12.5,62.5,64.9,51.6,59.4,55.5,0.51,0.014991671293725707,0.0,0.2998334258745141,1.5991116046640754,2.5485841199333703,0.6496390893947807,4.297612437534703,0.44975013881177117,0.0,88.3,60.6,52.70000000000001,0.0,,,,,,,,,,,,,,1.0,0.0,0.0,0.0,0.0,0.0,0.0,0.0,0.0,0.0,0.0,1.0,0.0,0.0,c795c408,2021,0,
22.0,2953.0,45.6,38.1,26.7,65.5,62.6,54.0,59.7,56.8,1.62,0.03352522858110397,0.009143244158482899,0.5181171689806976,2.224856078564172,1.5238740264138164,0.24381984422621064,2.925838130714528,1.0362343379613952,0.15238740264138165,87.4,71.9,86.3,0.0,,,,,,,,,,,,,,1.0,0.0,0.0,0.0,0.0,0.0,0.0,0.0,0.0,0.0,0.0,1.0,0.0,0.0,c81d773d,2021,1,49.849999999999994
23.0,1459.0,79.9,65.3,65.6,37.5,33.5,65.3,64.5,64.9,0.0,0.4564770390678547,0.22823851953392735,2.71418779986292,1.7888965044551062,3.5161069225496915,1.7888965044551062,0.9869773817683344,4.996572995202193,1.5421521590130225,79.8,17.3,42.7,1.0,-6.299999999999997,-5.699999999999989,-6.200000000000003,-10.0,2.799999999999997,2.0,-0.1060229609321453,-0.015511480466072675,-0.9420622001370802,-0.7026430774503085,-0.6486034955448938,14.600000000000001,499.0,0.0,1.0,0.0,0.0,0.0,1.0,0.0,0.0,0.0,0.0,0.0,0.0,0.0,0.0,c92e1a31,2021,0,
22.0,910.0,73.5,45.1,51.7,29.8,21.5,44.1,52.9,48.5,0.34,0.21758241758241761,0.08901098901098901,1.5824175824175826,2.4725274725274726,6.032967032967033,0.8901098901098902,2.175824175824176,4.252747252747253,0.989010989010989,78.0,31.600000000000005,26.6,1.0,1.0,3.799999999999997,-9.0,-7.199999999999996,1.1000000000000014,8.0,0.09558853913904201,-0.0644651806435803,-0.9361657144779136,-2.3491930020132905,0.11135563168794471,-40.300000000000004,-1377.0,0.0,0.0,1.0,1.0,0.0,0.0,0.0,0.0,0.0,0.0,0.0,0.0,0.0,0.0,c931d9f9,2021,0,
23.0,2671.0,70.5,38.8,54.2,32.4,41.2,45.7,52.4,49.0,0.1,0.24934481467615127,0.07749906402096593,1.920628977910895,3.4032197678771996,3.3695245226506927,0.5728191688506178,3.3695245226506927,2.695619618120554,0.6402096593036316,78.8,28.7,78.1,1.0,1.5,22.200000000000003,-15.900000000000006,1.4000000000000057,7.699999999999999,-5.699999999999996,0.12138272936809438,0.016564737683795995,-0.27300677022722275,-1.4442872579857324,-0.5575114440388464,34.89999999999999,1194.0,0.0,0.0,1.0,1.0,0.0,0.0,0.0,0.0,0.0,0.0,0.0,0.0,0.0,0.0,c9e39d91,2021,1,59.55
20.0,2395.0,52.6,64.4,90.9,25.9,26.2,41.6,56.4,49.0,1.45,0.02254697286012526,0.1615866388308977,2.1419624217119,4.546972860125261,5.1106471816283925,0.9394572025052192,2.6680584551148225,1.7286012526096033,1.1649269311064718,78.39999999999999,25.5,70.0,0.0,,,,,,,,,,,,,,1.0,0.0,0.0,0.0,1.0,0.0,0.0,0.0,0.0,0.0,0.0,0.0,0.0,0.0,ca3db240,2021,1,46.0
23.0,1154.0,63.8,52.2,89.3,33.0,49.5,50.6,59.2,54.9,0.93,0.03119584055459272,0.2885615251299827,2.1837088388214903,3.353552859618717,4.211438474870017,0.3119584055459272,3.587521663778163,1.3258232235701906,1.4038128249566724,72.9,51.20000000000001,33.7,0.0,,,,,,,,,,,,,,1.0,0.0,0.0,0.0,1.0,0.0,0.0,0.0,0.0,0.0,0.0,0.0,0.0,0.0,cb9ec45d,2021,0,
20.0,2894.0,23.3,53.6,34.6,60.1,85.7,51.4,68.8,60.1,1.0,0.0248790601243953,0.04353835521769177,1.9592259847961297,4.509329647546648,3.980649619903248,0.8707671043538354,4.105044920525224,0.8396682791983413,0.6841741534208707,87.2,63.2,84.6,1.0,5.300000000000004,-26.900000000000002,7.200000000000003,-18.9,-1.7999999999999972,28.400000000000006,-0.00878152893591326,0.03091563432007606,1.0756355219630302,1.4561054403801061,1.6061038410950346,-0.30000000000001137,755.0,0.0,0.0,1.0,0.0,0.0,0.0,0.0,0.0,0.0,0.0,1.0,0.0,0.0,0.0,cc77354e,2021,1,50.0
22.0,1928.0,39.0,14.0,11.3,46.7,40.0,29.3,25.5,27.4,0.64,0.3174273858921162,0.05134854771784233,1.2603734439834027,0.46680497925311204,1.4937759336099585,0.6535269709543569,0.5134854771784233,3.220954356846473,0.5601659751037344,79.0,43.4,56.4,1.0,-9.5,-25.799999999999997,2.5,-2.8999999999999986,-4.0,-16.9,-0.06869549546381598,-0.05829128279063223,0.02096666432238581,0.06369118784724659,0.18078803010056965,-18.500000000000007,40.0,0.0,1.0,0.0,0.0,0.0,0.0,0.0,0.0,0.0,0.0,0.0,0.0,1.0,0.0,cc83b74d,2021,0,
20.0,3309.0,42.5,62.1,21.9,67.7,57.5,56.6,59.3,58.0,0.53,0.032638259292837715,0.008159564823209429,0.3535811423390753,4.7053490480507705,3.617407071622847,0.21758839528558477,2.3390752493200364,0.843155031731641,0.10879419764279238,88.3,69.3,96.8,0.0,,,,,,,,,,,,,,1.0,0.0,0.0,0.0,0.0,0.0,0.0,0.0,0.0,0.0,0.0,1.0,0.0,0.0,ccce7025,2021,1,55.2
21.0,3031.0,81.1,92.8,98.5,27.6,35.5,53.6,71.8,62.7,0.63,0.07720224348399868,0.255361266908611,3.652259980204553,8.254701418673704,6.413724843286045,1.1283404816892115,3.1771692510722533,2.5536126690861103,2.167601451666117,75.3,22.2,88.6,1.0,3.700000000000003,-5.400000000000006,3.8999999999999915,-1.2000000000000028,6.600000000000001,6.699999999999999,-0.0021678352561587955,-0.0536151110441449,-0.6280549804253681,-0.5311570464777349,0.48777228481543666,-4.200000000000003,-144.0,1.0,0.0,0.0,0.0,1.0,0.0,0.0,0.0,0.0,0.0,0.0,0.0,0.0,0.0,cd1acf9d,2021,1,53.6
20.0,2627.0,26.4,57.2,43.0,64.3,72.9,53.5,64.6,59.0,0.42,0.04453749524172059,0.037685572896840505,2.0555767034640273,4.659307194518462,5.652835934526075,1.0620479634564142,4.933384088313666,0.75371145793681,0.8564902931100113,87.0,58.5,76.8,0.0,,,,,,,,,,,,,,0.0,0.0,1.0,0.0,0.0,0.0,0.0,0.0,0.0,0.0,1.0,0.0,0.0,0.0,ce4f40c7,2021,1,49.7
20.0,2354.0,61.2,50.4,65.7,48.6,43.7,56.9,57.8,57.4,0.05,0.34791843670348344,0.0994052676295667,2.6762956669498728,1.3381478334749364,2.7145284621920136,0.994052676295667,1.3763806287170774,4.893797790994053,1.2999150382327953,77.8,24.2,68.8,0.0,,,,,,,,,,,,,,0.0,1.0,0.0,0.0,0.0,0.0,0.0,1.0,0.0,0.0,0.0,0.0,0.0,0.0,ce50fd99,2021,1,62.099999999999994
23.0,2287.0,50.4,34.5,43.7,31.0,57.4,44.5,39.7,42.1,0.08,0.03935286401399213,0.02754700480979449,0.8264101442938347,2.6366418889374725,1.9282903366856143,0.2754700480979449,4.171403585483166,0.314822912111937,0.35417577612592915,78.8,64.6,66.9,1.0,-13.899999999999999,-20.6,0.20000000000000284,0.7000000000000028,-34.599999999999994,-0.6000000000000014,-0.03513593832291147,-0.0031248549759893447,0.03770517837367893,-0.7007262163815715,0.3143439337281251,6.800000000000004,233.0,1.0,0.0,0.0,0.0,0.0,0.0,0.0,0.0,0.0,1.0,0.0,0.0,0.0,0.0,d0042ab9,2021,0,
22.0,2768.0,65.7,48.8,61.2,10.6,44.3,45.5,46.8,46.2,0.02,0.16582369942196531,0.11705202312138728,2.89378612716763,2.601156069364162,5.234826589595375,2.2109826589595376,2.926300578034682,3.1539017341040463,1.495664739884393,63.4,34.8,90.5,0.0,,,,,,,,,,,,,,0.0,0.0,1.0,0.0,0.0,0.0,0.0,0.0,1.0,0.0,0.0,0.0,0.0,0.0,d01bbb6f,2021,1,46.9
22.0,1120.0,27.1,51.6,29.0,32.5,56.0,40.3,42.2,41.2,0.87,0.03214285714285715,0.08839285714285715,1.9285714285714286,2.4107142857142856,5.303571428571429,1.5267857142857142,1.9285714285714286,2.892857142857143,0.9642857142857143,81.9,51.6,32.7,1.0,-8.0,-10.699999999999996,15.800000000000004,5.100000000000001,-6.100000000000001,-23.099999999999994,-0.025121193758521433,0.031128806241478568,1.2604908347220118,2.058608544159976,-0.3570481745190124,5.100000000000001,177.0,0.0,0.0,1.0,0.0,0.0,0.0,0.0,0.0,1.0,0.0,0.0,0.0,0.0,0.0,d0b6129f,2021,1,58.6
23.0,1310.0,55.0,39.6,34.3,68.1,38.6,46.6,46.5,46.6,0.13,0.05496183206106871,0.03435114503816794,0.48091603053435117,2.7480916030534353,2.4732824427480917,0.20610687022900764,3.0916030534351147,0.6870229007633588,0.2748091603053435,88.6,50.0,38.3,0.0,,,,,,,,,,,,,,1.0,0.0,0.0,0.0,0.0,0.0,0.0,0.0,0.0,0.0,0.0,1.0,0.0,0.0,d0f72bf1,2021,1,58.45
23.0,2079.0,53.3,27.8,11.2,56.7,64.1,49.1,57.2,53.2,0.82,0.051948051948051945,0.0,0.21645021645021645,1.6017316017316017,1.3852813852813852,0.12987012987012986,1.3419913419913418,1.0389610389610389,0.0,86.0,74.6,60.8,1.0,9.900000000000006,28.499999999999996,-3.599999999999998,-4.300000000000001,-12.799999999999997,25.499999999999993,0.04571536496744252,-0.006232686980609419,-0.15751100238634863,-0.9831396673501935,-0.39272823206341223,18.599999999999994,635.0,1.0,0.0,0.0,0.0,0.0,0.0,0.0,0.0,0.0,0.0,0.0,1.0,0.0,0.0,d2110326,2021,1,59.8
23.0,2286.0,86.7,83.3,88.0,31.8,45.5,56.0,69.5,62.8,0.64,0.09448818897637795,0.09448818897637795,2.2440944881889764,5.0,6.968503937007874,0.7086614173228347,2.952755905511811,3.0314960629921264,1.1811023622047245,78.6,55.0,66.8,1.0,-0.5,13.400000000000006,0.5999999999999943,1.5,2.8000000000000007,-8.5,0.05656151388156126,-0.05342584389340713,-0.1452860427844751,-1.3753645838517965,0.7142857142857144,-2.6000000000000085,-87.0,1.0,0.0,0.0,0.0,1.0,0.0,0.0,0.0,0.0,0.0,0.0,0.0,0.0,0.0,d2424d1b,2021,0,
21.0,2330.0,56.9,77.2,41.7,60.9,70.3,65.8,66.4,66.1,0.35,0.050214592274678116,0.02317596566523605,0.927038626609442,4.75107296137339,5.6781115879828326,0.38626609442060084,3.3991416309012874,1.0429184549356223,0.30901287553648066,89.1,68.6,76.1,1.0,0.6999999999999886,-7.699999999999996,-4.299999999999997,-15.799999999999997,11.899999999999999,1.7999999999999972,-0.022335259231473767,-0.018826579943588728,-0.18030121216866568,-0.584086120969225,-1.129283423862078,-0.9000000000000057,-27.0,1.0,0.0,0.0,0.0,0.0,0.0,0.0,0.0,0.0,1.0,0.0,0.0,0.0,0.0,d248cd8f,2021,1,57.8
22.0,1270.0,20.4,29.3,8.4,47.8,90.0,36.6,62.8,49.7,1.48,0.02125984251968504,0.03543307086614173,1.1338582677165354,3.4015748031496065,1.8425196850393701,0.9212598425196851,4.181102362204724,0.49606299212598426,0.35433070866141736,78.4,76.2,41.5,0.0,,,,,,,,,,,,,,0.0,0.0,1.0,0.0,0.0,0.0,0.0,0.0,0.0,0.0,1.0,0.0,0.0,0.0,d25fee56,2021,0,
22.0,1168.0,63.5,59.8,89.2,11.8,49.3,46.7,58.2,52.4,1.86,0.038527397260273974,0.11558219178082192,2.1575342465753424,2.4657534246575343,5.779109589041096,1.0787671232876712,5.085616438356165,2.8510273972602738,1.1558219178082192,78.4,42.3,34.2,1.0,-6.800000000000004,0.5,-18.0,-3.3999999999999915,-2.1999999999999993,-4.300000000000004,-0.009810971319786449,0.006820862475685974,-0.13853826097752764,-0.8372046103546742,-1.5825849439225257,-52.89999999999999,-1811.0,1.0,0.0,0.0,0.0,1.0,0.0,0.0,0.0,0.0,0.0,0.0,0.0,0.0,0.0,d38fdf53,2021,1,62.7
22.0,1814.0,81.0,67.3,84.2,22.8,18.1,56.5,69.6,63.0,0.56,0.17861080485115768,0.18853362734288864,3.6218302094818084,4.167585446527013,7.144432194046307,1.2899669239250275,2.0837927232635063,3.224917309812569,1.8357221609702317,75.3,20.7,59.3,1.0,-3.4000000000000057,-0.4000000000000057,-10.799999999999997,-5.700000000000003,9.8,-3.1999999999999993,-0.026179614310518934,-0.12404122295651254,-0.7973314671648981,-0.7238312790075847,-0.9521750325149032,4.699999999999996,144.0,0.0,0.0,1.0,1.0,0.0,0.0,0.0,0.0,0.0,0.0,0.0,0.0,0.0,0.0,d4a2533d,2021,0,
22.0,2933.0,90.2,86.3,92.1,25.7,53.2,58.7,72.4,65.6,0.66,0.13194681213774292,0.15035799522673032,2.424139106716672,4.909648823729969,8.714626662120695,2.0252301397886123,3.375383566314354,3.068530514831231,1.19672690078418,81.2,66.3,85.8,1.0,-0.8000000000000114,-0.7000000000000028,0.5999999999999943,1.8999999999999915,-12.000000000000004,3.5,-0.05335670223925387,0.009782915354525828,-0.5151580178839668,1.2066394416734108,-0.138274498953737,3.3999999999999915,116.0,1.0,0.0,0.0,0.0,1.0,0.0,0.0,0.0,0.0,0.0,0.0,0.0,0.0,0.0,d4c9725f,2021,1,61.7
22.0,1046.0,24.5,36.7,11.7,58.7,45.6,42.6,46.7,44.7,0.49,0.008604206500956025,0.0,0.17208413001912046,1.5487571701720841,3.269598470363289,0.25812619502868067,2.7533460803059273,0.25812619502868067,0.08604206500956023,88.2,41.0,30.6,0.0,,,,,,,,,,,,,,1.0,0.0,0.0,0.0,0.0,0.0,0.0,0.0,0.0,0.0,0.0,1.0,0.0,0.0,d4fa7d01,2021,0,
22.0,1082.0,65.8,73.9,65.8,31.4,19.5,54.4,59.7,57.0,1.12,0.14140480591497226,0.19963031423290203,2.744916820702403,4.32532347504621,6.487985212569316,3.8262476894639557,1.4140480591497226,2.412199630314233,1.4972273567467653,83.6785123966942,33.3,30.23012939001848,1.0,-3.799999999999997,-4.5,0.7000000000000028,-9.100000000000009,-5.399999999999999,-6.100000000000001,-0.04653022888781197,0.043017785230581834,-1.2226005806897087,-1.6558662955513332,-0.2686440423551817,1.696254680041676,220.0,0.0,0.0,1.0,0.0,0.0,0.0,0.0,0.0,1.0,0.0,0.0,0.0,0.0,0.0,d504b3e1,2021,0,
20.0,2220.0,63.1,54.1,57.3,73.5,59.5,61.9,62.5,62.2,0.14,0.0527027027027027,0.03648648648648649,1.0135135135135134,2.7972972972972974,3.243243243243243,0.2027027027027027,2.472972972972973,1.2162162162162162,0.36486486486486486,93.2,68.4,64.9,1.0,8.200000000000003,-8.499999999999993,17.700000000000003,36.8,9.0,2.700000000000003,-0.03546056260341975,0.029139547710976283,0.6829012686155542,0.23099834528405916,0.8136238279095422,-6.699999999999989,-230.0,1.0,0.0,0.0,0.0,0.0,0.0,0.0,0.0,0.0,0.0,0.0,1.0,0.0,0.0,d6e53a3a,2021,1,57.0
19.0,1763.0,47.6,90.1,78.8,38.7,59.2,61.7,69.1,65.4,0.96,0.01020986954055587,0.09699376063528077,2.39931934203063,5.462280204197391,8.474191718661373,3.011911514463982,4.79863868406126,1.9909245604083947,0.6636415201361316,89.0,47.5,57.6,1.0,-6.3999999999999915,-36.99999999999999,-0.7000000000000028,-15.100000000000009,-2.299999999999997,-1.0,-0.0824490382481639,-0.07623811044797794,-0.2998749283364246,-0.1068288722070232,-0.01668129983125688,-15.399999999999999,-471.0,1.0,0.0,0.0,0.0,1.0,0.0,0.0,0.0,0.0,0.0,0.0,0.0,0.0,0.0,d781d855,2021,1,65.6
23.0,1672.0,16.8,43.8,22.6,53.7,48.3,38.2,40.3,39.2,0.11,0.026913875598086123,0.026913875598086123,1.3995215311004783,3.6602870813397126,3.4988038277511957,1.1842105263157894,2.5837320574162677,0.5382775119617225,0.6459330143540669,88.5,32.3,48.9,1.0,0.0,7.200000000000001,-10.300000000000004,17.1,-7.199999999999996,0.19999999999999574,0.018167519912954927,0.018167519912954927,0.43742240573604685,-2.973499379245889,-0.10064586326670133,8.100000000000001,643.0,0.0,0.0,1.0,0.0,0.0,0.0,1.0,0.0,0.0,0.0,0.0,0.0,0.0,0.0,d8992b84,2021,0,
23.0,2129.0,47.3,60.7,20.8,53.6,85.4,53.0,68.6,60.8,0.61,0.08877407233442931,0.07186472522310944,1.3950211366838892,4.396430248943166,5.284170972287459,0.9300140911225928,4.185063410051668,1.5218412400187882,0.5918271488961954,87.3,59.0,62.29999999999999,1.0,2.0999999999999943,-1.4000000000000057,6.400000000000006,-3.3000000000000007,9.0,-2.5,-0.022964076649769335,0.02107465750301915,-0.33184116579918066,1.0178052837998743,0.23164469589576253,10.499999999999993,357.0,0.0,0.0,1.0,0.0,0.0,0.0,0.0,0.0,0.0,0.0,1.0,0.0,0.0,0.0,d93c2511,2021,1,48.7
21.0,1090.0,72.1,64.5,77.9,34.9,70.6,61.3,65.4,63.4,0.78,0.03302752293577982,0.07431192660550459,1.4862385321100917,3.467889908256881,4.623853211009174,0.7431192660550459,4.541284403669725,1.5688073394495414,0.7431192660550459,75.8,71.0,31.9,0.0,,,,,,,,,,,,,,1.0,0.0,0.0,0.0,1.0,0.0,0.0,0.0,0.0,0.0,0.0,0.0,0.0,0.0,d9565625,2021,1,59.2
23.0,1388.0,45.2,40.2,62.5,22.5,43.1,39.4,44.2,41.8,1.22,0.025936599423631124,0.04538904899135447,1.1671469740634006,3.5662824207492796,2.593659942363112,0.324207492795389,3.2420749279538903,1.1671469740634006,0.648414985590778,74.07467532467533,58.50649350649351,27.28436599423631,1.0,-4.600000000000001,10.400000000000006,-1.2999999999999972,9.0,-6.899999999999999,-19.199999999999996,-0.027461458828796064,-0.08567891217369407,-1.308581181276405,-1.3383788925883437,0.3623989256036486,-26.915634005763692,-466.0,1.0,0.0,0.0,0.0,1.0,0.0,0.0,0.0,0.0,0.0,0.0,0.0,0.0,0.0,d97f2e8d,2021,0,
18.0,997.0,40.9,63.3,77.6,29.6,32.2,42.8,53.4,48.1,2.27,0.009027081243731194,0.18054162487462388,1.8054162487462388,4.152457372116349,4.964894684052156,1.2637913741223672,2.79839518555667,2.5275827482447344,0.9027081243731194,79.6,33.3,32.6,0.0,,,,,,,,,,,,,,1.0,0.0,0.0,0.0,1.0,0.0,0.0,0.0,0.0,0.0,0.0,0.0,0.0,0.0,d9e196bf,2021,0,
22.0,1326.0,30.8,66.6,41.3,57.3,66.6,54.3,61.2,57.8,0.75,0.06108597285067874,0.04072398190045249,1.7647058823529413,5.226244343891403,5.565610859728507,1.900452488687783,4.0723981900452495,0.2714932126696833,0.3393665158371041,86.6,40.5,38.8,1.0,0.7999999999999972,11.400000000000002,-1.6000000000000085,-6.5,4.199999999999996,-0.4000000000000057,0.035733860174622406,-0.009980243451660181,-0.6980707776068173,-0.374026967233263,-0.7858280907162429,-33.900000000000006,-1159.0,0.0,0.0,1.0,0.0,0.0,0.0,0.0,0.0,0.0,0.0,1.0,0.0,0.0,0.0,db092d3b,2021,1,53.0
23.0,2458.0,78.2,52.4,86.8,25.7,37.9,55.6,67.1,61.4,0.06,0.15378356387306755,0.289259560618389,3.8445890968266885,3.1489015459723353,4.650122050447519,1.2815296989422296,2.2335231895850285,3.22213181448332,2.3433685923515055,66.9,42.3,71.9,1.0,14.699999999999996,44.900000000000006,0.3999999999999986,20.200000000000003,1.3000000000000007,-10.800000000000004,0.14318285715928664,0.09844683977033244,0.8763912169680315,-1.2862737092697953,-0.879367005264414,38.2,1609.0,0.0,0.0,1.0,1.0,0.0,0.0,0.0,0.0,0.0,0.0,0.0,0.0,0.0,0.0,db7849ca,2021,1,52.6
20.0,2062.0,90.5,87.3,99.0,28.5,29.9,69.7,75.4,72.6,0.21,0.25315227934044615,0.33608147429679924,5.455868089233753,6.459747817652764,10.431619786614936,3.9718719689621724,1.3094083414161009,5.848690591658584,2.924345295829292,78.7,18.5,67.4,1.0,1.1999999999999886,-4.700000000000003,1.5999999999999943,0.9000000000000057,-8.5,19.299999999999997,-0.14431164720087436,-0.08892945705431576,0.5367600874847369,0.12116941494899791,1.304522631819795,-7.299999999999997,-225.0,0.0,0.0,1.0,0.0,0.0,0.0,0.0,0.0,1.0,0.0,0.0,0.0,0.0,0.0,dbf053da,2021,1,64.9
21.0,2149.0,84.7,69.8,79.4,9.4,36.3,56.9,60.8,58.8,0.07,0.25546765937645416,0.18845974872033505,4.397394136807818,3.0991158678455095,6.57515123313169,3.2666356444858073,3.0991158678455095,4.22987436016752,2.010237319683574,65.9,34.9,70.2,1.0,0.5999999999999943,1.7000000000000028,8.199999999999996,13.900000000000006,-4.6,-3.9000000000000057,-0.21080800044759274,0.06529259329511512,0.7023794740512197,0.24084038269180752,0.019936982215011056,50.04545454545455,1126.0,0.0,0.0,1.0,0.0,0.0,0.0,0.0,0.0,1.0,0.0,0.0,0.0,0.0,0.0,dc62b55d,2021,1,62.4
21.0,1919.0,96.6,54.8,87.3,12.8,28.3,39.0,55.5,47.2,4.32,0.2344971339239187,0.20635747785304848,2.860865033871808,1.4069828035435121,5.534132360604481,2.6263678999478897,3.423658155289213,5.065138092756644,1.078686816050026,69.9,33.3,62.7,0.0,,,,,,,,,,,,,,1.0,0.0,0.0,0.0,1.0,0.0,0.0,0.0,0.0,0.0,0.0,0.0,0.0,0.0,de4cac2d,2021,1,57.449999999999996
20.0,1923.0,69.7,67.7,84.2,24.6,25.4,56.3,66.8,61.6,0.27,0.14040561622464898,0.29017160686427457,4.399375975039002,3.4165366614664587,8.237129485179407,1.6380655226209049,2.1060842433697347,6.692667706708268,2.433697347893916,78.0,24.0,56.2,1.0,-1.7999999999999972,24.6,-12.299999999999997,-3.799999999999997,-9.600000000000001,-30.5,-0.040823052717330555,0.026007784338677342,0.12975140166016175,0.7422489391043223,-0.3309036115710837,-29.5,-1007.0,0.0,0.0,1.0,1.0,0.0,0.0,0.0,0.0,0.0,0.0,0.0,0.0,0.0,0.0,df3cda47,2021,1,61.6
21.0,2991.0,58.0,65.1,80.8,33.2,56.2,54.8,61.7,58.2,1.3,0.045135406218655964,0.08124373119358075,1.9257773319959879,3.3701103309929787,5.235707121364092,0.6920762286860581,4.904714142427282,2.5576730190571713,0.9327983951855566,81.2,60.2,87.5,1.0,3.4000000000000057,-14.799999999999997,4.499999999999993,-5.200000000000003,0.20000000000000284,14.400000000000006,-0.01192693967778645,-0.07726278518542595,0.02369913544790747,-1.1045535337961763,0.4218891263434541,4.5,152.0,1.0,0.0,0.0,0.0,1.0,0.0,0.0,0.0,0.0,0.0,0.0,0.0,0.0,0.0,df8b52a5,2021,1,55.6
23.0,1755.0,83.4,62.3,76.3,18.3,45.8,57.0,67.6,62.3,0.76,0.3641025641025641,0.12307692307692307,3.4358974358974357,3.641025641025641,5.641025641025641,2.0,2.1538461538461537,3.948717948717949,1.5384615384615385,66.5,46.0,51.3,1.0,-0.10000000000000142,-4.599999999999994,1.1999999999999957,-4.400000000000006,5.800000000000001,7.5,0.041834753584100826,-0.155550454767165,-0.29032412322229595,-1.0393175145133364,0.45191709943668146,-27.10000000000001,-926.0,0.0,0.0,1.0,1.0,0.0,0.0,0.0,0.0,0.0,0.0,0.0,0.0,0.0,0.0,e14ec482,2021,1,62.1
21.0,2379.0,44.6,46.7,31.0,35.4,53.2,41.9,40.8,41.3,0.23,0.07187894073139975,0.06809583858764187,1.8915510718789408,3.82093316519546,3.5939470365699875,0.7566204287515763,3.669609079445145,1.1727616645649432,0.8701134930643127,78.50000000000001,40.0,69.6,1.0,-6.5,-8.799999999999997,-9.399999999999999,-23.299999999999997,0.19999999999999574,6.800000000000004,-0.004278351453766996,-0.12005747151688775,-0.8859501725212584,-1.6474666020561943,-0.16612507273385768,-10.100000000000009,370.0,0.0,0.0,1.0,0.0,0.0,0.0,1.0,0.0,0.0,0.0,0.0,0.0,0.0,0.0,e1df6989,2021,0,
19.0,1111.0,50.6,65.0,82.1,27.5,28.1,41.8,54.8,48.3,1.22,0.024302430243024302,0.08910891089108912,2.106210621062106,4.374437443744374,5.6705670567056705,1.7821782178217822,2.673267326732673,0.324032403240324,0.972097209720972,77.0,42.0,36.3,1.0,5.5,16.300000000000004,4.100000000000001,23.799999999999997,6.600000000000001,-7.199999999999996,0.017463524467948313,0.061753287790785164,0.6700404082961486,1.1568892451555186,0.20270492094802162,-6.700000000000003,-205.0,1.0,0.0,0.0,0.0,1.0,0.0,0.0,0.0,0.0,0.0,0.0,0.0,0.0,0.0,e27de4fa,2021,0,
21.0,1229.0,40.4,30.2,33.1,32.3,46.1,35.1,34.4,34.8,0.68,0.10252237591537836,0.043938161106590726,1.3181448331977217,2.270138323840521,2.4165988608624898,1.7575264442636291,3.734743694060212,0.5126118795768918,0.7323026851098454,78.1,39.1,35.9,1.0,-7.200000000000003,7.899999999999999,-11.000000000000004,6.300000000000001,-16.700000000000003,-16.299999999999997,0.04402655418835886,-0.014557660620428771,-0.5202952782228911,-2.0123704984689863,-0.06969454524025931,-6.800000000000004,152.0,0.0,0.0,1.0,0.0,0.0,0.0,1.0,0.0,0.0,0.0,0.0,0.0,0.0,0.0,e2f9bb5f,2021,0,
22.0,1720.0,24.8,34.3,25.7,27.6,60.9,33.8,45.0,39.4,0.01,0.03662790697674419,0.04186046511627907,1.5174418604651163,2.511627906976744,3.0348837209302326,1.255813953488372,3.9244186046511627,2.25,0.4186046511627907,77.1371727748691,34.87068062827225,29.818023255813955,1.0,-12.399999999999999,-27.499999999999996,-32.3,-44.5,-12.399999999999999,24.4,0.010653881002718212,-0.05554213228631834,0.15380549682875277,-2.159921473874962,-0.8000604047115676,-10.681976744186045,334.0,0.0,0.0,1.0,0.0,0.0,0.0,0.0,0.0,0.0,0.0,1.0,0.0,0.0,0.0,e3a5814e,2021,1,57.8
22.0,940.0,67.1,32.9,27.1,74.3,48.5,50.6,53.5,52.0,0.77,0.047872340425531915,0.047872340425531915,0.5744680851063829,2.0106382978723403,1.5319148936170213,0.28723404255319146,2.776595744680851,1.1489361702127658,0.09574468085106383,93.1,75.8,27.5,0.0,,,,,,,,,,,,,,1.0,0.0,0.0,0.0,0.0,0.0,0.0,0.0,0.0,0.0,0.0,1.0,0.0,0.0,e3cceee6,2021,1,51.6
21.0,2665.0,95.9,73.5,95.0,35.2,13.1,43.0,63.3,53.2,1.69,0.15872420262664166,0.20938086303939962,2.5328330206378986,4.1876172607879925,7.463414634146342,1.24953095684803,2.5666041275797373,4.626641651031895,1.2157598499061915,82.5,31.7,77.9,1.0,-8.5,1.0,-19.5,1.7999999999999972,-1.0,-12.799999999999999,-0.0037067365998776913,0.03369025530459299,-0.1522498522902782,-2.7465301172348733,-2.3096203082727804,-10.799999999999997,-50.0,1.0,0.0,0.0,0.0,1.0,0.0,0.0,0.0,0.0,0.0,0.0,0.0,0.0,0.0,e42d61c7,2021,1,64.1
22.0,1359.0,57.4,40.5,48.0,13.9,33.7,45.4,43.0,44.2,1.14,0.40397350993377484,0.08609271523178809,2.185430463576159,0.728476821192053,2.251655629139073,1.2582781456953642,0.794701986754967,5.1655629139072845,1.3245033112582782,69.1,27.1,44.4,0.0,,,,,,,,,,,,,,0.0,1.0,0.0,0.0,0.0,0.0,0.0,0.0,0.0,0.0,0.0,0.0,1.0,0.0,e5478b87,2021,1,44.0
22.0,1170.0,69.6,73.4,72.7,28.3,38.0,47.7,59.0,53.4,0.99,0.07692307692307693,0.06923076923076923,1.4615384615384615,4.0,7.615384615384615,1.6923076923076923,3.0,1.0,0.8461538461538461,78.2,53.8,34.2,1.0,1.7999999999999972,6.699999999999996,15.200000000000003,11.0,0.1999999999999993,-15.100000000000001,0.046972993728401385,0.02430564443875593,0.1137847177780622,1.0263663125559965,0.8053244592346092,-37.3,-633.0,1.0,0.0,0.0,0.0,1.0,0.0,0.0,0.0,0.0,0.0,0.0,0.0,0.0,0.0,e54a9890,2021,0,
18.0,1187.0,40.2,43.8,52.2,60.3,55.6,50.0,51.6,50.8,0.52,0.06823925863521484,0.12131423757371526,2.2746419545071612,3.5636057287278855,4.09435551811289,0.6823925863521483,3.4877843302443137,0.37910699241786017,1.3647851727042966,85.0,27.8,34.7,0.0,,,,,,,,,,,,,,0.0,0.0,1.0,0.0,0.0,0.0,1.0,0.0,0.0,0.0,0.0,0.0,0.0,0.0,e58cbfd5,2021,1,55.0
21.0,2921.0,85.5,55.0,71.1,15.5,19.8,49.6,63.3,56.4,1.18,0.1910304690174598,0.18486819582334818,3.266004792879151,2.7114002054091064,5.761725436494351,1.109209174940089,1.078397808969531,4.436836699760356,1.7870592262923657,71.3,26.7,85.4,1.0,-7.100000000000001,-5.200000000000003,-9.900000000000006,-12.0,3.3000000000000007,-6.899999999999999,-0.1645394791690687,-0.05412144148235129,-2.154979663079399,-0.35874088474917265,-0.028237100290375405,49.983937823834204,1377.0,0.0,0.0,1.0,1.0,0.0,0.0,0.0,0.0,0.0,0.0,0.0,0.0,0.0,0.0,e5bf73f3,2021,0,
23.0,2287.0,71.9,65.8,82.5,21.1,21.0,54.4,58.6,56.5,0.23,0.14560559685177088,0.1574114560559685,3.344993441189331,3.1875819851333627,8.264101442938347,2.046348928727591,1.7708788806296458,3.305640577175339,1.219938784433756,73.3,42.39999999999999,66.9,1.0,4.399999999999999,17.200000000000003,3.5,4.799999999999997,-3.8999999999999986,5.199999999999999,0.07451554945840595,0.0721033991839306,0.1459413084879091,0.8707365140283949,-0.22474028974815408,29.900000000000006,1021.0,0.0,0.0,1.0,0.0,0.0,0.0,0.0,0.0,1.0,0.0,0.0,0.0,0.0,0.0,e6bc67d7,2021,1,58.1
22.0,2310.0,40.4,34.8,16.3,34.2,74.7,37.8,53.9,45.8,2.05,0.10129870129870129,0.03896103896103896,1.3636363636363635,3.5064935064935066,1.987012987012987,0.5844155844155844,3.3116883116883113,2.142857142857143,0.35064935064935066,67.7,52.1,67.5,1.0,-5.400000000000006,-2.700000000000003,2.6999999999999957,-20.8,-3.5,-6.8999999999999915,-0.001319541944541966,-0.03325179887679888,-0.5367014742014744,-0.6734599859599864,-0.2561754124254123,-1.7000000000000028,-58.0,0.0,0.0,1.0,0.0,0.0,0.0,0.0,0.0,0.0,0.0,1.0,0.0,0.0,0.0,e778654a,2021,1,56.0
18.0,1369.0,50.7,33.4,33.1,43.9,45.4,42.5,45.1,43.8,0.45,0.295836376917458,0.06574141709276844,2.0379839298758218,1.1176040905770637,1.8407596785975164,0.9861212563915267,0.9861212563915267,5.850986121256391,0.7231555880204529,74.2,29.6,40.0,0.0,,,,,,,,,,,,,,0.0,1.0,0.0,0.0,0.0,0.0,0.0,1.0,0.0,0.0,0.0,0.0,0.0,0.0,e7aa9d7c,2021,0,
23.0,2101.0,49.6,66.7,80.0,19.3,12.7,49.2,55.1,52.2,1.31,0.06425511661113756,0.21846739647786767,3.641123274631128,4.026653974297953,6.72536887196573,4.155164207520229,2.0133269871489765,2.784388386482627,1.9704902427415516,75.1,18.8,68.7,1.0,-6.699999999999996,-14.299999999999997,-5.8999999999999915,-4.099999999999994,-12.399999999999999,2.299999999999999,-0.042785796804656925,0.05576520808586005,-0.04108414687220252,-1.2812914515356981,-0.8544116774622754,0.0,-1.0,0.0,0.0,1.0,0.0,0.0,0.0,0.0,0.0,1.0,0.0,0.0,0.0,0.0,0.0,e7d59f4f,2021,1,65.4
17.0,2224.0,75.2,71.3,78.4,25.6,18.0,56.2,60.9,58.6,0.47,0.1618705035971223,0.13758992805755393,3.4802158273381294,4.168165467625899,5.8678057553956835,2.5089928057553954,1.8210431654676258,3.399280575539568,1.9829136690647482,78.2,12.0,72.7,0.0,,,,,,,,,,,,,,0.0,0.0,1.0,0.0,0.0,0.0,0.0,0.0,1.0,0.0,0.0,0.0,0.0,0.0,e7fcf289,2021,1,78.1
23.0,2420.0,71.1,36.5,60.2,21.7,58.5,46.8,53.6,50.2,0.35,0.1450413223140496,0.1859504132231405,2.4173553719008263,2.1942148760330578,4.351239669421488,0.6322314049586777,2.7148760330578514,2.93801652892562,1.4132231404958677,67.5,47.1,70.8,1.0,3.200000000000003,-5.5,-1.5,17.6,-1.6000000000000014,7.200000000000003,-0.08007353220356145,-0.00700517636338327,0.5337412830799992,0.9056041410907065,-0.37852631845392537,24.895763144461455,461.0,0.0,0.0,1.0,1.0,0.0,0.0,0.0,0.0,0.0,0.0,0.0,0.0,0.0,0.0,ea02beaf,2021,1,45.2
20.0,1652.0,62.2,49.7,69.0,34.9,41.7,45.4,52.0,48.7,0.79,0.038135593220338986,0.08171912832929783,1.1440677966101696,3.159806295399516,3.4866828087167074,0.27239709443099275,3.159806295399516,1.1985472154963681,0.7082324455205812,75.0,44.0,48.3,1.0,0.4000000000000057,18.1,-4.5,-15.0,6.099999999999998,4.900000000000006,0.026611905640313377,0.012577002849144175,-1.0454328435946962,-0.43137096849199974,-1.9106162398117519,22.799999999999997,871.0,1.0,0.0,0.0,0.0,1.0,0.0,0.0,0.0,0.0,0.0,0.0,0.0,0.0,0.0,ead61f73,2021,1,56.2
22.0,1190.0,38.5,58.4,81.9,21.9,54.2,48.9,55.9,52.4,0.33,0.0075630252100840345,0.09831932773109245,1.9663865546218489,4.764705882352941,4.38655462184874,0.3781512605042017,3.2521008403361344,0.45378151260504207,0.9831932773109244,75.7,57.9,34.8,0.0,,,,,,,,,,,,,,1.0,0.0,0.0,0.0,1.0,0.0,0.0,0.0,0.0,0.0,0.0,0.0,0.0,0.0,eb76987d,2021,0,
19.0,1203.0,70.7,74.3,85.1,36.5,21.7,60.5,70.0,65.2,0.17,0.11221945137157106,0.26932668329177056,3.5162094763092266,5.162094763092269,6.8827930174563585,1.7206982543640896,2.319201995012469,2.693266832917706,2.0947630922693268,75.0,14.3,35.2,0.0,,,,,,,,,,,,,,0.0,0.0,1.0,1.0,0.0,0.0,0.0,0.0,0.0,0.0,0.0,0.0,0.0,0.0,ec5dae45,2021,0,
20.0,1616.0,67.9,90.0,92.5,60.3,60.5,75.7,80.6,78.2,0.67,0.2784653465346535,0.2004950495049505,3.7314356435643563,3.3415841584158414,7.6299504950495045,2.39480198019802,2.116336633663366,8.01980198019802,1.8935643564356435,82.0,31.8,47.29999999999999,1.0,7.400000000000006,-20.39999999999999,21.400000000000006,3.9000000000000057,14.299999999999997,30.6,-0.05116839375391474,0.08062823485456205,-0.7635699058252112,0.3380526038175402,0.14513576773881587,20.99999999999999,715.0,0.0,1.0,0.0,0.0,0.0,1.0,0.0,0.0,0.0,0.0,0.0,0.0,0.0,0.0,ed1e53f3,2021,1,77.0
21.0,1399.0,44.3,31.2,20.6,59.0,47.4,39.0,46.4,42.7,0.54,0.07719799857040743,0.01929949964260186,1.4796283059328093,2.187276626161544,3.409578270192995,0.6433166547533953,3.3452466047176554,0.5146533238027162,0.38598999285203717,90.8,25.0,40.9,1.0,9.900000000000006,11.5,3.8000000000000007,9.200000000000001,2.200000000000003,19.299999999999997,0.0034275067671287462,-0.010208697078709618,0.05339879773608791,0.06531597511102749,0.31842416714515065,-12.600000000000001,-431.0,0.0,0.0,1.0,0.0,0.0,0.0,0.0,0.0,0.0,0.0,1.0,0.0,0.0,0.0,ed5c5fa3,2021,1,38.7
22.0,1498.0,66.1,40.9,59.4,8.7,57.4,53.1,55.0,54.0,0.08,0.29439252336448596,0.2583444592790387,2.042723631508678,2.042723631508678,2.4632843791722294,0.8411214953271028,1.3217623497997328,4.506008010680907,0.781041388518024,58.1,31.9,49.0,0.0,,,,,,,,,,,,,,0.0,1.0,0.0,0.0,0.0,0.0,0.0,0.0,0.0,0.0,0.0,0.0,0.0,1.0,ed79b7d3,2021,1,50.8
23.0,1507.0,42.5,75.2,88.6,38.2,56.0,59.2,66.6,62.9,0.19,0.19110816191108165,0.22694094226940942,3.4041141340411416,4.538818845388189,6.091572660915727,3.9416058394160585,1.4333112143331121,3.4638354346383546,1.6721964167219643,76.64371257485031,32.164071856287435,29.76569343065693,1.0,3.6000000000000014,2.799999999999997,6.900000000000006,4.5,-7.899999999999999,4.299999999999997,0.030823210887038904,-0.037529226920261116,-0.20229726399981995,-0.5602528065820467,0.8522649718352056,-14.83430656934307,384.0,0.0,1.0,0.0,0.0,0.0,1.0,0.0,0.0,0.0,0.0,0.0,0.0,0.0,0.0,ed90babd,2021,0,
22.0,1129.0,80.3,67.7,89.0,27.0,45.7,51.5,63.8,57.6,1.42,0.0637732506643047,0.14348981399468558,2.2320637732506645,3.029229406554473,6.058458813108946,1.9131975199291409,4.384410983170948,3.188662533215235,1.195748449955713,78.0,45.5,33.0,1.0,11.300000000000004,19.9,21.0,23.0,0.8000000000000007,1.1000000000000014,0.003673083719396515,0.08714590748383416,1.0676230386930685,1.7011967096031038,0.39984710271474055,-37.099999999999994,-1267.0,1.0,0.0,0.0,0.0,1.0,0.0,0.0,0.0,0.0,0.0,0.0,0.0,0.0,0.0,ed9f7cfe,2021,1,45.2
21.0,2016.0,59.4,49.1,68.0,37.7,33.5,49.8,50.6,50.2,0.19,0.10714285714285715,0.13839285714285715,3.2142857142857144,2.8125,4.6875,1.9642857142857144,3.348214285714286,2.723214285714286,1.3839285714285716,80.1,21.9,58.9,1.0,2.200000000000003,13.699999999999996,3.0,9.0,-6.099999999999994,-3.200000000000003,0.028195488721804524,0.059445488721804524,-0.07518796992481214,-1.1019736842105265,-0.21381578947368451,38.9,1332.0,0.0,0.0,1.0,0.0,0.0,0.0,0.0,0.0,1.0,0.0,0.0,0.0,0.0,0.0,ee251371,2021,1,56.6
23.0,2099.0,79.8,66.7,88.8,29.7,16.4,58.1,71.1,64.6,1.06,0.16293473082420198,0.21867555979037634,4.5021438780371605,4.330633635064316,6.345878989995236,1.3720819437827536,2.0581229156741303,2.9585516912815626,2.229633158646975,77.3,14.300000000000002,61.4,1.0,4.199999999999996,6.200000000000003,-7.200000000000003,-2.4000000000000057,-1.6999999999999993,-5.800000000000001,-0.018848805761163878,-0.0008366353315749087,-1.2600512439140594,0.5493850875562112,-1.5687566088381226,-15.300000000000004,-525.0,0.0,0.0,1.0,1.0,0.0,0.0,0.0,0.0,0.0,0.0,0.0,0.0,0.0,0.0,ee38d9c5,2021,1,68.6
22.0,1666.0,50.2,44.3,48.8,26.6,52.1,46.6,46.8,46.7,0.01,0.3457382953181272,0.10804321728691475,2.26890756302521,1.4585834333733492,3.619447779111644,1.2424969987995196,1.8367346938775508,4.429771908763505,0.7022809123649459,61.5,26.9,48.70000000000001,0.0,,,,,,,,,,,,,,0.0,1.0,0.0,0.0,0.0,1.0,0.0,0.0,0.0,0.0,0.0,0.0,0.0,0.0,eeba07f8,2021,1,51.1
22.0,1837.0,36.5,26.7,66.1,31.4,32.7,34.7,39.4,37.0,1.05,0.004899292324442025,0.04899292324442025,1.4207947740881872,1.5187806205770278,2.1066956995100705,0.6859009254218835,3.4295046271094174,0.4409363091997823,0.7348938486663037,76.2,43.8,53.7,1.0,-6.0,-6.600000000000001,-30.099999999999998,10.699999999999996,0.29999999999999716,0.30000000000000426,-0.010725707675557975,0.009930423244420249,0.17079477408818722,-3.7526793004899295,-1.7234068794229722,-13.700000000000003,-467.0,1.0,0.0,0.0,0.0,1.0,0.0,0.0,0.0,0.0,0.0,0.0,0.0,0.0,0.0,efb9215a,2021,0,
23.0,1460.0,9.3,11.1,3.4,55.3,62.8,25.9,47.5,36.7,1.06,0.006164383561643836,0.006164383561643836,0.5547945205479452,1.9726027397260275,0.678082191780822,0.18493150684931509,2.8356164383561646,0.24657534246575344,0.24657534246575344,78.4,37.3,42.7,1.0,1.0,-0.3999999999999986,1.0,-1.1,-6.100000000000001,7.199999999999996,0.006164383561643836,-0.014395296621108876,-0.2675926867621633,0.11269098675512235,-0.08336527854924358,-8.500000000000007,-291.0,0.0,0.0,1.0,0.0,0.0,0.0,0.0,0.0,0.0,0.0,1.0,0.0,0.0,0.0,efecd633,2021,0,
20.0,1207.0,26.2,53.1,23.3,61.7,32.2,42.6,47.2,44.9,1.35,0.007456503728251864,0.0,0.29826014913007454,2.684341342170671,5.294117647058823,0.5219552609776305,2.9826014913007457,0.14913007456503727,0.07456503728251863,91.3,41.2,35.3,1.0,3.6999999999999957,4.699999999999999,31.400000000000002,12.600000000000001,2.1000000000000014,-23.599999999999994,0.007456503728251864,0.0,0.06327320396036173,3.76670250345569,1.5094066163221072,4.899999999999999,441.0,1.0,0.0,0.0,0.0,0.0,0.0,0.0,0.0,0.0,1.0,0.0,0.0,0.0,0.0,f18d7ab2,2021,1,48.6
20.0,2075.0,62.1,35.4,32.6,56.9,66.5,54.3,60.2,57.2,0.52,0.07373493975903614,0.004337349397590362,0.5204819277108433,2.0385542168674697,1.2144578313253012,0.17349397590361446,4.20722891566265,0.8674698795180722,0.21686746987951805,87.1,53.1,60.7,0.0,,,,,,,,,,,,,,1.0,0.0,0.0,0.0,0.0,0.0,0.0,0.0,0.0,0.0,0.0,1.0,0.0,0.0,f4d296e4,2021,1,56.6
22.0,1235.0,39.3,40.9,17.6,10.2,49.9,31.2,32.4,31.8,1.25,0.08016194331983807,0.014574898785425103,1.45748987854251,1.8947368421052633,5.0283400809716605,1.7489878542510122,3.57085020242915,2.3319838056680164,0.3643724696356275,72.9,28.8,36.1,0.0,,,,,,,,,,,,,,0.0,0.0,1.0,0.0,0.0,0.0,0.0,0.0,1.0,0.0,0.0,0.0,0.0,0.0,f522d7ec,2021,0,
22.0,2031.0,15.3,47.1,16.9,58.9,49.0,39.0,41.2,40.1,0.64,0.013293943870014771,0.031019202363367797,1.5066469719350073,4.431314623338257,3.2791728212703104,0.9748892171344166,3.9881831610044314,0.1329394387001477,0.6646971935007385,87.3,25.0,59.4,0.0,,,,,,,,,,,,,,0.0,0.0,1.0,0.0,0.0,0.0,1.0,0.0,0.0,0.0,0.0,0.0,0.0,0.0,f54d2149,2021,0,
22.0,1040.0,68.3,31.6,16.9,40.5,59.3,47.0,53.2,50.1,0.56,0.5105769230769232,0.06057692307692308,1.5576923076923077,0.951923076923077,1.125,0.5192307692307693,0.8653846153846154,5.711538461538462,0.6923076923076923,68.3,58.2,30.4,1.0,-6.899999999999999,-10.0,-4.100000000000001,-16.700000000000003,11.600000000000001,3.3999999999999986,-0.15578876541066145,-0.049129623198471965,-0.473910401111304,-0.9472347629796838,-0.3076706025351622,-34.4,-1175.0,0.0,1.0,0.0,0.0,0.0,0.0,0.0,1.0,0.0,0.0,0.0,0.0,0.0,0.0,f586779e,2021,0,
23.0,1086.0,82.8,74.4,94.9,37.3,35.3,74.2,76.1,75.2,0.83,0.34806629834254144,0.3314917127071823,5.055248618784531,4.143646408839779,5.552486187845304,1.160220994475138,1.3259668508287292,4.226519337016574,2.983425414364641,67.7,28.6,31.800000000000004,1.0,19.200000000000003,20.299999999999997,15.800000000000004,9.5,21.9,13.899999999999999,0.19948139268216408,0.07677473157510684,0.38543729802981375,-0.284777963098092,0.74741999374544,-1.8999999999999986,238.0,0.0,1.0,0.0,0.0,0.0,0.0,0.0,0.0,0.0,0.0,0.0,0.0,1.0,0.0,f5c8b425,2021,1,53.2
23.0,1269.0,24.2,34.7,33.9,23.1,48.0,30.5,32.6,31.6,0.91,0.14893617021276598,0.15602836879432624,1.9858156028368794,0.7801418439716312,2.978723404255319,1.2765957446808511,1.4184397163120568,4.75177304964539,0.9219858156028369,70.6,35.5,37.1,1.0,-0.3999999999999986,-39.0,0.5,19.7,6.100000000000001,3.6000000000000014,-0.03370903622530258,0.05525859972504703,0.9781179121440873,-0.42225630183285423,-0.35351805805775993,-4.699999999999996,-160.0,0.0,1.0,0.0,0.0,0.0,1.0,0.0,0.0,0.0,0.0,0.0,0.0,0.0,0.0,f631c17f,2021,0,
23.0,1314.0,64.0,40.0,65.8,10.4,33.3,41.8,51.7,46.8,0.23,0.14383561643835618,0.11643835616438356,3.2876712328767126,2.5342465753424657,4.178082191780822,1.3013698630136987,2.5342465753424657,1.9863013698630136,1.5068493150684932,65.5,31.0,38.4,1.0,2.8999999999999986,23.6,-9.700000000000003,15.199999999999996,-9.4,-20.0,0.08100839130746612,0.006490712185325959,0.30337803915943473,-1.3978340385856702,0.8064978842429891,-7.100000000000001,168.0,0.0,0.0,1.0,1.0,0.0,0.0,0.0,0.0,0.0,0.0,0.0,0.0,0.0,0.0,f6496133,2021,0,
18.0,1000.0,32.6,21.5,14.2,41.3,70.0,45.7,55.7,50.7,0.76,0.018000000000000002,0.009000000000000001,0.18,2.25,1.26,0.27,4.32,0.18,0.09,86.1,64.4,29.2,0.0,,,,,,,,,,,,,,1.0,0.0,0.0,0.0,0.0,0.0,0.0,0.0,0.0,0.0,0.0,1.0,0.0,0.0,f6b94e8d,2021,0,
23.0,1654.0,39.0,30.4,20.5,50.4,57.5,45.7,51.7,48.7,1.01,0.02720677146311971,0.005441354292623942,0.32648125755743657,2.3397823458282954,1.0882708585247884,0.21765417170495768,2.938331318016929,0.7617896009673519,0.10882708585247884,82.5,61.10000000000001,54.10000000000001,1.0,-7.899999999999999,0.3999999999999986,12.399999999999999,2.6999999999999993,2.1999999999999957,-21.099999999999994,-0.014567338903048416,0.005441354292623942,0.0944028666342803,0.06712593846290082,0.5759865748123076,-9.29999999999999,-285.0,1.0,0.0,0.0,0.0,0.0,0.0,0.0,0.0,0.0,0.0,0.0,1.0,0.0,0.0,f6bdc830,2021,1,63.2
22.0,2561.0,81.0,66.4,69.9,31.0,60.8,68.8,70.8,69.8,1.28,0.47793830534947285,0.2003123779773526,2.81140179617337,2.1788363920343614,2.7762592737212026,1.3002733307301835,1.8274111675126903,7.309644670050761,1.1245607184693478,72.4,34.4,74.9,1.0,10.299999999999997,14.299999999999997,1.7000000000000028,0.4000000000000057,16.9,15.399999999999999,0.026470116116193876,0.10855055089741786,-0.6388429020321769,-0.6372806936523703,0.5271235045955358,3.200000000000003,109.0,0.0,1.0,0.0,0.0,0.0,0.0,0.0,1.0,0.0,0.0,0.0,0.0,0.0,0.0,f7036e1c,2021,1,65.1
20.0,1988.0,36.8,44.5,15.1,49.8,45.5,42.9,45.6,44.2,1.15,0.03169014084507042,0.004527162977867203,0.22635814889336017,3.4859154929577465,3.6217303822937628,0.09054325955734406,2.1277665995975856,0.4074446680080483,0.0,89.2,57.900000000000006,58.1,0.0,,,,,,,,,,,,,,1.0,0.0,0.0,0.0,0.0,0.0,0.0,0.0,0.0,0.0,0.0,1.0,0.0,0.0,f7c12fbf,2021,1,33.2
19.0,1085.0,47.7,52.9,42.0,58.7,43.8,49.4,51.5,50.4,0.07,0.03317972350230415,0.09124423963133642,0.5806451612903226,3.2350230414746544,4.56221198156682,0.4147465437788018,3.4009216589861753,0.9124423963133641,0.2488479262672811,78.5,47.5,31.7,0.0,,,,,,,,,,,,,,1.0,0.0,0.0,0.0,0.0,0.0,0.0,0.0,0.0,1.0,0.0,0.0,0.0,0.0,f7e2af2c,2021,1,51.8
20.0,1761.0,27.5,68.2,54.9,48.4,63.4,54.7,58.1,56.4,1.14,0.03577512776831346,0.08177172061328791,2.402044293015332,7.563884156729131,4.804088586030664,1.788756388415673,5.7751277683134585,1.5843270868824533,0.868824531516184,86.6,55.60000000000001,51.5,0.0,,,,,,,,,,,,,,0.0,0.0,1.0,0.0,0.0,0.0,0.0,0.0,0.0,0.0,1.0,0.0,0.0,0.0,f81ef10d,2021,1,59.4
22.0,2785.0,36.2,47.3,43.9,47.4,61.1,51.9,49.2,50.6,0.37,0.012926391382405747,0.025852782764811493,0.7755834829443448,3.4254937163375225,3.490125673249551,0.25852782764811494,4.168761220825853,0.16157989228007183,0.2908438061041293,81.1,63.1,91.0,1.0,-0.8999999999999986,-27.799999999999997,3.5,-31.4,13.5,8.600000000000001,-0.024178510129275424,-0.04423425342391961,-0.7086125775229021,0.39805054727612,0.04482491193990468,19.700000000000003,602.0,1.0,0.0,0.0,0.0,0.0,0.0,0.0,0.0,0.0,1.0,0.0,0.0,0.0,0.0,f86ad3f5,2021,1,56.7
22.0,969.0,37.2,59.8,40.5,35.7,49.7,46.7,46.6,46.7,0.61,0.018575851393188854,0.03715170278637771,0.6501547987616099,3.2507739938080493,3.157894736842105,0.46439628482972134,3.065015479876161,0.8359133126934983,0.37151702786377705,88.0,60.50000000000001,31.7,1.0,-11.299999999999997,-16.0,17.599999999999994,-2.6000000000000014,-19.199999999999996,-16.700000000000003,-0.01835985312117503,-0.005939952480380158,-0.02699978400172809,0.818633450932392,0.9115127078983365,-16.099999999999998,-493.0,1.0,0.0,0.0,0.0,0.0,0.0,0.0,0.0,0.0,0.0,0.0,1.0,0.0,0.0,f86cabbd,2021,0,
23.0,1318.0,37.3,49.5,21.4,8.4,63.8,36.3,40.7,38.5,1.35,0.27314112291350534,0.10242792109256449,1.7754172989377845,1.7754172989377845,2.1851289833080427,0.9559939301972686,0.8877086494688923,5.462822458270106,0.6828528072837633,62.9,46.9,38.5,1.0,-0.5,-0.5,0.29999999999999716,-14.600000000000001,-13.1,6.199999999999996,-0.010988569919259172,0.0025985695567283112,-0.3747533495263793,-0.6945638494564625,0.0859975037159415,-30.0,-1026.0,0.0,1.0,0.0,0.0,0.0,0.0,0.0,0.0,0.0,0.0,0.0,0.0,0.0,1.0,f8eca1b6,2021,1,36.7
22.0,1416.0,76.4,51.6,58.7,9.8,35.8,46.0,56.2,51.1,0.31,0.3241525423728813,0.10805084745762712,2.9237288135593222,2.478813559322034,4.8940677966101696,2.860169491525424,1.7796610169491527,3.8771186440677967,0.9533898305084746,59.7,30.2,46.3,1.0,15.600000000000001,8.100000000000009,16.5,17.300000000000004,0.7000000000000011,4.299999999999997,0.13862622658340762,0.013314005352363961,0.7132024977698483,1.578278322925959,0.3867082961641395,-28.200000000000003,-864.0,0.0,0.0,1.0,1.0,0.0,0.0,0.0,0.0,0.0,0.0,0.0,0.0,0.0,0.0,f972644c,2021,0,
20.0,1736.0,59.9,44.2,19.5,37.4,56.6,42.1,48.3,45.2,0.18,0.11405529953917053,0.09850230414746544,0.8294930875576038,2.436635944700461,4.45852534562212,1.347926267281106,3.7327188940092166,1.6071428571428572,0.3629032258064516,82.2,43.5,50.79999999999999,0.0,,,,,,,,,,,,,,0.0,0.0,1.0,0.0,0.0,0.0,0.0,0.0,0.0,0.0,1.0,0.0,0.0,0.0,f9d5908e,2021,1,52.9
23.0,2861.0,47.7,59.7,42.8,36.2,71.1,50.3,52.5,51.4,0.79,0.2768262845159036,0.10380985669346382,2.516602586508214,1.3212163579168124,5.316322963998602,1.950367004543866,2.1705697308633347,4.93883257602237,0.7864383082838169,69.2,34.1,83.7,1.0,-2.3999999999999986,-3.6999999999999957,-3.0,-5.900000000000006,20.000000000000004,-5.800000000000011,0.010051040216229323,-0.09260708141728535,0.1713257135440447,0.5085053744220556,-0.6136370622786271,-6.099999999999994,-209.0,0.0,1.0,0.0,0.0,0.0,1.0,0.0,0.0,0.0,0.0,0.0,0.0,0.0,0.0,fa031b34,2021,1,60.0
22.0,2187.0,32.9,36.6,18.8,52.8,71.3,40.9,57.0,49.0,0.58,0.06584362139917696,0.012345679012345678,1.3991769547325101,3.45679012345679,3.251028806584362,0.7407407407407407,2.3868312757201644,0.9876543209876543,0.3292181069958848,80.4,62.29999999999999,63.89999999999999,0.0,,,,,,,,,,,,,,0.0,0.0,1.0,0.0,0.0,0.0,0.0,0.0,0.0,0.0,1.0,0.0,0.0,0.0,faed84db,2021,0,
22.0,2070.0,71.9,64.7,86.5,32.0,44.2,50.9,61.8,56.4,1.15,0.09565217391304348,0.08695652173913043,2.0869565217391304,4.0,4.913043478260869,0.8695652173913043,3.8260869565217392,1.8695652173913044,0.782608695652174,79.2,38.9,60.5,1.0,-6.200000000000003,18.800000000000004,-15.099999999999994,2.5999999999999943,-2.299999999999997,-12.899999999999999,0.06897233201581028,-0.0019762845849802396,-0.04743083003952586,-1.2233201581027675,-0.6245059288537549,30.9,1058.0,1.0,0.0,0.0,0.0,1.0,0.0,0.0,0.0,0.0,0.0,0.0,0.0,0.0,0.0,fb614c44,2021,1,50.5
21.0,1239.0,39.6,46.0,65.4,14.0,22.0,38.9,38.9,38.9,0.14,0.05811138014527845,0.19612590799031476,3.559322033898305,3.0508474576271185,4.213075060532687,1.452784503631961,1.6707021791767553,2.469733656174334,1.8159806295399514,73.2,16.7,36.2,1.0,-18.800000000000004,-48.300000000000004,-1.6000000000000014,-21.299999999999997,3.4000000000000004,6.300000000000001,-0.15479184566117318,-0.1909708662032336,-0.8922908693275011,0.1485589315004292,1.0185893931109895,10.245161290322592,309.0,0.0,0.0,1.0,0.0,0.0,0.0,1.0,0.0,0.0,0.0,0.0,0.0,0.0,0.0,fbf76716,2021,0,
19.0,969.0,61.0,43.7,68.4,23.2,44.5,42.2,48.7,45.4,0.96,0.027863777089783277,0.06501547987616098,1.3003095975232197,2.6006191950464395,2.8792569659442724,0.9287925696594427,3.6222910216718263,1.5789473684210524,0.46439628482972134,74.2,40.0,28.3,0.0,,,,,,,,,,,,,,1.0,0.0,0.0,0.0,1.0,0.0,0.0,0.0,0.0,0.0,0.0,0.0,0.0,0.0,fc027d02,2021,1,37.0
20.0,3069.0,39.9,44.9,63.1,24.7,40.6,43.1,43.5,43.3,0.31,0.03225806451612903,0.18181818181818182,2.3460410557184748,2.258064516129032,5.043988269794721,1.9354838709677418,2.375366568914956,1.4956011730205279,1.466275659824047,68.9,42.3,89.7,1.0,-4.400000000000006,-8.899999999999999,-2.3000000000000043,-5.199999999999996,1.3999999999999986,-8.899999999999999,-0.029755117029706797,-0.02579116509613813,-0.4310709874211298,-0.8607451034826905,0.3167823112159103,-7.8999999999999915,-269.0,0.0,0.0,1.0,0.0,0.0,0.0,1.0,0.0,0.0,0.0,0.0,0.0,0.0,0.0,fc15fb84,2021,1,51.3
21.0,2123.0,40.3,67.4,66.3,32.1,37.3,45.1,53.1,49.1,0.48,0.012717852096090438,0.0551106924163919,1.2293923692887423,3.137070183702308,6.1893546867640135,1.186999528968441,2.373999057936882,1.3989637305699483,0.5934997644842205,82.0,50.0,62.10000000000001,0.0,,,,,,,,,,,,,,1.0,0.0,0.0,0.0,1.0,0.0,0.0,0.0,0.0,0.0,0.0,0.0,0.0,0.0,fc4cf6a7,2021,1,45.3
20.0,1615.0,72.9,65.8,50.6,52.0,56.7,57.6,58.7,58.2,0.86,0.07244582043343654,0.050154798761609914,0.7801857585139319,3.4551083591331273,4.06811145510836,0.5572755417956656,3.7894736842105265,1.5046439628482973,0.22291021671826627,82.7,46.0,47.2,1.0,-1.7999999999999972,21.000000000000007,-7.0,-13.600000000000001,9.0,-3.799999999999997,0.0425057006729575,0.008238631096939258,-0.597059750468104,-1.2013496227359513,-0.9760293654177707,-14.699999999999996,112.0,1.0,0.0,0.0,0.0,0.0,0.0,0.0,0.0,0.0,1.0,0.0,0.0,0.0,0.0,fcb27134,2021,1,66.2
23.0,2299.0,54.4,67.5,90.0,33.5,24.2,43.3,58.1,50.7,0.77,0.019573727707699,0.137016093953893,2.270552414093084,3.836450630709004,5.8721183123097,0.861244019138756,1.918225315354502,2.035667681600696,1.291866028708134,76.2,29.7,67.2,1.0,0.0,-6.200000000000003,15.5,23.5,0.6000000000000014,-25.599999999999998,0.0013735254832298385,0.04601508283154719,1.2695412917472804,2.4140798896605595,0.1964101858151719,38.300000000000004,1310.0,1.0,0.0,0.0,0.0,1.0,0.0,0.0,0.0,0.0,0.0,0.0,0.0,0.0,0.0,fce2302c,2021,1,53.2
18.0,1029.0,24.4,47.6,27.4,24.7,62.9,33.5,37.1,35.3,0.25,0.12244897959183672,0.06997084548104957,1.661807580174927,2.0991253644314867,3.760932944606414,0.43731778425655976,2.2740524781341107,1.836734693877551,0.7871720116618076,63.79999999999999,34.1,33.6,0.0,,,,,,,,,,,,,,0.0,1.0,0.0,0.0,0.0,1.0,0.0,0.0,0.0,0.0,0.0,0.0,0.0,0.0,fd53759d,2021,1,32.4
23.0,1785.0,66.6,59.5,47.6,41.9,12.2,47.6,50.5,49.0,2.12,0.18151260504201683,0.04537815126050421,2.1680672268907566,2.1680672268907566,8.369747899159664,4.184873949579832,1.361344537815126,4.084033613445379,0.6050420168067228,88.5,37.5,52.2,1.0,-5.0,-2.6000000000000085,0.6000000000000014,-21.9,2.1000000000000014,-7.100000000000001,0.023932024063107127,-0.07638866131410782,-1.1984270031132227,-1.2999695700007017,0.4131925750801715,-21.299999999999997,-728.0,0.0,0.0,1.0,0.0,0.0,0.0,0.0,0.0,1.0,0.0,0.0,0.0,0.0,0.0,fe012aca,2021,1,61.4
21.0,1128.0,43.3,16.3,22.2,76.3,40.2,42.8,41.0,41.9,0.66,0.0398936170212766,0.01595744680851064,0.2393617021276596,1.1170212765957448,2.074468085106383,0.0797872340425532,3.1117021276595747,0.4787234042553192,0.0,90.5,56.5,33.0,0.0,,,,,,,,,,,,,,1.0,0.0,0.0,0.0,0.0,0.0,0.0,0.0,0.0,1.0,0.0,0.0,0.0,0.0,fe296c72,2021,0,
17.0,1594.0,39.8,57.0,44.0,51.3,78.1,53.8,64.6,59.2,0.33,0.062107904642409034,0.02823086574654956,2.1455457967377667,3.9523212045169385,6.7754077791718945,1.016311166875784,5.0815558343789204,0.9033877038895859,1.016311166875784,85.6,63.20000000000001,46.60000000000001,0.0,,,,,,,,,,,,,,0.0,0.0,1.0,0.0,0.0,0.0,0.0,0.0,0.0,0.0,1.0,0.0,0.0,0.0,feb5d972,2021,1,59.4
23.0,2735.0,59.4,56.9,62.8,55.8,50.8,57.3,57.3,57.3,1.12,0.0789762340036563,0.15466179159049362,2.4351005484460693,4.146252285191956,5.001828153564899,0.7568555758683729,1.9414990859232175,1.2175502742230346,1.4478976234003655,81.5,44.7,80.0,1.0,21.099999999999994,21.199999999999996,26.2,24.199999999999996,14.899999999999999,17.799999999999997,0.004920086859416223,0.09367437629523709,0.9975400450578795,1.8217700703122373,1.0097566414359056,19.6,669.0,0.0,0.0,1.0,0.0,0.0,0.0,1.0,0.0,0.0,0.0,0.0,0.0,0.0,0.0,fed17f5a,2021,1,60.5
21.0,1520.0,81.2,51.7,67.6,33.6,41.6,54.2,63.0,58.6,0.13,0.3256578947368421,0.07697368421052632,2.7828947368421053,2.486842105263158,4.973684210526316,1.3026315789473684,1.776315789473684,5.388157894736842,1.006578947368421,86.1,47.2,44.4,1.0,-7.800000000000004,-9.299999999999997,-23.200000000000003,-19.30000000000001,-1.0,12.5,0.017589435079140348,-0.20908988547162527,-1.5080588083901683,-2.141230214901557,-1.4006884570840303,-35.800000000000004,-934.0,0.0,0.0,1.0,1.0,0.0,0.0,0.0,0.0,0.0,0.0,0.0,0.0,0.0,0.0,fed7cb61,2021,1,61.5
18.0,1452.0,53.0,20.9,20.6,50.0,64.3,47.1,55.2,51.2,1.54,0.04338842975206612,0.006198347107438017,0.37190082644628103,1.6735537190082646,0.8057851239669421,0.06198347107438017,4.958677685950414,0.8677685950413223,0.12396694214876033,81.7,61.1,47.5,0.0,,,,,,,,,,,,,,1.0,0.0,0.0,0.0,0.0,0.0,0.0,0.0,0.0,0.0,0.0,1.0,0.0,0.0,ff5ea0bf,2021,1,54.2
22.0,2051.0,79.5,70.4,80.1,25.3,37.2,47.3,60.3,53.8,1.57,0.06143344709897611,0.12725499756216482,1.8868844466114092,3.2910775231594345,6.626036079960995,1.8430034129692834,3.3349585568015603,2.6328620185275478,1.1409068746952706,75.94912280701753,57.83026315789474,37.92150170648464,1.0,6.899999999999999,9.5,0.0,-3.6000000000000085,-2.3999999999999986,24.500000000000004,0.010451573987193624,0.01849366825702886,-0.42429380112272974,0.23630798328425762,-0.3116415100731942,-39.478498293515365,-597.0,1.0,0.0,0.0,0.0,1.0,0.0,0.0,0.0,0.0,0.0,0.0,0.0,0.0,0.0,ff800ed8,2021,1,41.8
19.0,1025.0,46.9,66.4,92.4,28.2,25.7,42.2,57.1,49.7,1.36,0.00878048780487805,0.1404878048780488,2.2829268292682925,4.214634146341464,4.126829268292683,0.7024390243902439,3.3365853658536584,1.6682926829268292,1.3170731707317074,73.76814159292036,34.8,27.20448780487805,0.0,,,,,,,,,,,,,,1.0,0.0,0.0,0.0,1.0,0.0,0.0,0.0,0.0,0.0,0.0,0.0,0.0,0.0,ffacd3d5,2021,0,
18.0,2313.0,56.2,71.0,82.0,28.5,28.7,56.1,61.1,58.6,1.12,0.10894941634241245,0.11284046692607004,3.501945525291829,3.813229571984436,10.817120622568094,3.4241245136186773,2.4513618677042803,5.09727626459144,1.595330739299611,81.4,34.8,67.6,0.0,,,,,,,,,,,,,,0.0,0.0,1.0,0.0,0.0,0.0,0.0,0.0,1.0,0.0,0.0,0.0,0.0,0.0,fffea3e5,2021,1,71.8
21.0,1789.0,55.9,22.2,35.3,30.3,73.2,39.1,52.0,45.6,0.64,0.12073784237003914,0.13583007266629404,1.8613750698714366,2.4147568474007826,1.9619899385131359,0.20122973728339855,5.483510340972611,2.213527110117384,0.6036892118501956,73.1,43.5,58.5,1.0,-1.6000000000000014,-1.8000000000000043,4.5,16.999999999999996,-4.900000000000002,-10.599999999999994,-0.0551197347033434,0.03031552642226451,0.6499117611436902,0.4769703987823499,0.2263069993764666,-16.799999999999997,-514.0,0.0,0.0,1.0,0.0,0.0,0.0,0.0,0.0,0.0,0.0,1.0,0.0,0.0,0.0,00242b75,2022,1,45.8
20.0,1229.0,27.2,69.9,69.0,51.6,64.1,50.2,55.9,53.0,0.52,0.1977217249796583,0.1757526444263629,3.4418226200162736,2.709519934906428,6.883645240032547,2.4898291293734744,2.855980471928397,3.1489015459723353,2.123677786818552,80.15985401459854,37.83065693430657,20.27493897477624,0.0,,,,,,,,,,,,,,0.0,1.0,0.0,0.0,0.0,0.0,0.0,0.0,0.0,0.0,0.0,0.0,1.0,0.0,007faf7a,2022,1,62.8
23.0,2705.0,73.0,66.6,42.5,44.6,89.4,68.1,74.5,71.3,1.09,0.09981515711645102,0.0199630314232902,0.8317929759704251,3.8927911275415896,3.027726432532347,0.565619223659889,5.589648798521257,1.4306839186691311,0.16635859519408502,80.9,81.8,88.4,1.0,4.5,6.200000000000003,0.3999999999999915,-2.6000000000000014,4.300000000000004,6.5,0.0013872692148789029,0.001507802441745431,0.27813610652408205,0.13640722542366657,-0.7210161178446031,40.60000000000001,1242.0,1.0,0.0,0.0,0.0,0.0,0.0,0.0,0.0,0.0,0.0,0.0,1.0,0.0,0.0,00963611,2022,1,56.0
23.0,1429.0,81.1,48.3,84.0,28.7,38.9,44.9,55.7,50.3,1.59,0.09447165850244926,0.12596221133659902,1.9524142757172847,2.141357592722183,3.463960811756473,1.1336599020293912,3.4009797060881732,1.6375087473757872,1.0706787963610915,75.5,39.3,46.7,1.0,12.299999999999997,35.39999999999999,9.399999999999999,26.700000000000003,18.9,-4.100000000000001,0.07763349199169155,0.05019046203818929,0.43697928974909006,-0.07205415550264771,-0.21598571878389716,11.800000000000004,360.0,1.0,0.0,0.0,0.0,1.0,0.0,0.0,0.0,0.0,0.0,0.0,0.0,0.0,0.0,009a4f60,2022,1,52.5
22.0,1364.0,60.8,51.6,60.0,15.7,24.6,43.4,46.1,44.8,0.22,0.1715542521994135,0.11217008797653959,2.441348973607038,3.2331378299120237,4.486803519061584,1.9134897360703813,2.17741935483871,2.705278592375367,1.187683284457478,72.4,22.5,44.6,0.0,,,,,,,,,,,,,,0.0,0.0,1.0,0.0,0.0,0.0,0.0,0.0,1.0,0.0,0.0,0.0,0.0,0.0,0174ba21,2022,1,58.25
22.0,2007.0,54.7,21.1,15.4,69.7,65.1,51.9,60.5,56.2,1.52,0.05381165919282511,0.013452914798206277,0.17937219730941703,1.0762331838565022,0.6278026905829596,0.08968609865470852,3.408071748878924,1.1210762331838564,0.17937219730941703,86.3,61.79999999999999,65.6,1.0,3.8000000000000043,-4.199999999999996,2.8000000000000007,1.700000000000001,2.799999999999997,5.599999999999994,-0.010998710466320345,0.013452914798206277,0.09295837109722309,0.3253542988402808,-0.34959494864469787,-2.5,-76.0,1.0,0.0,0.0,0.0,0.0,0.0,0.0,0.0,0.0,0.0,0.0,1.0,0.0,0.0,01834aa0,2022,1,54.0
23.0,2413.0,70.9,44.1,53.3,44.9,30.9,55.4,53.5,54.4,0.73,0.46622461665975967,0.15665147119767925,2.2005801906340654,1.6038126813095732,1.976792374637381,1.2308329879817654,0.8951512639867385,4.736842105263158,1.2308329879817654,73.2,39.7,70.6,0.0,,,,,,,,,,,,,,0.0,1.0,0.0,0.0,0.0,0.0,0.0,0.0,0.0,0.0,0.0,0.0,1.0,0.0,01870104,2022,1,42.6
22.0,1369.0,56.2,46.0,41.1,35.0,58.9,46.3,47.1,46.7,0.26,0.15120525931336742,0.09861212563915267,2.2352081811541273,2.498173849525201,4.20745069393718,0.6574141709276845,3.550036523009496,3.81300219138057,1.183345507669832,76.8,48.2,40.0,1.0,-11.0,-23.299999999999997,3.1000000000000014,-16.699999999999996,-12.600000000000001,-5.500000000000007,-0.10790167370660908,-0.07588846190491313,-0.5673770127354145,0.7703179089783085,-0.19865341251945257,-9.799999999999997,-333.0,0.0,0.0,1.0,1.0,0.0,0.0,0.0,0.0,0.0,0.0,0.0,0.0,0.0,0.0,01c3aff5,2022,1,53.8
23.0,1481.0,28.0,43.4,17.4,66.4,61.9,43.3,56.3,49.8,0.5,0.024307900067521947,0.054692775151924375,1.276164753544902,3.8284942606347063,3.099257258609048,0.5469277515192438,3.8284942606347063,0.9723160027008778,0.5469277515192438,86.0,40.4,43.3,0.0,,,,,,,,,,,,,,0.0,0.0,1.0,0.0,0.0,0.0,0.0,0.0,0.0,0.0,1.0,0.0,0.0,0.0,03049c8c,2022,0,
23.0,2477.0,59.5,20.9,16.6,53.6,39.3,37.9,41.2,39.6,0.86,0.06903512313282197,0.010900282599919257,0.3633427533306419,1.1990310859911182,1.0536939846588615,0.21800565199838515,2.5797335486475577,1.2716996366572466,0.14533710133225677,87.5,58.3,72.4,1.0,-10.299999999999997,-0.6000000000000014,7.699999999999999,5.800000000000001,-14.899999999999999,-16.200000000000003,0.0014506425320710281,0.008084262574887969,0.22254175207907748,0.43416957915197796,0.18526387697985425,-21.099999999999994,-719.0,1.0,0.0,0.0,0.0,0.0,0.0,0.0,0.0,0.0,0.0,0.0,1.0,0.0,0.0,0313a347,2022,1,48.55
23.0,1651.0,51.0,83.3,91.6,37.3,32.4,63.3,64.6,64.0,0.45,0.07631738340399757,0.2235009085402786,4.36099333737129,7.522713506965475,8.558449424591156,1.8534221683827983,2.3440339188370682,1.6353725015142337,2.0714718352513626,82.2,46.2,48.29999999999999,1.0,1.3999999999999986,-12.5,1.0999999999999943,22.89999999999999,1.3999999999999986,1.5,-0.09376135675348274,0.08176862507571167,1.4554815263476675,0.19624470018170825,0.7195639006662624,11.199999999999989,381.0,0.0,0.0,1.0,0.0,0.0,0.0,1.0,0.0,0.0,0.0,0.0,0.0,0.0,0.0,032f894e,2022,0,
23.0,1564.0,57.8,61.5,44.5,28.9,63.5,53.6,54.9,54.2,0.14,0.3625319693094629,0.1323529411764706,2.2442455242966752,2.0716112531969313,4.085677749360614,1.323529411764706,1.6112531969309465,5.179028132992328,1.0933503836317136,72.4,41.8,45.7,0.0,,,,,,,,,,,,,,0.0,1.0,0.0,0.0,0.0,1.0,0.0,0.0,0.0,0.0,0.0,0.0,0.0,0.0,0562b7f1,2022,1,46.2
20.0,1079.0,9.8,45.1,14.6,40.2,74.3,27.3,31.3,29.3,1.33,0.10009267840593142,0.08341056533827618,1.7516218721037997,1.2511584800741427,3.753475440222428,1.5848007414272474,2.752548656163114,2.5857275254865617,0.5838739573679332,76.2,39.3,35.3,1.0,-14.499999999999996,-80.5,-9.199999999999996,-63.199999999999996,19.300000000000004,55.5,-0.06723799888490523,-0.07196792071750072,-0.5192944625575546,-1.2664448785026714,-0.7807140298860167,-13.900000000000006,-427.0,0.0,1.0,0.0,0.0,0.0,1.0,0.0,0.0,0.0,0.0,0.0,0.0,0.0,0.0,05ba9d7c,2022,1,38.2
21.0,2611.0,64.7,62.2,46.1,20.7,44.2,54.0,55.2,54.6,0.08,0.4756798161623899,0.12064343163538874,2.2749904251244732,1.861355802374569,3.791650708540789,1.2409038682497127,1.1030256606664113,6.101110685561087,1.068556108770586,70.1,24.3,85.3,1.0,7.100000000000001,27.6,-1.0,9.200000000000003,-9.5,-30.599999999999994,0.2331452203867162,-0.0039013607899572034,0.374043593369193,-0.07579284571995393,-0.30179059238143946,40.4,1238.0,0.0,1.0,0.0,0.0,0.0,0.0,0.0,1.0,0.0,0.0,0.0,0.0,0.0,0.0,05f99a4a,2022,1,49.0
22.0,2711.0,45.7,44.1,50.3,37.7,48.0,45.7,45.9,45.8,0.96,0.32202139431943927,0.14607156030984877,2.2242714865363333,1.3279232755440795,2.987827369974179,1.2283290298782736,1.0623386204352636,4.7473257100700845,1.1287347842124678,74.5,36.9,79.3,1.0,-6.600000000000001,-24.099999999999994,4.300000000000004,-11.5,18.1,18.7,-0.09042433650545217,0.007142472031990588,-0.42406425876033804,0.29607628459067703,0.02546307293915917,18.699999999999996,638.0,0.0,1.0,0.0,0.0,0.0,0.0,0.0,0.0,0.0,0.0,0.0,0.0,1.0,0.0,065dc209,2022,1,39.0
20.0,1838.0,64.4,58.3,19.6,63.2,73.5,62.0,68.1,65.0,0.38,0.09303590859630033,0.024483133841131665,0.4896626768226333,4.602829162132753,2.5952121871599565,0.19586507072905332,4.70076169749728,0.9303590859630033,0.04896626768226333,89.5,78.3,53.7,1.0,5.0,0.5000000000000071,-9.700000000000003,-17.699999999999996,-4.3999999999999915,17.299999999999997,0.020910473056230644,-0.013147528179774253,-0.29430944861290675,-1.7950317152790682,-0.4145924406547028,-30.200000000000003,-1032.0,1.0,0.0,0.0,0.0,0.0,0.0,0.0,0.0,0.0,0.0,0.0,1.0,0.0,0.0,06df8256,2022,1,58.3
22.0,2869.0,37.2,35.6,36.9,20.6,42.4,35.7,35.8,35.8,0.09,0.29487626350644824,0.10038340885325898,2.0076681770651796,1.160683164865807,2.0076681770651796,0.37643778319972115,0.7215057511327989,5.991634715928895,0.7842453816660858,61.7,42.0,83.9,0.0,,,,,,,,,,,,,,0.0,1.0,0.0,0.0,0.0,0.0,0.0,1.0,0.0,0.0,0.0,0.0,0.0,0.0,08aa9cd1,2022,1,28.65
23.0,1565.0,58.4,63.4,73.3,33.4,43.8,48.8,56.9,52.8,1.33,0.05175718849840256,0.07476038338658147,2.1277955271565494,3.6230031948881787,3.9680511182108624,0.6900958466453674,5.233226837060703,1.610223642172524,0.6325878594249201,79.3,50.0,45.8,0.0,,,,,,,,,,,,,,1.0,0.0,0.0,0.0,1.0,0.0,0.0,0.0,0.0,0.0,0.0,0.0,0.0,0.0,08eb3b58,2022,1,53.7
23.0,1833.0,39.7,70.1,60.6,65.7,45.6,59.1,62.0,60.6,0.42,0.07364975450081833,0.10801963993453356,3.1423895253682486,3.3878887070376433,8.445171849427169,1.1292962356792144,3.6333878887070377,2.111292962356792,1.1783960720130933,87.6,57.1,53.6,1.0,-4.199999999999996,-29.0,-0.5,-5.399999999999999,1.1000000000000085,3.3000000000000043,-0.08198934324354255,-0.101754796155692,-0.17339994831596162,1.4752470373970938,-0.46925415010521343,14.700000000000003,503.0,0.0,0.0,1.0,0.0,0.0,0.0,0.0,0.0,1.0,0.0,0.0,0.0,0.0,0.0,0959c2a2,2022,1,71.15
20.0,1477.0,58.2,78.3,80.6,23.7,43.0,49.7,61.6,55.6,1.65,0.05484089370345294,0.01828029790115098,1.7670954637779281,4.631008801624915,6.215301286391334,1.4014895057549086,5.727826675693974,1.4014895057549086,0.6093432633716994,75.6,23.5,43.2,0.0,,,,,,,,,,,,,,1.0,0.0,0.0,0.0,1.0,0.0,0.0,0.0,0.0,0.0,0.0,0.0,0.0,0.0,0967845b,2022,1,57.0
21.0,1307.0,65.6,53.7,45.7,55.3,81.8,65.1,71.2,68.2,1.46,0.09640397857689365,0.03442999234889059,0.6197398622800306,3.5807192042846214,2.685539403213466,0.13771996939556236,4.613618974751339,1.2394797245600613,0.13771996939556236,86.70916609235012,65.7,42.50244835501148,1.0,11.0,19.999999999999993,1.1000000000000014,-21.39999999999999,8.199999999999996,18.4,0.08769149067757129,-0.03526991084568831,-0.6000084436251,0.5074174283828756,-0.33990035041044164,14.106223766434521,274.0,1.0,0.0,0.0,0.0,0.0,0.0,0.0,0.0,0.0,0.0,0.0,1.0,0.0,0.0,0a3d6d2b,2022,1,52.349999999999994
21.0,2683.0,39.8,20.1,12.0,36.0,71.2,44.7,55.1,49.9,1.41,0.03689899366380917,0.0033544539694371975,0.2348117778606038,1.9455833022735745,1.0734252702199032,0.2348117778606038,3.8240775251584047,0.9392471114424152,0.06708907938874395,69.8,64.3,78.5,0.0,,,,,,,,,,,,,,1.0,0.0,0.0,0.0,0.0,0.0,0.0,0.0,0.0,0.0,0.0,1.0,0.0,0.0,0abc51f2,2022,1,58.4
21.0,983.0,14.8,33.2,57.0,29.5,39.4,30.9,35.0,33.0,0.06,0.1281790437436419,0.1373346897253306,2.472024415055951,1.007121057985758,3.479145473041709,1.190233977619532,1.190233977619532,3.1129196337741605,1.6480162767039674,64.8,13.6,28.7,0.0,,,,,,,,,,,,,,0.0,1.0,0.0,0.0,0.0,1.0,0.0,0.0,0.0,0.0,0.0,0.0,0.0,0.0,0b2c9aec,2022,0,
22.0,2972.0,56.8,57.6,40.9,29.4,86.8,60.5,67.7,64.1,1.76,0.060565275908479134,0.021197846567967697,0.8176312247644683,3.573351278600269,3.361372812920592,0.2725437415881561,5.5720053835800805,1.0296096904441452,0.24226110363391654,77.2,67.4,86.9,1.0,13.099999999999994,5.899999999999999,27.900000000000002,21.4,-9.100000000000001,19.299999999999997,0.02857475458146492,-0.021456181868051264,0.2844558693142313,0.8021311067594548,1.6539199989794158,62.2,2128.0,1.0,0.0,0.0,0.0,0.0,0.0,0.0,0.0,0.0,0.0,0.0,1.0,0.0,0.0,0b33f6ad,2022,1,68.30000000000001
22.0,1529.0,55.6,68.4,79.1,16.0,31.6,41.0,54.6,47.8,0.86,0.041203400915631135,0.10006540222367562,1.7069980379332899,3.767168083714847,6.357096141268804,1.2949640287769786,4.473512099411381,0.7063440156965337,1.0006540222367561,75.5,30.6,44.7,0.0,,,,,,,,,,,,,,1.0,0.0,0.0,0.0,1.0,0.0,0.0,0.0,0.0,0.0,0.0,0.0,0.0,0.0,0bb6e193,2022,0,
19.0,1926.0,59.0,78.7,90.7,36.1,25.6,47.0,62.7,54.8,0.48,0.028037383177570093,0.1542056074766355,2.6168224299065423,5.88785046728972,6.214953271028038,0.9345794392523366,4.392523364485982,0.7009345794392524,1.4485981308411215,76.2,22.9,56.3,0.0,,,,,,,,,,,,,,1.0,0.0,0.0,0.0,1.0,0.0,0.0,0.0,0.0,0.0,0.0,0.0,0.0,0.0,0bfca6a1,2022,1,54.05
23.0,1058.0,76.2,55.3,61.0,21.0,37.2,50.0,51.6,50.8,1.55,0.2551984877126654,0.19565217391304346,2.637051039697542,1.8714555765595462,6.209829867674857,2.4669187145557654,2.2117202268431,3.657844990548204,0.9357277882797731,76.74406779661017,51.32881355932204,24.973913043478262,1.0,-1.2000000000000028,28.300000000000004,-0.8000000000000043,8.799999999999997,-21.700000000000003,-24.099999999999994,-0.001944369430191717,0.059803117309269876,0.5507976704253048,2.5710158515023505,0.2218598892280097,-35.62608695652174,-797.0,0.0,0.0,1.0,0.0,0.0,0.0,0.0,0.0,1.0,0.0,0.0,0.0,0.0,0.0,0c61c77c,2022,1,56.7
19.0,1754.0,53.1,64.7,56.4,42.7,70.5,60.2,62.2,61.2,0.2,0.0410490307867731,0.05644241733181301,0.8722919042189282,3.4378563283922468,4.720638540478906,0.8722919042189282,4.823261117445838,0.8209806157354619,0.41049030786773094,82.8,58.2,57.3,0.0,,,,,,,,,,,,,,1.0,0.0,0.0,0.0,0.0,0.0,0.0,0.0,0.0,0.0,0.0,1.0,0.0,0.0,0c7a48f8,2022,1,65.94999999999999
22.0,918.0,37.9,21.0,27.0,48.3,68.8,37.4,52.9,45.2,0.79,0.08823529411764706,0.019607843137254905,1.5686274509803924,2.450980392156863,2.2549019607843137,0.5882352941176471,3.823529411764706,0.6862745098039216,0.29411764705882354,78.9,50.0,26.8,0.0,,,,,,,,,,,,,,0.0,0.0,1.0,0.0,0.0,0.0,0.0,0.0,0.0,0.0,1.0,0.0,0.0,0.0,0cb29e91,2022,0,
22.0,1627.0,70.5,50.6,44.7,16.6,50.0,53.9,57.2,55.6,0.0,0.5421020282728949,0.14935464044253227,2.267977873386601,1.1063306699446833,2.987092808850645,1.3829133374308542,1.4382298709280883,5.863552550706822,0.6084818684695759,67.9,42.5,53.2,0.0,,,,,,,,,,,,,,0.0,1.0,0.0,0.0,0.0,0.0,0.0,1.0,0.0,0.0,0.0,0.0,0.0,0.0,0cc5f4a5,2022,0,
23.0,1714.0,74.1,60.7,75.1,31.8,33.8,55.8,57.9,56.8,0.17,0.18903150525087514,0.23103850641773632,3.203033838973162,3.045507584597433,5.723453908984831,1.9953325554259043,2.7829638273045507,2.310385064177363,1.7852975495915986,79.4,35.7,56.0,0.0,,,,,,,,,,,,,,0.0,0.0,1.0,0.0,0.0,0.0,0.0,0.0,1.0,0.0,0.0,0.0,0.0,0.0,0cf778df,2022,1,67.75
18.0,1786.0,52.5,18.0,18.4,29.2,26.0,33.8,39.0,36.4,0.52,0.3678611422172452,0.05039193729003359,1.360582306830907,0.45352743561030234,2.4188129899216126,0.503919372900336,1.4613661814109742,4.333706606942889,0.6047032474804032,66.7,20.0,52.20000000000001,0.0,,,,,,,,,,,,,,0.0,1.0,0.0,0.0,0.0,0.0,0.0,1.0,0.0,0.0,0.0,0.0,0.0,0.0,0d7b6576,2022,0,
21.0,2600.0,62.0,52.9,56.3,50.8,51.3,54.3,53.4,53.8,1.14,0.14884615384615385,0.15576923076923077,2.5615384615384613,3.6,4.292307692307692,1.1076923076923078,3.703846153846154,1.0038461538461538,1.523076923076923,81.6,47.1,76.0,1.0,8.199999999999996,36.5,11.399999999999999,17.599999999999994,-4.100000000000001,-11.900000000000006,0.12177848467322153,0.0677993059572007,0.5314632735685367,0.7058415268941585,-0.12180451127819536,37.1,1270.0,0.0,0.0,1.0,0.0,0.0,0.0,1.0,0.0,0.0,0.0,0.0,0.0,0.0,0.0,0db169ae,2022,1,54.0
22.0,1595.0,49.0,64.5,75.6,22.0,63.8,56.2,58.1,57.2,0.95,0.3047021943573668,0.16363636363636366,4.175548589341693,1.523510971786834,4.401253918495298,2.3699059561128526,2.595611285266458,5.078369905956113,1.8620689655172415,73.09044943820224,43.01966292134831,50.54012539184952,0.0,,,,,,,,,,,,,,0.0,1.0,0.0,0.0,0.0,0.0,0.0,0.0,0.0,0.0,0.0,0.0,1.0,0.0,0e0102eb,2022,1,67.1
23.0,1063.0,70.3,49.3,49.4,35.5,20.2,53.4,51.0,52.2,0.37,0.4487300094073377,0.16086547507055501,2.4553151458137346,1.0159924741298212,3.555973659454374,1.523988711194732,0.9313264346190028,4.825964252116651,0.9313264346190028,79.7,13.2,31.1,1.0,22.000000000000004,52.599999999999994,4.0,14.0,0.0,6.6,0.30287166607000277,0.11764818815578912,0.8886884951534706,0.15261231491655902,-0.11846130738278382,-17.60000000000001,-603.0,0.0,1.0,0.0,0.0,0.0,1.0,0.0,0.0,0.0,0.0,0.0,0.0,0.0,0.0,0e5ddc7c,2022,0,
22.0,1861.0,62.6,54.7,67.8,25.6,83.2,57.0,62.7,59.8,0.33,0.12573885008060184,0.22729715206878023,2.8533046749059645,4.110693175711983,4.3041375604513705,1.0155830198817841,5.513164965072542,1.5959161740999463,1.3057495969908652,73.2,73.9,60.8,0.0,,,,,,,,,,,,,,0.0,0.0,1.0,0.0,0.0,0.0,0.0,0.0,0.0,0.0,1.0,0.0,0.0,0.0,0f59a7bf,2022,1,64.65
23.0,2303.0,55.7,61.6,52.5,37.8,69.7,55.4,58.9,57.2,0.26,0.12114633087277464,0.17585757707338254,2.188449848024316,3.556231003039514,4.924012158054711,1.2114633087277464,3.3999131567520626,2.735562310030395,1.0160660008684326,80.6,63.5,67.3,1.0,7.800000000000004,32.900000000000006,17.6,39.6,-9.300000000000004,-7.299999999999997,0.051405920179245,0.16539651546935308,1.1772138929681362,0.8093279271364624,-0.14001076371755694,-8.200000000000003,-278.0,0.0,0.0,1.0,0.0,0.0,0.0,0.0,0.0,0.0,0.0,1.0,0.0,0.0,0.0,0f8418aa,2022,1,52.05
19.0,1353.0,34.9,38.0,21.4,61.9,43.0,39.8,40.4,40.1,0.62,0.04656319290465632,0.06651884700665188,1.8625277161862528,3.3924611973392462,2.261640798226164,0.3325942350332594,4.057649667405765,0.532150776053215,0.532150776053215,82.7,25.0,39.6,0.0,,,,,,,,,,,,,,0.0,0.0,1.0,0.0,0.0,0.0,1.0,0.0,0.0,0.0,0.0,0.0,0.0,0.0,0fdcef0e,2022,1,56.6
23.0,2576.0,59.1,12.7,22.1,56.0,59.1,45.3,52.9,49.1,1.5,0.1013198757763975,0.010481366459627328,0.31444099378881984,0.873447204968944,0.733695652173913,0.06987577639751552,3.354037267080745,1.1180124223602483,0.1746894409937888,81.6,58.7,75.3,1.0,3.700000000000003,-5.300000000000004,-16.5,8.700000000000001,5.100000000000001,-3.6999999999999957,0.04125313495326069,0.0004702429891045249,0.11421852437836377,-1.0683065725201915,-1.1788331064882307,22.699999999999996,778.0,1.0,0.0,0.0,0.0,0.0,0.0,0.0,0.0,0.0,0.0,0.0,1.0,0.0,0.0,0fee6bda,2022,1,46.6
20.0,2282.0,21.6,35.9,25.7,48.3,91.1,42.5,65.4,54.0,0.75,0.011831726555652936,0.06704645048203331,1.4198071866783524,3.7467134092900967,2.8001752848378616,0.39439088518843124,5.166520595968449,0.5127081507449606,0.5521472392638037,75.0,64.2,66.7,1.0,-2.3999999999999986,-15.799999999999997,-10.300000000000004,-19.8,14.199999999999996,17.799999999999997,-0.0010931178675160427,0.015347072789357395,0.7735649655199034,-1.4219405600640047,0.12775697080278237,5.600000000000001,193.0,0.0,0.0,1.0,0.0,0.0,0.0,0.0,0.0,0.0,0.0,1.0,0.0,0.0,0.0,10b9fa99,2022,0,
23.0,1729.0,53.2,64.4,82.4,29.5,18.9,38.8,53.5,46.2,0.1,0.03123192596876807,0.0989010989010989,2.4985540775014456,3.175245806824754,6.454598033545402,0.46847888953152106,2.8629265471370733,1.0410641989589358,1.3533834586466165,82.9,37.9,50.60000000000001,1.0,-6.5,2.3000000000000043,-2.5999999999999943,24.000000000000007,-14.399999999999999,-25.0,0.007257498691197475,0.026977817068387117,1.2039350045126336,0.41304235959761204,0.2503656789611415,-4.29999999999999,-148.0,1.0,0.0,0.0,0.0,1.0,0.0,0.0,0.0,0.0,0.0,0.0,0.0,0.0,0.0,10e7f486,2022,1,50.0
23.0,2332.0,50.9,53.7,36.9,40.7,59.6,48.2,48.7,48.4,0.85,0.11192109777015437,0.1350771869639794,1.620926243567753,3.0488850771869638,5.518867924528302,1.4665523156089193,4.013722126929674,1.7367066895368781,0.8876500857632933,83.09999999999998,44.2,68.2,1.0,7.0,4.699999999999996,10.0,-9.100000000000001,19.800000000000004,8.399999999999999,0.021317070924516776,0.027215250242982283,-0.27744384272179645,0.772942708804429,1.2799493149626109,7.200000000000003,246.0,0.0,0.0,1.0,0.0,0.0,0.0,0.0,0.0,1.0,0.0,0.0,0.0,0.0,0.0,10f0fdd3,2022,1,50.05
23.0,2720.0,57.8,57.2,58.3,23.7,30.8,38.4,47.2,42.8,1.76,0.05294117647058824,0.05294117647058824,1.4227941176470589,1.9191176470588236,4.93014705882353,1.4227941176470589,3.7389705882352944,1.8860294117647058,0.7279411764705882,75.5,38.8,79.5,0.0,,,,,,,,,,,,,,1.0,0.0,0.0,0.0,1.0,0.0,0.0,0.0,0.0,0.0,0.0,0.0,0.0,0.0,112521d1,2022,0,
21.0,985.0,48.1,58.0,25.1,60.0,51.8,52.2,53.8,53.0,0.06,0.04568527918781726,0.06395939086294415,0.27411167512690354,2.9238578680203045,5.025380710659898,0.18274111675126903,2.3756345177664975,0.8223350253807107,0.09137055837563451,92.1,66.7,28.8,1.0,-13.200000000000003,7.700000000000003,1.7000000000000028,-4.099999999999998,8.0,-31.0,0.011202520567127602,0.053614563276737255,-0.3810607386661999,0.9564151934185192,0.16523717836513185,-47.5,-1625.0,1.0,0.0,0.0,0.0,0.0,0.0,0.0,0.0,0.0,0.0,0.0,1.0,0.0,0.0,114bbdee,2022,1,58.4
22.0,1023.0,38.2,42.1,49.8,46.8,48.2,44.9,44.6,44.8,0.38,0.052785923753665684,0.11436950146627566,2.5513196480938416,2.5513196480938416,4.222873900293255,1.6715542521994133,3.8709677419354835,0.8797653958944281,1.3196480938416422,81.5,46.4,29.9,1.0,1.1999999999999957,15.500000000000004,-0.29999999999999716,24.9,-5.200000000000003,-4.0,0.021964005945446504,0.05889004941148114,0.7636484152171292,0.7091752701562686,-1.0240228176595831,5.19315068493151,-437.0,0.0,0.0,1.0,0.0,0.0,0.0,0.0,0.0,1.0,0.0,0.0,0.0,0.0,0.0,11ff3d56,2022,0,
21.0,1864.0,92.3,88.6,99.1,46.0,18.5,51.1,71.2,61.2,0.98,0.16899141630901288,0.31866952789699565,3.8143776824034332,5.793991416309012,7.532188841201716,1.6416309012875536,2.896995708154506,3.6212446351931327,2.26931330472103,86.5,47.8,54.5,1.0,-3.0,20.0,8.899999999999991,7.8999999999999915,-0.7999999999999972,-26.700000000000003,0.10830873615730617,0.18592616506513726,1.0078037253869985,0.7812406743243461,1.58413048078436,-14.900000000000006,-509.0,1.0,0.0,0.0,0.0,1.0,0.0,0.0,0.0,0.0,0.0,0.0,0.0,0.0,0.0,1265a93a,2022,1,50.8
22.0,2046.0,48.0,73.5,67.4,33.3,31.9,44.9,55.1,50.0,0.33,0.030791788856304982,0.061583577712609965,1.3636363636363635,4.178885630498534,5.058651026392962,1.0557184750733137,3.6510263929618767,0.9237536656891495,0.5718475073313782,80.9,32.5,59.8,1.0,5.0,-3.799999999999997,7.900000000000006,11.500000000000007,-4.700000000000003,7.5,-0.012270412100632812,0.02928692699490662,0.17942583732057416,0.5909476771106652,0.46477079796264853,10.899999999999999,374.0,1.0,0.0,0.0,0.0,1.0,0.0,0.0,0.0,0.0,0.0,0.0,0.0,0.0,0.0,1295552e,2022,0,
21.0,1040.0,75.7,48.3,62.1,14.0,29.5,45.5,46.8,46.2,1.02,0.1903846153846154,0.12115384615384615,2.855769230769231,2.1634615384615383,4.240384615384616,2.423076923076923,1.4711538461538463,3.2884615384615383,1.0384615384615385,71.9,36.8,34.0,0.0,,,,,,,,,,,,,,0.0,0.0,1.0,0.0,0.0,0.0,0.0,0.0,1.0,0.0,0.0,0.0,0.0,0.0,12c35abe,2022,0,
20.0,1959.0,23.1,45.1,20.4,9.1,49.9,28.2,32.1,30.2,2.1,0.2113323124042879,0.0781010719754977,1.8376722817764166,1.1944869831546707,4.777947932618683,1.9295558958652375,1.7917304747320062,3.6753445635528332,0.6891271056661562,66.0,20.7,64.0,0.0,,,,,,,,,,,,,,0.0,1.0,0.0,0.0,0.0,1.0,0.0,0.0,0.0,0.0,0.0,0.0,0.0,0.0,13fe7b69,2022,1,58.2
23.0,1072.0,60.5,69.6,68.5,27.8,39.0,46.4,56.0,51.2,0.86,0.06716417910447761,0.09235074626865672,1.1753731343283582,4.197761194029851,7.052238805970149,0.6716417910447761,3.6940298507462686,2.7705223880597014,0.7555970149253731,78.2,50.0,31.3,1.0,-3.0,10.0,1.8999999999999915,-16.0,-4.800000000000001,-1.7000000000000028,0.057317351970998395,-0.06519848786701068,-0.4985874783631079,1.7349521538913741,0.5544351546425421,-22.2,-756.0,1.0,0.0,0.0,0.0,1.0,0.0,0.0,0.0,0.0,0.0,0.0,0.0,0.0,0.0,149c5f5d,2022,1,46.05
23.0,2312.0,38.3,50.0,31.9,51.4,87.4,50.5,67.6,59.0,0.96,0.08953287197231832,0.05060553633217993,1.9852941176470587,3.8148788927335637,3.9316608996539792,0.8953287197231834,5.138408304498269,2.1410034602076125,0.7006920415224913,83.99999999999999,56.8,75.6,1.0,16.200000000000003,5.0,16.5,3.8999999999999986,17.799999999999997,23.0,0.056710114860720945,-0.034733632157973246,0.4098017762903845,0.9119672453870207,1.2547038380289686,30.799999999999997,941.0,0.0,0.0,1.0,0.0,0.0,0.0,0.0,0.0,0.0,0.0,1.0,0.0,0.0,0.0,15413fa5,2022,1,52.6
20.0,2467.0,56.9,56.4,36.0,45.2,45.7,48.6,49.6,49.1,0.32,0.1641670044588569,0.08025942440210783,2.298338062423997,3.392784758816376,6.019456830158087,0.8755573571139035,3.794081880826915,2.1888933927847587,0.6931495743818403,86.2,38.6,72.1,1.0,13.399999999999999,25.299999999999997,19.6,6.399999999999999,-1.5,5.400000000000006,0.09228202043329779,0.03712843398677237,0.28555850970834173,3.144057469135723,1.236235238049603,53.8,1841.0,0.0,0.0,1.0,0.0,0.0,0.0,0.0,0.0,1.0,0.0,0.0,0.0,0.0,0.0,1544f145,2022,1,49.7
23.0,3220.0,49.0,36.7,43.9,40.1,46.1,42.6,42.1,42.4,0.52,0.03633540372670808,0.03913043478260869,0.9782608695652174,1.9565217391304348,3.437888198757764,0.4192546583850932,4.1645962732919255,0.922360248447205,0.36335403726708076,82.6,54.4,94.2,1.0,7.799999999999997,24.2,0.20000000000000284,0.10000000000000142,19.8,6.700000000000003,0.02939631351853537,0.02525225436626328,0.28435184874794683,-0.23982961157377014,-0.12520532332137724,56.300000000000004,1923.0,1.0,0.0,0.0,0.0,1.0,0.0,0.0,0.0,0.0,0.0,0.0,0.0,0.0,0.0,1545cf15,2022,0,
20.0,962.0,76.3,65.3,94.8,33.8,13.6,58.8,71.7,65.2,0.04,0.2338877338877339,0.22453222453222454,4.771309771309771,2.9002079002079,9.823284823284824,1.7775467775467777,1.6839916839916842,5.8004158004158,2.2453222453222454,79.6,29.4,28.1,1.0,-6.599999999999994,7.700000000000003,-11.200000000000003,-2.299999999999997,-13.100000000000001,-25.799999999999997,0.12340614748546762,-0.013428115411118213,-0.07288286325113535,-3.859434723457385,-1.7740130629649036,-2.8999999999999986,-97.0,0.0,0.0,1.0,1.0,0.0,0.0,0.0,0.0,0.0,0.0,0.0,0.0,0.0,0.0,15f3ec41,2022,1,54.15
20.0,1605.0,59.0,64.5,76.5,15.1,34.5,51.7,60.0,55.8,0.04,0.1794392523364486,0.19065420560747665,3.869158878504673,3.532710280373832,7.850467289719627,2.018691588785047,2.6915887850467293,4.149532710280374,1.738317757009346,70.3,41.9,46.9,1.0,5.799999999999997,-10.200000000000003,6.0,11.099999999999994,-0.3000000000000007,6.199999999999999,9.142624949209921e-05,0.0031542056074766733,1.0158980089394558,1.1656846810239756,0.5979276716781801,27.40833333333333,501.0,0.0,0.0,1.0,1.0,0.0,0.0,0.0,0.0,0.0,0.0,0.0,0.0,0.0,0.0,16aa3654,2022,1,61.2
21.0,1921.0,79.7,53.9,67.7,45.0,15.3,53.0,54.0,53.5,0.18,0.3045288912024987,0.10775637688703799,3.045288912024987,2.670484122852681,6.090577824049974,1.4992191566892243,1.8740239458615304,3.23269130661114,1.3586673607496096,85.2,28.6,56.2,1.0,0.29999999999999716,14.700000000000003,8.699999999999996,-0.09999999999999432,-10.100000000000001,-24.400000000000002,0.19202889120249872,-0.10474362311296201,0.35778891202498686,1.1530778240499737,0.045484122852681,14.100000000000001,481.0,0.0,0.0,1.0,0.0,0.0,0.0,0.0,0.0,1.0,0.0,0.0,0.0,0.0,0.0,17695062,2022,1,60.8
19.0,2820.0,63.7,43.9,61.8,38.6,27.1,38.6,46.2,42.4,1.19,0.04468085106382979,0.05106382978723405,1.2446808510638299,1.627659574468085,4.212765957446809,0.8936170212765958,2.6808510638297873,1.0531914893617023,0.574468085106383,81.8,29.3,82.5,1.0,-1.0,31.1,-12.899999999999999,6.699999999999996,1.5,-5.0,0.03280750014034694,0.039190478863751196,0.41354628642003044,0.17582664346264032,-1.2219446471677986,60.3,2062.0,1.0,0.0,0.0,0.0,1.0,0.0,0.0,0.0,0.0,0.0,0.0,0.0,0.0,0.0,1780bb4a,2022,0,
21.0,1948.0,81.9,77.5,88.2,17.7,23.5,60.3,73.4,66.8,0.05,0.2587268993839835,0.19404517453798767,3.603696098562628,4.851129363449692,6.976386036960985,2.3100616016427105,3.1878850102669403,4.38911704312115,1.6632443531827514,73.9,36.0,57.0,1.0,8.199999999999996,9.300000000000011,12.799999999999997,24.400000000000006,-12.8,-33.3,0.045182658158081396,0.06947770048954477,0.8009279324726628,1.4598264719585137,0.8916632240527567,-2.200000000000003,-75.0,0.0,0.0,1.0,1.0,0.0,0.0,0.0,0.0,0.0,0.0,0.0,0.0,0.0,0.0,19053e31,2022,1,71.9
23.0,1360.0,52.0,45.8,58.6,30.9,47.2,46.5,50.1,48.3,0.23,0.15220588235294116,0.11911764705882354,2.713235294117647,2.448529411764706,3.639705882352941,1.3235294117647058,3.9044117647058822,1.786764705882353,1.3235294117647058,76.70529801324504,41.99205298013245,22.87808823529412,0.0,,,,,,,,,,,,,,0.0,0.0,1.0,1.0,0.0,0.0,0.0,0.0,0.0,0.0,0.0,0.0,0.0,0.0,19709006,2022,1,55.9
16.0,2316.0,60.9,67.9,54.7,43.6,53.2,57.2,59.5,58.4,0.33,0.17098445595854922,0.11658031088082901,2.0207253886010363,2.914507772020725,7.072538860103626,1.4378238341968912,3.0310880829015545,3.8082901554404143,0.699481865284974,87.8,46.6,67.7,0.0,,,,,,,,,,,,,,0.0,0.0,1.0,0.0,0.0,0.0,0.0,0.0,1.0,0.0,0.0,0.0,0.0,0.0,19cae58d,2022,1,60.2
19.0,1857.0,41.2,14.6,11.1,58.7,45.5,39.0,44.9,42.0,0.09,0.04361873990306947,0.009693053311793216,0.24232633279483037,1.4054927302100162,1.5024232633279484,0.09693053311793215,3.780290791599354,0.5331179321486268,0.048465266558966075,86.0,54.5,54.3,0.0,,,,,,,,,,,,,,1.0,0.0,0.0,0.0,0.0,0.0,0.0,0.0,0.0,0.0,0.0,1.0,0.0,0.0,1a066e69,2022,1,52.2
23.0,2542.0,25.4,23.3,22.4,25.4,47.0,27.4,27.2,27.3,0.46,0.04956726986624705,0.053107789142407553,1.6286388670338316,2.2659323367427224,2.5137686860739574,0.6018882769472856,2.9386309992132182,0.955940204563336,0.6726986624704957,66.3,32.9,83.1,1.0,-9.499999999999996,-37.2,-5.699999999999999,-24.800000000000004,7.099999999999998,-0.7000000000000028,-0.06336235370167437,-0.07455178532567755,-0.48265409532296055,-0.43222149395877585,-0.18905947995122174,23.199999999999996,709.0,0.0,0.0,1.0,0.0,0.0,0.0,1.0,0.0,0.0,0.0,0.0,0.0,0.0,0.0,1ae836b1,2022,1,39.9
21.0,1134.0,39.4,58.8,54.4,60.9,69.9,57.1,63.7,60.4,0.22,0.0634920634920635,0.1111111111111111,2.6984126984126986,4.841269841269842,7.301587301587301,0.31746031746031744,3.5714285714285716,0.5555555555555556,1.4285714285714286,89.7,47.7,33.2,0.0,,,,,,,,,,,,,,0.0,0.0,1.0,0.0,0.0,0.0,0.0,0.0,0.0,0.0,1.0,0.0,0.0,0.0,1b4f1169,2022,1,52.95
22.0,1290.0,83.2,55.4,41.6,26.9,22.5,46.2,47.9,47.0,0.11,0.30697674418604654,0.1325581395348837,2.302325581395349,2.093023255813953,6.27906976744186,1.3953488372093024,2.0232558139534884,5.511627906976744,1.0465116279069766,79.7,31.3,37.7,1.0,-13.399999999999999,2.6000000000000085,-12.300000000000004,-38.699999999999996,0.5999999999999979,-11.700000000000003,-0.008903578023389591,-0.01243610672518533,-1.167179596970589,-2.575935986298071,-1.3246982631733886,-13.099999999999994,-448.0,0.0,0.0,1.0,0.0,0.0,0.0,0.0,0.0,1.0,0.0,0.0,0.0,0.0,0.0,1bf33a9a,2022,1,68.4
22.0,3179.0,27.2,68.9,39.0,67.6,80.1,58.1,70.6,64.4,0.16,0.04529726329034288,0.059452658068575026,1.6703365838313935,4.21830764391318,7.106008178672538,1.047499213589179,4.869455803711859,1.4721610569361434,0.6794589493551431,90.7,63.2,93.0,1.0,7.000000000000007,-1.4000000000000021,19.300000000000004,13.600000000000001,4.8999999999999915,-0.30000000000001137,-0.004720103851025656,0.0031831200345354277,0.13855471512698214,1.9479671922189086,1.2797873243577786,8.799999999999997,300.0,0.0,0.0,1.0,0.0,0.0,0.0,0.0,0.0,0.0,0.0,1.0,0.0,0.0,0.0,1c7012b8,2022,1,67.0
21.0,920.0,33.2,43.9,42.2,44.0,79.3,57.4,64.8,61.1,0.69,0.01956521739130435,0.0,0.6847826086956522,2.9347826086956523,2.9347826086956523,0.782608695652174,5.380434782608696,0.9782608695652175,0.1956521739130435,78.6,57.9,26.9,0.0,,,,,,,,,,,,,,1.0,0.0,0.0,0.0,0.0,0.0,0.0,0.0,0.0,0.0,0.0,1.0,0.0,0.0,1d0bb7e4,2022,0,
23.0,996.0,79.3,39.0,42.4,26.5,54.8,45.6,43.4,44.5,0.11,0.21686746987951808,0.1536144578313253,1.9879518072289157,1.716867469879518,3.7951807228915664,1.0843373493975903,3.7048192771084336,3.5240963855421685,0.7228915662650602,75.4,28.6,29.1,0.0,,,,,,,,,,,,,,0.0,0.0,1.0,0.0,0.0,0.0,0.0,0.0,1.0,0.0,0.0,0.0,0.0,0.0,1d5cab82,2022,0,
23.0,3112.0,45.0,83.9,77.9,40.0,60.5,61.0,67.2,64.1,0.73,0.03181233933161954,0.09543701799485863,2.3714652956298203,5.061053984575836,6.073264781491003,0.9254498714652957,4.71401028277635,1.9665809768637534,1.2724935732647815,81.51156069364163,54.0,89.63778920308484,1.0,22.799999999999997,8.5,43.7,30.800000000000004,15.7,-5.400000000000006,-0.01812600838724606,-0.004439677442872575,0.15198317479134937,1.5788134867930985,2.147983700975343,-5.26221079691517,-132.0,1.0,0.0,0.0,0.0,1.0,0.0,0.0,0.0,0.0,0.0,0.0,0.0,0.0,0.0,1daec722,2022,1,53.35
20.0,2589.0,55.3,70.7,74.7,35.4,57.7,56.3,62.3,59.3,0.4,0.031286210892236384,0.10428736964078796,1.4947856315179606,4.831981460023175,5.075318655851681,0.869061413673233,4.971031286210892,0.4171494785631518,0.7995365005793743,81.4,51.4,75.7,0.0,,,,,,,,,,,,,,1.0,0.0,0.0,0.0,1.0,0.0,0.0,0.0,0.0,0.0,0.0,0.0,0.0,0.0,1ddbc7ca,2022,1,56.0
23.0,2272.0,27.1,38.9,38.2,26.8,50.2,39.7,38.0,38.8,0.75,0.01584507042253521,0.019806338028169015,0.8318661971830986,2.495598591549296,2.41637323943662,0.5941901408450705,4.515845070422535,0.9507042253521127,0.23767605633802819,75.4,54.1,74.2,1.0,0.3999999999999986,-32.699999999999996,3.5,-20.699999999999996,0.8000000000000007,18.300000000000004,-0.016834668139556294,-0.019409348246340788,-0.14852595967964644,-0.4594437540274323,0.3387358464512569,29.200000000000003,895.0,1.0,0.0,0.0,0.0,1.0,0.0,0.0,0.0,0.0,0.0,0.0,0.0,0.0,0.0,1df0c0b9,2022,0,
20.0,1793.0,31.7,42.1,29.6,50.7,58.1,48.9,46.1,47.5,0.33,0.02007808142777468,0.0501952035694367,0.45175683212493034,2.158393753485778,2.158393753485778,0.6525376464026771,3.764640267707753,0.45175683212493034,0.2007808142777468,84.3,53.10000000000001,58.6,0.0,,,,,,,,,,,,,,1.0,0.0,0.0,0.0,0.0,0.0,0.0,0.0,0.0,1.0,0.0,0.0,0.0,0.0,1f3afdcb,2022,1,59.1
21.0,1911.0,94.7,46.0,71.5,43.2,55.4,71.2,77.3,74.2,1.03,0.6452119309262165,0.28257456828885397,2.5902668759811616,1.695447409733124,2.8728414442700156,0.5180533751962323,0.28257456828885397,7.2998430141287285,1.1302982731554159,71.7,54.9,62.5,1.0,6.0,6.0,-0.5,12.600000000000001,-9.199999999999996,19.299999999999997,-0.11382421365209672,0.15170626749948962,0.2720284048552788,-0.08104305926135114,0.4989372310875071,-16.200000000000003,-496.0,0.0,1.0,0.0,0.0,0.0,0.0,0.0,1.0,0.0,0.0,0.0,0.0,0.0,0.0,1f44ac21,2022,1,57.650000000000006
23.0,2938.0,30.7,68.5,53.0,58.8,52.5,55.4,57.9,56.6,0.01,0.03675970047651463,0.10415248468345813,2.848876786929884,6.279782164737917,6.46358066712049,0.7351940095302927,3.8597685500340364,0.8270932607215793,1.4703880190605854,91.7,43.8,85.9,1.0,0.6000000000000014,-7.599999999999998,2.299999999999997,-5.899999999999999,-10.299999999999997,32.5,-0.017294353577539424,0.036584917115890556,0.14617408422718148,0.20231940585922814,1.2347371196928716,34.7935935935936,940.0,0.0,0.0,1.0,0.0,0.0,0.0,1.0,0.0,0.0,0.0,0.0,0.0,0.0,0.0,20094685,2022,1,48.0
22.0,2348.0,42.2,58.7,50.2,59.4,71.0,62.1,59.7,60.9,0.03,0.030664395229982967,0.04599659284497445,0.8432708688245315,4.4463373083475295,2.6448040885860307,0.15332197614991483,4.484667802385008,0.5366269165247018,0.49829642248722317,81.7,58.3,76.7,0.0,,,,,,,,,,,,,,1.0,0.0,0.0,0.0,0.0,0.0,0.0,0.0,0.0,1.0,0.0,0.0,0.0,0.0,204dded0,2022,1,48.2
22.0,2605.0,92.5,73.3,88.4,18.6,28.0,61.5,75.8,68.6,0.04,0.36621880998080614,0.23493282149712094,3.62763915547025,4.111324376199616,9.224568138195778,3.2821497120921306,1.5547024952015356,6.771593090211133,1.5547024952015356,71.89999999999999,45.0,76.2,1.0,8.199999999999996,34.5,11.599999999999994,19.200000000000003,-26.4,-28.4,0.08555352931552546,0.02911161567591508,1.1016516294827237,4.266148179775819,2.2870000518752915,19.900000000000006,681.0,0.0,0.0,1.0,1.0,0.0,0.0,0.0,0.0,0.0,0.0,0.0,0.0,0.0,0.0,20730eae,2022,1,76.44999999999999
22.0,1180.0,63.4,49.7,53.9,37.5,78.4,57.7,54.2,56.0,0.68,0.3889830508474576,0.2135593220338983,2.593220338983051,2.745762711864407,2.593220338983051,0.7627118644067797,1.8305084745762712,3.8898305084745766,1.0677966101694916,68.0,51.9,38.6,0.0,,,,,,,,,,,,,,0.0,1.0,0.0,0.0,0.0,0.0,0.0,0.0,0.0,0.0,0.0,0.0,1.0,0.0,2077ae86,2022,1,50.25
23.0,2015.0,38.2,48.4,60.6,47.9,82.1,54.3,65.2,59.8,0.8,0.05806451612903226,0.10719602977667493,2.456575682382134,4.466501240694789,3.4838709677419355,0.4913151364764268,5.493796526054591,1.3399503722084367,1.205955334987593,82.1,51.4,58.9,1.0,-3.1000000000000014,-10.299999999999997,-3.8000000000000043,5.899999999999999,-5.100000000000001,-2.6000000000000085,-0.02799126076339801,-0.01471632082093463,-0.6988028036736429,0.40020562909651725,-0.05142704615780058,22.199999999999996,760.0,0.0,0.0,1.0,0.0,0.0,0.0,0.0,0.0,0.0,0.0,1.0,0.0,0.0,0.0,20b3a502,2022,1,55.1
23.0,1342.0,29.3,57.3,52.7,19.2,45.6,41.2,45.3,43.2,1.24,0.013412816691505217,0.03353204172876304,1.1400894187779433,2.682563338301043,4.359165424739195,0.8718330849478391,4.225037257824143,0.6706408345752608,0.40238450074515647,76.6,46.6,39.2,1.0,-2.5999999999999943,-15.2,1.1999999999999957,-16.89999999999999,-3.1999999999999993,6.399999999999999,-0.008901232895271642,-0.0036580409158650587,-0.049993225850155865,0.7889174908548973,-0.2926432732692046,3.8000000000000043,132.0,1.0,0.0,0.0,0.0,1.0,0.0,0.0,0.0,0.0,0.0,0.0,0.0,0.0,0.0,228b0d9d,2022,1,47.25
23.0,2351.0,47.5,40.4,43.0,49.6,42.1,44.1,43.2,43.7,0.72,0.11484474691620586,0.09953211399404509,2.1437686091025094,2.2586133560187154,4.861760952786049,1.0336027222458528,2.3734581029349213,1.607826456826882,0.9953211399404508,83.19999999999999,43.9,68.7,0.0,,,,,,,,,,,,,,0.0,0.0,1.0,0.0,0.0,0.0,0.0,0.0,1.0,0.0,0.0,0.0,0.0,0.0,22bfb57e,2022,0,
23.0,2638.0,88.3,64.2,90.9,25.2,16.7,39.3,57.9,48.6,1.5,0.14329037149355572,0.13646702047005307,2.5587566338134953,3.684609552691433,4.537528430629265,0.9552691432903715,2.7293404094010616,1.9787717968157696,1.2964366944655041,71.0,38.5,77.1,1.0,0.20000000000000284,2.5,4.600000000000001,2.9000000000000057,10.299999999999999,-12.2,0.07436258155920124,0.008458267734823305,0.4909229357828604,0.057222084896222825,-0.30335543636764806,23.599999999999994,810.0,1.0,0.0,0.0,0.0,1.0,0.0,0.0,0.0,0.0,0.0,0.0,0.0,0.0,0.0,23610943,2022,1,50.05
18.0,1909.0,75.1,58.6,68.3,29.1,32.5,42.6,53.0,47.8,1.36,0.1037192247249869,0.09900471451021477,1.5557883708748035,3.3473022524882134,4.243059193294918,1.037192247249869,3.818753273965427,1.7443687794656888,0.754321634363541,79.9,46.9,62.4,0.0,,,,,,,,,,,,,,1.0,0.0,0.0,0.0,1.0,0.0,0.0,0.0,0.0,0.0,0.0,0.0,0.0,0.0,236f02cd,2022,1,40.45
23.0,2357.0,47.8,81.3,84.2,35.2,65.4,62.3,69.8,66.0,0.49,0.3054730589732711,0.18710224862112856,3.398387781077641,3.1692829868476875,6.14764531183708,2.40560033941451,2.329232074671192,5.536699193890539,1.4509970301230377,74.9,55.400000000000006,68.9,1.0,2.3999999999999986,-20.299999999999997,10.899999999999991,8.299999999999997,20.700000000000003,5.1000000000000085,-0.10887383610167534,-0.0056172374602418695,0.507595489857084,3.0641335345351535,0.5675699247491863,38.400000000000006,1423.0,0.0,1.0,0.0,0.0,0.0,1.0,0.0,0.0,0.0,0.0,0.0,0.0,0.0,0.0,2374aaca,2022,1,55.05
23.0,3377.0,78.3,52.6,69.1,22.6,48.7,46.5,54.0,50.2,0.89,0.09061297009179745,0.08794788273615634,1.4391471720461948,2.425229493633402,3.94432928634883,0.5596683446846312,4.797157240153982,2.665087355641101,0.6662718389102753,70.6,44.0,98.7,1.0,2.0,37.099999999999994,6.700000000000003,3.6999999999999886,-0.29999999999999716,-9.799999999999997,0.07923017076633371,0.023445353225195115,0.18703924624518287,0.6433174819643446,-0.0031010291321966754,29.299999999999997,1005.0,1.0,0.0,0.0,0.0,1.0,0.0,0.0,0.0,0.0,0.0,0.0,0.0,0.0,0.0,2389cdc2,2022,1,49.849999999999994
22.0,1024.0,60.1,37.1,38.0,25.8,21.3,43.7,47.1,45.4,0.8,0.40429687499999994,0.12304687499999999,2.4609375,0.87890625,2.197265625,0.966796875,0.3515625,5.009765625,0.87890625,72.7,33.3,29.9,1.0,-3.8000000000000043,-7.499999999999993,-4.899999999999999,-9.5,0.6999999999999993,-9.2,-0.13404668328220865,0.03332294861963188,0.18333013803680975,-0.28739695168711643,0.050685391104294486,-8.200000000000003,-280.0,0.0,1.0,0.0,0.0,0.0,0.0,0.0,1.0,0.0,0.0,0.0,0.0,0.0,0.0,23c63b7f,2022,0,
21.0,1790.0,65.6,62.3,80.7,23.1,38.9,45.1,56.7,50.9,1.39,0.03519553072625698,0.09050279329608939,1.759776536312849,2.6145251396648046,6.988826815642458,1.3072625698324023,4.022346368715084,2.0614525139664805,0.9050279329608938,78.0,35.3,52.3,0.0,,,,,,,,,,,,,,1.0,0.0,0.0,0.0,1.0,0.0,0.0,0.0,0.0,0.0,0.0,0.0,0.0,0.0,247ed022,2022,1,50.5
21.0,2260.0,61.8,76.7,91.0,17.3,44.9,60.7,59.9,60.3,0.9,0.0915929203539823,0.24690265486725665,4.101769911504425,5.893805309734513,6.132743362831858,1.752212389380531,4.061946902654867,2.269911504424779,2.269911504424779,73.6,54.5,66.1,1.0,2.6999999999999957,11.0,9.600000000000009,20.599999999999994,-20.8,-16.700000000000003,0.0208733173763148,0.0831309427084477,0.67745229363842,0.3262917499286324,0.6084455082456799,-4.6000000000000085,-158.0,0.0,0.0,1.0,0.0,0.0,0.0,1.0,0.0,0.0,0.0,0.0,0.0,0.0,0.0,26777636,2022,1,60.7
23.0,2245.0,59.0,36.2,32.1,44.6,25.4,38.8,37.8,38.3,0.53,0.2044543429844098,0.05211581291759466,1.5634743875278398,1.6436525612472161,4.489977728285078,0.9220489977728286,2.0846325167037865,2.9265033407572383,0.8418708240534521,83.8,27.0,65.6,0.0,,,,,,,,,,,,,,0.0,0.0,1.0,0.0,0.0,0.0,0.0,0.0,1.0,0.0,0.0,0.0,0.0,0.0,2683eda7,2022,1,34.4
21.0,2491.0,51.5,63.7,37.5,41.7,83.5,62.9,69.2,66.0,1.16,0.06142111601766359,0.043356081894821354,0.7948615014050582,3.251706142111602,2.637494981934966,1.0839020473705339,6.358892011240465,0.9393817743877961,0.25291047771979125,82.1,64.9,81.4,1.0,3.0,0.5,4.700000000000003,-3.0,-13.799999999999997,11.799999999999997,0.012772467369014946,0.03293137147011093,0.09988080642436326,-0.1424277979878137,-0.5706876802822203,-3.1999999999999886,-99.0,1.0,0.0,0.0,0.0,0.0,0.0,0.0,0.0,0.0,0.0,0.0,1.0,0.0,0.0,277c49ed,2022,1,58.25
23.0,3031.0,66.6,54.6,49.7,53.8,62.2,57.5,59.2,58.4,0.18,0.08907951171230617,0.03860112174199934,0.9501814582645992,2.108215110524579,2.256680963378423,0.3563180468492247,4.008578027053778,1.306499505113824,0.326624876278456,89.2,72.7,88.6,1.0,0.6999999999999957,0.0,14.300000000000004,24.900000000000002,-12.700000000000003,0.5,0.0017008709356071405,0.03860112174199934,0.39413556241287806,0.032497379971538454,0.20177203903296403,55.49999999999999,1898.0,1.0,0.0,0.0,0.0,0.0,0.0,0.0,0.0,0.0,0.0,0.0,1.0,0.0,0.0,2784f898,2022,1,63.8
22.0,2012.0,21.6,46.1,34.1,54.1,78.6,46.5,62.5,54.5,0.02,0.03578528827037774,0.11630218687872765,1.8787276341948311,4.204771371769384,3.131212723658052,0.5815109343936382,4.294234592445329,0.5815109343936382,1.1182902584493042,80.3,66.7,58.8,0.0,,,,,,,,,,,,,,0.0,0.0,1.0,0.0,0.0,0.0,0.0,0.0,0.0,0.0,1.0,0.0,0.0,0.0,27dc1378,2022,1,55.85
23.0,910.0,41.9,39.9,35.4,43.6,40.0,40.0,39.8,39.9,0.58,0.09890109890109891,0.07912087912087913,1.6813186813186813,2.076923076923077,4.351648351648352,1.3846153846153846,2.769230769230769,1.978021978021978,0.8901098901098902,83.3,33.3,26.6,0.0,,,,,,,,,,,,,,0.0,0.0,1.0,0.0,0.0,0.0,0.0,0.0,1.0,0.0,0.0,0.0,0.0,0.0,2886c9b5,2022,0,
23.0,1045.0,38.5,26.4,16.7,41.9,51.0,33.1,42.7,37.9,0.37,0.10334928229665072,0.02583732057416268,1.4641148325358853,1.8947368421052633,3.014354066985646,0.7751196172248804,3.875598086124402,1.5502392344497609,0.3444976076555024,79.6,37.5,30.6,0.0,,,,,,,,,,,,,,0.0,0.0,1.0,0.0,0.0,0.0,0.0,0.0,0.0,0.0,1.0,0.0,0.0,0.0,2944f86f,2022,1,40.35
19.0,907.0,24.8,21.7,53.5,19.8,38.3,31.2,33.0,32.1,0.77,0.009922822491730982,0.03969128996692393,1.1907386990077178,1.587651598676957,1.587651598676957,0.8930540242557884,4.961411245865491,0.09922822491730982,0.19845644983461963,78.3,36.0,26.5,0.0,,,,,,,,,,,,,,1.0,0.0,0.0,0.0,1.0,0.0,0.0,0.0,0.0,0.0,0.0,0.0,0.0,0.0,295ba708,2022,0,
21.0,2854.0,68.8,53.8,48.4,45.9,50.1,52.8,55.7,54.2,0.02,0.2081289418360196,0.11667834618079888,2.3966362999299227,3.4688156972669937,4.824807288016818,1.0721793973370708,3.027330063069376,3.027330063069376,0.8199018920812894,83.7,42.4,83.5,0.0,,,,,,,,,,,,,,0.0,0.0,1.0,1.0,0.0,0.0,0.0,0.0,0.0,0.0,0.0,0.0,0.0,0.0,2a7d27c1,2022,1,51.9
23.0,1348.0,52.6,57.8,83.4,28.9,57.5,56.3,56.7,56.5,0.25,0.11350148367952521,0.14020771513353117,4.00593471810089,4.13946587537092,4.540059347181009,1.268545994065282,4.339762611275964,2.06973293768546,1.8694362017804154,72.4,66.7,39.4,0.0,,,,,,,,,,,,,,0.0,0.0,1.0,0.0,0.0,0.0,1.0,0.0,0.0,0.0,0.0,0.0,0.0,0.0,2a82aa85,2022,1,55.0
22.0,1351.0,22.3,54.9,34.9,55.3,69.2,48.2,59.5,53.8,0.32,0.01998519615099926,0.053293856402664694,1.6654330125832717,4.130273871206514,5.062916358253146,0.6661732050333087,3.2642487046632125,0.8660251665433013,0.532938564026647,86.7,65.7,44.2,1.0,-5.200000000000003,-12.499999999999996,-3.6000000000000014,3.0,1.8999999999999986,-12.0,-0.04325804709224398,0.009510072618880913,0.3519194990697583,-0.0938403985036107,-0.24810450717186416,-16.299999999999997,-499.0,0.0,0.0,1.0,0.0,0.0,0.0,0.0,0.0,0.0,0.0,1.0,0.0,0.0,0.0,2b09d998,2022,1,52.9
20.0,2285.0,67.9,48.5,57.8,14.9,40.4,45.3,46.5,45.9,0.44,0.18905908096280086,0.1536105032822757,2.87527352297593,2.166301969365427,5.435448577680525,1.7330415754923414,3.859956236323851,3.4266958424507656,1.3391684901531729,66.7,27.7,66.8,0.0,,,,,,,,,,,,,,0.0,0.0,1.0,0.0,0.0,0.0,0.0,0.0,1.0,0.0,0.0,0.0,0.0,0.0,2bd83368,2022,1,66.1
20.0,2039.0,31.2,66.4,33.7,70.9,29.3,47.6,55.3,51.4,1.44,0.008827856792545366,0.017655713585090733,1.015203531142717,5.384992643452673,5.914664051005395,0.08827856792545366,3.5752820009808732,0.4855321235899951,0.22069641981363414,93.0,56.1,59.6,0.0,,,,,,,,,,,,,,1.0,0.0,0.0,0.0,0.0,0.0,0.0,0.0,0.0,1.0,0.0,0.0,0.0,0.0,2bed3eab,2022,1,62.650000000000006
22.0,2272.0,71.9,63.8,29.1,59.5,66.1,60.6,59.9,60.2,0.62,0.07130281690140845,0.04753521126760563,0.5149647887323944,3.0501760563380285,4.515845070422535,0.23767605633802819,3.4066901408450705,1.1487676056338028,0.23767605633802819,90.4,73.5,66.4,1.0,2.5,-2.8999999999999915,24.4,5.400000000000002,-12.299999999999997,-3.8000000000000114,-0.03598195131051207,0.03561468146628113,-0.02145905232720824,0.4032622889655819,1.5005071821658431,22.200000000000003,762.0,1.0,0.0,0.0,0.0,0.0,0.0,0.0,0.0,0.0,1.0,0.0,0.0,0.0,0.0,2bef2bca,2022,1,59.7
18.0,1465.0,92.8,84.2,90.9,31.8,51.6,71.5,75.3,73.4,0.09,0.331740614334471,0.31331058020477814,4.177474402730375,5.098976109215017,7.617747440273037,2.887372013651877,4.42320819112628,6.880546075085324,1.720136518771331,83.4,40.7,47.9,1.0,9.300000000000011,13.399999999999991,10.5,16.60000000000001,-1.1999999999999993,4.300000000000004,0.0354863578077968,0.2418009320776499,0.7041486365555745,-0.8612536948007428,1.2170237823137686,19.099999999999998,584.0,0.0,0.0,1.0,0.0,0.0,0.0,0.0,0.0,1.0,0.0,0.0,0.0,0.0,0.0,2c0558b8,2022,1,69.75
23.0,2581.0,51.9,58.8,65.9,21.3,66.7,54.5,57.7,56.1,1.32,0.26501356063541265,0.16040294459511817,3.1731886865555987,2.0922123208058894,4.881828748547075,2.5455249903138317,2.4757845796203024,4.881828748547075,1.150716776443239,68.1,36.9,75.5,0.0,,,,,,,,,,,,,,0.0,1.0,0.0,0.0,0.0,1.0,0.0,0.0,0.0,0.0,0.0,0.0,0.0,0.0,2c44a35d,2022,0,
19.0,1114.0,50.8,68.7,46.9,46.0,47.9,54.0,57.1,55.6,0.88,0.11310592459605026,0.0888689407540395,2.6660682226211847,2.504488330341113,7.675044883303411,2.1813285457809695,3.5547576301615798,2.423698384201077,1.0502692998204668,90.2,40.0,32.6,0.0,,,,,,,,,,,,,,0.0,0.0,1.0,0.0,0.0,0.0,0.0,0.0,1.0,0.0,0.0,0.0,0.0,0.0,2c56a792,2022,0,
22.0,2477.0,49.9,64.4,67.7,41.0,47.9,55.2,57.6,56.4,0.27,0.31610819539765844,0.17440452159870812,3.088413403310456,2.25272507064998,6.213161081953976,1.3807024626564393,2.5433992733144932,3.633427533306419,1.489705288655632,78.1,27.1,72.4,1.0,0.7999999999999972,-30.800000000000004,3.000000000000007,-17.200000000000003,21.8,30.4,0.11080609922009987,-0.13632297531867782,-1.5170119974293712,-1.1111299168129776,0.36616526793727955,25.000000000000007,855.0,0.0,1.0,0.0,0.0,0.0,0.0,0.0,0.0,0.0,0.0,0.0,0.0,1.0,0.0,2d22cea7,2022,1,50.9
21.0,922.0,37.3,27.1,28.1,49.9,46.8,41.3,45.0,43.2,0.64,0.02928416485900217,0.0,0.9761388286334057,1.7570498915401302,1.4642082429501087,1.366594360086768,3.41648590021692,0.48806941431670287,0.19522776572668116,82.4,59.20000000000001,27.0,1.0,-9.299999999999997,-11.0,-19.0,2.200000000000003,-0.10000000000000142,-12.300000000000004,-0.019150277411056543,-0.013209393346379647,0.49179440593281865,-1.2657330486350182,-0.7527348442720025,-6.859686888454007,-1122.0,1.0,0.0,0.0,0.0,0.0,0.0,0.0,0.0,0.0,0.0,0.0,1.0,0.0,0.0,2d61d13a,2022,1,60.2
23.0,912.0,53.0,27.1,56.7,25.4,21.1,35.7,34.5,35.1,0.22,0.11842105263157895,0.1480263157894737,2.2697368421052633,2.368421052631579,2.5657894736842106,0.39473684210526316,2.5657894736842106,1.6776315789473686,1.5789473684210527,68.7,31.7,26.7,0.0,,,,,,,,,,,,,,0.0,0.0,1.0,0.0,0.0,0.0,1.0,0.0,0.0,0.0,0.0,0.0,0.0,0.0,2f6ec02a,2022,0,
19.0,1214.0,74.3,40.0,30.8,31.0,47.8,42.7,47.0,44.8,0.02,0.20016474464579903,0.18533772652388797,1.3344316309719935,1.112026359143328,3.558484349258649,1.112026359143328,3.2619439868204285,4.744645799011532,0.5930807248764415,78.5,51.9,35.5,0.0,,,,,,,,,,,,,,0.0,0.0,1.0,1.0,0.0,0.0,0.0,0.0,0.0,0.0,0.0,0.0,0.0,0.0,2fba6108,2022,1,54.650000000000006
23.0,2299.0,82.2,44.5,49.8,23.2,18.2,43.0,43.5,43.2,0.74,0.352327098738582,0.117442366246194,2.54458460200087,0.97868638538495,4.149630274032188,1.800782949108308,1.918225315354502,4.11048281861679,0.900391474554154,78.8,18.0,67.2,1.0,6.400000000000006,45.6,-0.3999999999999986,24.099999999999998,-14.099999999999998,-21.500000000000004,0.10405123666961649,0.06424039580284426,0.6825156364836287,-0.32820223828308226,0.1363218533652456,7.800000000000004,269.0,0.0,0.0,1.0,0.0,0.0,0.0,0.0,0.0,1.0,0.0,0.0,0.0,0.0,0.0,30144daa,2022,1,50.5
22.0,1055.0,66.8,28.8,69.7,21.6,47.3,40.4,45.4,42.9,1.5,0.05971563981042654,0.07677725118483412,1.194312796208531,1.962085308056872,1.3649289099526067,0.4265402843601896,4.52132701421801,1.194312796208531,0.6824644549763034,70.3,43.3,30.8,0.0,,,,,,,,,,,,,,1.0,0.0,0.0,0.0,1.0,0.0,0.0,0.0,0.0,0.0,0.0,0.0,0.0,0.0,30d4a2e5,2022,1,43.8
23.0,1870.0,68.2,54.7,77.5,27.8,17.2,50.3,52.8,51.6,0.39,0.15882352941176472,0.16844919786096257,3.4171122994652405,2.8877005347593583,5.5347593582887695,1.588235294117647,2.06951871657754,2.021390374331551,1.4438502673796791,74.45942028985507,49.06666666666666,47.1979679144385,0.0,,,,,,,,,,,,,,0.0,0.0,1.0,0.0,0.0,0.0,0.0,0.0,1.0,0.0,0.0,0.0,0.0,0.0,34a0f5ff,2022,0,
21.0,2785.0,81.6,77.8,58.7,37.4,88.2,70.1,73.6,71.8,1.05,0.12280071813285458,0.05816876122082586,1.680430879712747,4.524236983842011,4.201077199281867,0.6786355475763016,5.1059245960502695,2.1005385996409336,0.3877917414721724,81.69999999999999,74.1,91.0,1.0,12.5,7.5,3.700000000000003,23.800000000000004,-2.200000000000003,21.799999999999997,-0.03828877603056953,0.016145414917323915,0.6298472221251983,-1.1919189096675487,0.1818245324801433,49.0,1500.0,1.0,0.0,0.0,0.0,0.0,0.0,0.0,0.0,0.0,0.0,0.0,1.0,0.0,0.0,34e12499,2022,1,68.6
19.0,905.0,61.4,38.5,36.2,26.4,44.7,46.6,50.2,48.4,0.66,0.48729281767955807,0.09944751381215469,2.386740331491713,1.4917127071823204,1.988950276243094,1.1933701657458564,1.0939226519337018,4.375690607734807,0.6961325966850829,67.5,42.2,26.5,0.0,,,,,,,,,,,,,,0.0,1.0,0.0,0.0,0.0,0.0,0.0,1.0,0.0,0.0,0.0,0.0,0.0,0.0,3544641e,2022,0,
22.0,2183.0,68.5,52.4,25.1,41.6,76.3,57.4,64.0,60.7,0.45,0.10719193770041227,0.004122766834631242,0.6596426935409986,2.8447091158955566,2.4324324324324325,0.5771873568483737,4.906092533211177,0.9070087036188731,0.12368300503893724,80.5,59.6,71.3,1.0,6.700000000000003,40.9,-8.600000000000001,-21.0,0.3999999999999986,15.099999999999994,0.09485472042830809,-0.008214450437472938,-0.08059034278525223,-1.8855936128040307,-1.72006127478299,23.599999999999994,724.0,1.0,0.0,0.0,0.0,0.0,0.0,0.0,0.0,0.0,0.0,0.0,1.0,0.0,0.0,35d64857,2022,1,62.0
23.0,2880.0,43.7,48.3,35.1,60.0,50.0,50.3,50.6,50.4,0.14,0.03125,0.046875,0.78125,2.8125,3.125,0.21875,3.375,0.65625,0.28125,85.8,60.2,84.2,1.0,6.199999999999996,8.300000000000004,-1.9000000000000057,-11.799999999999997,14.299999999999997,12.0,0.017147837668442495,0.02149110780319649,0.047937558759009735,0.07893293638357868,-0.4592016609213414,-9.099999999999994,-311.0,1.0,0.0,0.0,0.0,0.0,0.0,0.0,0.0,0.0,1.0,0.0,0.0,0.0,0.0,35e413f1,2022,1,53.35
20.0,903.0,32.6,48.4,58.4,34.8,50.4,46.0,47.7,46.8,0.92,0.009966777408637875,0.05980066445182724,1.196013289036545,3.089700996677741,2.8903654485049834,0.9966777408637874,6.976744186046512,0.19933554817275748,0.39867109634551495,74.4,46.3,26.399999999999995,0.0,,,,,,,,,,,,,,1.0,0.0,0.0,0.0,1.0,0.0,0.0,0.0,0.0,0.0,0.0,0.0,0.0,0.0,3631ad41,2022,0,
23.0,990.0,31.2,45.6,59.6,58.5,23.7,45.5,46.7,46.1,0.38,0.045454545454545456,0.15454545454545454,3.0,3.1818181818181817,4.363636363636363,0.5454545454545454,1.2727272727272727,1.0,1.5454545454545454,88.8,37.9,28.9,0.0,,,,,,,,,,,,,,0.0,0.0,1.0,0.0,0.0,0.0,0.0,0.0,1.0,0.0,0.0,0.0,0.0,0.0,379652be,2022,1,29.6
23.0,1772.0,50.1,75.3,85.7,19.8,12.2,53.0,60.2,56.6,0.13,0.08634311512415349,0.16252821670428894,3.961625282167043,5.028216704288939,6.755079006772009,1.8284424379232505,2.641083521444695,2.5395033860045144,1.7268623024830698,74.2,16.0,51.8,0.0,,,,,,,,,,,,,,0.0,0.0,1.0,0.0,0.0,0.0,0.0,0.0,1.0,0.0,0.0,0.0,0.0,0.0,37d04e90,2022,0,
21.0,1976.0,88.6,49.2,65.3,11.6,26.8,47.5,61.0,54.2,0.34,0.37348178137651816,0.28694331983805665,3.415991902834008,1.8218623481781377,5.1923076923076925,1.5030364372469636,3.233805668016194,4.645748987854251,2.0040485829959516,69.6,16.4,64.6,0.0,,,,,,,,,,,,,,0.0,0.0,1.0,1.0,0.0,0.0,0.0,0.0,0.0,0.0,0.0,0.0,0.0,0.0,37dc1a48,2022,1,40.3
21.0,1846.0,25.6,15.3,22.5,25.1,66.4,26.9,34.4,30.6,0.54,0.20964247020585047,0.053629469122426866,1.560130010834236,0.9263271939328277,1.1213434452871072,0.6338028169014084,1.9014084507042253,3.8028169014084505,0.6825568797399783,72.1141463414634,35.869268292682925,53.25417118093175,0.0,,,,,,,,,,,,,,0.0,1.0,0.0,0.0,0.0,0.0,0.0,0.0,0.0,0.0,0.0,0.0,0.0,1.0,37e103f8,2022,1,35.35
23.0,1377.0,45.5,40.1,64.6,52.0,42.4,48.5,49.8,49.2,0.54,0.0784313725490196,0.1568627450980392,2.810457516339869,4.313725490196078,3.333333333333333,0.26143790849673204,4.248366013071895,0.9150326797385621,1.4379084967320261,82.8,17.6,45.0,1.0,-2.799999999999997,-3.0,-11.199999999999996,6.299999999999997,-8.100000000000001,7.799999999999997,0.03739793789856368,-0.048304428154240436,-0.47221725569660533,-1.4539007092198588,-1.1573991298647126,23.5,719.0,0.0,0.0,1.0,0.0,0.0,0.0,1.0,0.0,0.0,0.0,0.0,0.0,0.0,0.0,37f606f0,2022,0,
20.0,1693.0,36.9,46.0,38.1,53.5,67.3,47.8,57.7,52.8,0.67,0.0744240992321323,0.07974010632014177,1.5416420555227408,4.784406379208506,2.498523331364442,0.6379208505611341,3.5085646780862376,1.7011222681630243,0.6379208505611341,82.7,50.0,55.3,0.0,,,,,,,,,,,,,,0.0,0.0,1.0,0.0,0.0,0.0,0.0,0.0,0.0,0.0,1.0,0.0,0.0,0.0,3b1ed320,2022,1,62.75
22.0,1107.0,47.3,60.5,82.5,29.9,34.8,44.1,54.9,49.5,0.78,0.03252032520325203,0.15447154471544713,2.0325203252032518,2.8455284552845526,4.471544715447155,1.056910569105691,3.333333333333333,0.8943089430894309,1.056910569105691,76.0,47.6,32.4,1.0,9.299999999999997,-2.200000000000003,5.5,6.299999999999997,12.0,15.299999999999997,0.018435818160998506,-0.07088056796060924,0.7649146914004348,-0.45803274934157834,0.16947211725638356,13.7,468.0,1.0,0.0,0.0,0.0,1.0,0.0,0.0,0.0,0.0,0.0,0.0,0.0,0.0,0.0,3b61c9ec,2022,1,57.2
23.0,973.0,54.6,32.8,72.6,22.8,45.2,40.3,45.9,43.1,1.68,0.027749229188078105,0.1294964028776978,1.4799588900308325,2.1274409044193217,2.5899280575539567,1.0174717368961972,4.717368961973278,0.4624871531346351,0.9249743062692702,71.7,66.7,28.5,0.0,,,,,,,,,,,,,,1.0,0.0,0.0,0.0,1.0,0.0,0.0,0.0,0.0,0.0,0.0,0.0,0.0,0.0,3cc4bb19,2022,1,52.95
17.0,1804.0,28.1,36.5,9.0,54.5,59.1,36.7,50.5,43.6,0.46,0.08481152993348115,0.014966740576496674,1.2971175166297118,2.1951219512195124,3.8913525498891355,0.8980044345898005,4.240576496674057,0.6485587583148559,0.3991130820399113,88.6,46.2,52.7,1.0,-3.6999999999999957,7.0,8.8,2.3,-1.3999999999999986,-19.499999999999993,0.05090045231479238,0.00818452505275892,0.34760734330642606,-0.31362107482827284,0.4317459150476961,13.900000000000006,477.0,0.0,0.0,1.0,0.0,0.0,0.0,0.0,0.0,0.0,0.0,1.0,0.0,0.0,0.0,3cd7820a,2022,0,
21.0,1099.0,53.6,37.1,7.1,28.5,56.7,38.8,35.3,37.0,0.62,0.4176524112829845,0.02456778889899909,0.8189262966333031,0.6551410373066424,2.374886260236579,1.5559599636032757,1.1464968152866242,5.159235668789809,0.3275705186533212,75.22031122031122,58.5,32.07079162875341,1.0,-11.200000000000003,-14.199999999999996,1.8000000000000043,-3.8000000000000007,-30.1,26.900000000000002,-0.11824951516184906,-0.022717675199074465,-0.4945588172020734,-0.6198597993080792,-0.34310764920824366,-17.09838525390859,-614.0,0.0,1.0,0.0,0.0,0.0,1.0,0.0,0.0,0.0,0.0,0.0,0.0,0.0,0.0,3d50bcdb,2022,1,51.3
23.0,2101.0,89.7,64.0,69.7,20.5,19.0,53.5,66.8,60.2,0.48,0.27843883864826274,0.20990004759638267,2.441694431223227,3.1699190861494526,8.481675392670157,1.3279390766301762,1.7563065207044264,6.082817705854355,1.242265587815326,74.2,34.2,61.4,1.0,3.200000000000003,7.299999999999997,3.8999999999999986,4.900000000000006,0.3999999999999986,-8.899999999999999,0.0054311265660005326,0.135864057879159,-0.7048351317587782,0.2451715366290248,0.30102448460703624,4.5,156.0,0.0,0.0,1.0,1.0,0.0,0.0,0.0,0.0,0.0,0.0,0.0,0.0,0.0,0.0,3ea50f67,2022,1,69.9
22.0,2591.0,36.1,44.6,12.3,66.1,78.5,46.2,64.9,55.6,0.82,0.07989193361636433,0.027788498649170205,1.1810111925897337,3.681976071015052,3.7861829409494403,0.34735623311462754,3.820918564260903,1.0768043226553454,0.5210343496719414,85.5,65.8,75.8,1.0,-0.7999999999999972,15.200000000000003,-5.5,-7.800000000000001,-3.700000000000003,2.299999999999997,0.04641690704888293,-0.0009043812658138528,-0.01452547053460207,-0.9481422450229298,-0.9088847153823973,20.799999999999997,709.0,0.0,0.0,1.0,0.0,0.0,0.0,0.0,0.0,0.0,0.0,1.0,0.0,0.0,0.0,3ee0dd59,2022,1,56.7
23.0,2586.0,38.5,34.8,56.9,47.9,67.7,53.6,58.3,56.0,0.77,0.027842227378190258,0.0382830626450116,1.1136890951276102,2.5406032482598606,2.71461716937355,0.27842227378190254,4.385150812064965,0.8004640371229698,0.382830626450116,81.7,57.4,75.6,0.0,,,,,,,,,,,,,,1.0,0.0,0.0,0.0,0.0,0.0,0.0,0.0,0.0,0.0,0.0,1.0,0.0,0.0,3f5f38fb,2022,1,50.05
19.0,1011.0,23.5,55.0,48.0,34.0,67.2,46.5,54.0,50.2,0.66,0.026706231454005937,0.04451038575667656,1.513353115727003,3.9169139465875373,5.430267062314541,1.0682492581602374,3.8278931750741845,0.8902077151335313,0.6231454005934719,78.2,48.4,29.6,0.0,,,,,,,,,,,,,,0.0,0.0,1.0,0.0,0.0,0.0,0.0,0.0,0.0,0.0,1.0,0.0,0.0,0.0,40221fa7,2022,0,
21.0,975.0,83.9,39.8,38.6,40.0,50.6,58.3,65.0,61.6,1.33,0.7015384615384614,0.19384615384615383,1.7538461538461538,0.8307692307692307,3.2307692307692304,0.4615384615384615,2.3076923076923075,7.292307692307692,0.5538461538461538,73.6,51.5,28.5,0.0,,,,,,,,,,,,,,0.0,1.0,0.0,0.0,0.0,0.0,0.0,1.0,0.0,0.0,0.0,0.0,0.0,0.0,40774c6b,2022,0,
21.0,1855.0,69.2,63.7,80.1,35.8,15.3,55.0,58.5,56.8,0.74,0.21347708894878709,0.15525606469002698,3.299191374663073,3.2506738544474394,5.967654986522911,1.940700808625337,2.2318059299191373,3.444743935309973,1.5040431266846361,84.4,14.3,54.2,1.0,3.0,-12.099999999999994,10.100000000000001,7.599999999999994,-2.6000000000000014,-3.1999999999999993,-0.03570857880365591,0.04532121126983153,-0.14543403250305076,0.544202217793269,1.1985565906037912,18.300000000000004,627.0,0.0,0.0,1.0,0.0,0.0,0.0,0.0,0.0,1.0,0.0,0.0,0.0,0.0,0.0,407feb71,2022,1,70.80000000000001
23.0,1117.0,42.6,35.2,38.1,12.3,66.2,39.6,44.3,42.0,0.19,0.3142345568487019,0.10474485228290063,1.8531781557743956,1.8531781557743956,0.9668755595344672,0.5640107430617726,1.1280214861235451,4.109221128021486,1.0474485228290062,67.0,38.3,36.5,0.0,,,,,,,,,,,,,,0.0,1.0,0.0,0.0,0.0,0.0,0.0,0.0,0.0,0.0,0.0,0.0,0.0,1.0,40b58bfc,2022,0,
20.0,2383.0,18.8,45.4,26.1,47.9,49.5,38.7,40.5,39.6,0.34,0.049097775912715066,0.03399076793957197,1.3596307175828788,5.3629878304658,2.794796475031473,0.5665127989928661,2.0772135963071756,0.9441879983214435,0.5665127989928661,77.8,43.79999999999999,69.7,1.0,3.3999999999999986,4.600000000000001,5.899999999999999,13.900000000000002,-6.200000000000003,-4.200000000000003,0.033224760039699194,0.023408757357561386,0.14269950065166181,0.36093404116903915,0.17780264528061362,19.999999999999993,682.0,0.0,0.0,1.0,0.0,0.0,0.0,1.0,0.0,0.0,0.0,0.0,0.0,0.0,0.0,4112ace5,2022,0,
23.0,2803.0,70.9,60.1,74.3,20.5,65.7,54.4,59.9,57.2,0.25,0.06421691045308597,0.08669282911166608,2.343917231537638,3.5319300749197287,4.9768105601141635,0.5137352836246878,4.880485194434534,2.2797003210845523,0.9953621120228326,72.6,51.2,82.0,1.0,7.200000000000003,1.8000000000000114,11.800000000000004,17.5,-1.3999999999999986,4.300000000000004,-0.021858070419140493,0.014389845178995844,0.9667175375820147,1.3616613634806516,0.7431006946595908,5.599999999999994,189.0,1.0,0.0,0.0,0.0,1.0,0.0,0.0,0.0,0.0,0.0,0.0,0.0,0.0,0.0,41c12f75,2022,1,60.85
23.0,1711.0,71.5,65.1,59.7,29.8,29.7,52.6,55.8,54.2,0.63,0.24196376388077143,0.20514319111630622,2.630040911747516,3.629456458211572,6.259497369959088,2.2618351841028637,1.8936294564582115,3.8924605493863234,1.157218001168907,80.56736842105265,42.91368421052632,26.51034482758621,1.0,5.600000000000001,5.299999999999997,10.899999999999991,-4.5,-0.09999999999999787,14.399999999999999,0.09726923011871355,0.08525343457060112,0.10822189475165,0.554398610197949,0.5288593061674747,-37.189655172413794,-466.0,0.0,0.0,1.0,0.0,0.0,0.0,0.0,0.0,1.0,0.0,0.0,0.0,0.0,0.0,42eaa028,2022,1,45.0
22.0,3023.0,94.4,92.2,95.6,42.7,27.2,82.3,84.6,83.4,0.52,0.7115448230234865,0.39596427390009925,5.120740985775719,2.530598742970559,9.913992722461131,3.0664902414819717,0.8336089976844194,10.241481971551439,2.0840224942110486,80.2,35.3,88.4,1.0,3.1000000000000085,1.7000000000000028,3.700000000000003,5.799999999999997,4.800000000000004,-0.6999999999999993,0.05356162974617562,0.21445166885808245,1.0745224983807615,0.04424482330146695,0.2238760538949287,18.80000000000001,643.0,0.0,1.0,0.0,0.0,0.0,1.0,0.0,0.0,0.0,0.0,0.0,0.0,0.0,0.0,42fd9c7f,2022,1,75.75
21.0,1888.0,83.6,48.8,52.0,18.6,45.6,48.2,57.0,52.6,0.82,0.3622881355932203,0.17161016949152544,2.2404661016949152,3.2891949152542375,4.242584745762712,0.7627118644067796,2.5264830508474576,4.385593220338983,0.9533898305084746,72.0,44.3,61.7,1.0,-7.0,6.699999999999989,-10.400000000000006,-19.0,-3.6999999999999993,-4.0,0.13814292664429673,0.03864267265741822,-0.7608002554177906,-0.9621429874580558,-0.43389499610076454,-15.700000000000003,-481.0,0.0,0.0,1.0,1.0,0.0,0.0,0.0,0.0,0.0,0.0,0.0,0.0,0.0,0.0,437f2b00,2022,1,56.099999999999994
21.0,2857.0,75.9,42.1,52.7,47.8,80.9,61.8,68.0,64.9,1.7,0.1008050402520126,0.04725236261813091,0.7875393769688485,2.646132306615331,2.3626181309065455,0.3150157507875394,4.063703185159258,1.1970598529926497,0.3465173258662933,85.2,63.2,93.4,1.0,-1.2999999999999972,9.600000000000009,-23.9,7.300000000000004,0.3999999999999986,2.8000000000000114,0.03916120463557425,0.029639838156291377,-0.04905553496852921,-3.2293583857275054,-0.9644352080617726,26.60000000000001,813.0,1.0,0.0,0.0,0.0,0.0,0.0,0.0,0.0,0.0,0.0,0.0,1.0,0.0,0.0,441197b8,2022,1,53.4
23.0,2446.0,82.5,73.8,90.4,23.0,35.1,47.7,63.4,55.6,1.63,0.08094848732624695,0.18029435813573183,2.6860179885527393,4.415372035977105,5.8871627146361405,1.2510220768601799,3.7898609975470157,2.5020441537203597,1.4349959116925592,76.70000000000002,44.1,79.9,1.0,0.10000000000000142,18.299999999999997,15.0,13.900000000000006,-1.6999999999999993,-22.5,-0.02611939230986221,0.05118309151571784,-0.022169555184139433,0.974636472508779,0.2586190618693376,-2.460741777466751,-412.0,1.0,0.0,0.0,0.0,1.0,0.0,0.0,0.0,0.0,0.0,0.0,0.0,0.0,0.0,442b56fa,2022,1,45.6
21.0,1690.0,26.5,12.1,13.8,58.9,63.4,45.2,55.0,50.1,1.74,0.010650887573964497,0.0,0.42603550295857984,0.9585798816568047,0.7988165680473372,0.0,4.313609467455621,0.6923076923076923,0.05325443786982248,83.0,60.2,55.2,0.0,,,,,,,,,,,,,,1.0,0.0,0.0,0.0,0.0,0.0,0.0,0.0,0.0,0.0,0.0,1.0,0.0,0.0,44a20f0c,2022,0,
21.0,2796.0,29.8,49.7,18.9,55.0,45.5,45.3,46.4,45.8,1.15,0.012875536480686695,0.012875536480686695,0.4184549356223176,3.0579399141630903,2.5429184549356223,0.38626609442060084,2.6394849785407724,0.48283261802575106,0.09656652360515021,93.2,71.9,81.8,0.0,,,,,,,,,,,,,,1.0,0.0,0.0,0.0,0.0,0.0,0.0,0.0,0.0,1.0,0.0,0.0,0.0,0.0,4534a352,2022,1,55.4
19.0,1418.0,20.9,58.0,41.0,41.2,68.2,39.1,44.7,41.9,0.69,0.19040902679830746,0.06981664315937941,2.7291960507757405,1.777150916784203,6.029619181946403,1.7136812411847673,2.856135401974612,2.7291960507757405,0.698166431593794,72.3,52.0,41.5,1.0,-5.5,-39.7,17.6,-16.700000000000003,10.900000000000002,30.900000000000006,0.08452667385713099,-0.02792091340170655,0.2857571367485914,1.2241893176930096,-0.9513558705461134,-23.099999999999994,-792.0,0.0,1.0,0.0,0.0,0.0,1.0,0.0,0.0,0.0,0.0,0.0,0.0,0.0,0.0,46750e9c,2022,0,
22.0,1237.0,65.3,54.4,49.7,16.1,55.4,47.6,48.9,48.2,0.91,0.14551333872271627,0.08003233629749394,2.764753435731609,2.691996766370251,5.529506871463218,2.0371867421180276,4.2926434923201295,3.1285367825383994,0.7275666936135813,73.8,44.4,36.2,1.0,6.5,47.3,-5.700000000000003,3.6000000000000014,-17.9,-8.100000000000001,0.04595581659882246,-0.006250849543214032,0.4417445861740865,0.48525908385259786,0.7008463238923748,-3.3999999999999986,-119.0,0.0,0.0,1.0,0.0,0.0,0.0,0.0,0.0,1.0,0.0,0.0,0.0,0.0,0.0,46fa7204,2022,0,
22.0,1582.0,19.5,23.3,18.5,33.1,40.9,23.5,23.0,23.2,0.11,0.19342604298356508,0.07395701643489254,1.4791403286978506,0.8533501896333754,1.8204804045512009,0.5689001264222503,0.3982300884955752,3.6409608091024017,0.6826801517067003,73.0,43.2,46.3,1.0,-22.599999999999998,-33.1,-23.499999999999996,-14.299999999999997,10.400000000000002,-16.800000000000004,-0.17308979412050735,0.060382355801408376,-0.9642985853292989,-0.48721190314110707,-0.23262266104535778,26.9,919.0,0.0,1.0,0.0,0.0,0.0,0.0,0.0,0.0,0.0,0.0,0.0,0.0,1.0,0.0,46faabfa,2022,1,46.0
19.0,1194.0,44.9,28.5,30.7,49.4,80.1,42.7,39.1,40.9,0.02,0.29396984924623115,0.1507537688442211,1.5829145728643215,0.7537688442211055,2.7135678391959797,0.829145728643216,1.809045226130653,3.6934673366834168,0.7537688442211055,73.9,45.6,34.9,1.0,8.5,17.5,3.6999999999999993,16.299999999999997,19.099999999999998,12.599999999999994,0.06987346370406247,0.10015135920566688,0.42628806684022513,0.7617606102803172,-0.11370103529696685,-1.5,-51.0,0.0,1.0,0.0,0.0,0.0,0.0,0.0,0.0,0.0,0.0,0.0,0.0,1.0,0.0,47c609d5,2022,0,
20.0,1860.0,89.5,54.8,74.5,19.4,40.2,54.7,66.9,60.8,0.65,0.3677419354838709,0.22741935483870968,3.387096774193548,1.5,7.016129032258064,1.5,2.467741935483871,6.677419354838709,1.6451612903225805,74.0,35.7,54.4,0.0,,,,,,,,,,,,,,0.0,0.0,1.0,1.0,0.0,0.0,0.0,0.0,0.0,0.0,0.0,0.0,0.0,0.0,48a5a5d6,2022,0,
22.0,2502.0,34.2,61.9,50.5,62.0,54.3,56.4,57.9,57.2,0.85,0.017985611510791366,0.02877697841726619,1.0431654676258992,4.676258992805756,4.9640287769784175,0.2158273381294964,3.9568345323741005,0.4676258992805755,0.3237410071942446,85.0,67.1,73.2,0.0,,,,,,,,,,,,,,1.0,0.0,0.0,0.0,0.0,0.0,0.0,0.0,0.0,1.0,0.0,0.0,0.0,0.0,49070d66,2022,1,56.0
23.0,2135.0,46.4,37.3,47.3,35.5,41.3,39.9,39.8,39.8,0.24,0.04215456674473068,0.025292740046838406,0.7587822014051523,2.8243559718969555,2.4028103044496487,0.2107728337236534,3.4145199063231852,0.5901639344262295,0.4215456674473068,76.6,60.8,62.4,1.0,-18.200000000000003,-18.1,3.799999999999997,1.5999999999999943,-17.9,-27.400000000000006,-0.021225714945410167,-0.0024361331925982117,0.24381741267275792,-0.2908516673813373,0.685271464854702,-4.000000000000007,-137.0,1.0,0.0,0.0,0.0,0.0,0.0,0.0,0.0,0.0,0.0,0.0,1.0,0.0,0.0,49136c42,2022,0,
19.0,1950.0,30.5,29.3,32.7,51.8,73.2,41.2,57.1,49.2,0.43,0.05538461538461538,0.07384615384615385,1.7076923076923076,2.4923076923076923,2.769230769230769,0.1846153846153846,4.476923076923077,0.923076923076923,0.8307692307692307,82.9,51.4,57.0,0.0,,,,,,,,,,,,,,0.0,0.0,1.0,0.0,0.0,0.0,0.0,0.0,0.0,0.0,1.0,0.0,0.0,0.0,4a0b7f07,2022,1,43.2
22.0,1181.0,52.6,30.8,41.8,47.3,67.9,51.9,58.0,55.0,1.17,0.05334462320067739,0.04572396274343776,0.6096528365791702,2.0575783234546994,2.5910245554614733,0.15241320914479256,4.419983065198984,0.9144792548687554,0.3810330228619814,81.1,64.8,34.5,1.0,6.200000000000003,19.4,-6.9999999999999964,28.299999999999997,8.599999999999994,5.400000000000006,0.021876091732145928,0.04572396274343776,0.39986262678896045,-0.24114327670635882,-0.14521887934250355,9.399999999999995,323.0,1.0,0.0,0.0,0.0,0.0,0.0,0.0,0.0,0.0,0.0,0.0,1.0,0.0,0.0,4ae67f27,2022,1,55.2
22.0,1868.0,76.5,56.4,74.4,17.0,32.3,51.5,53.7,52.6,0.51,0.17826552462526768,0.2457173447537473,2.987152034261242,2.264453961456103,6.359743040685225,1.5899357601713062,2.312633832976445,3.0353319057815846,1.734475374732334,64.4,54.1,54.6,1.0,-1.0,-4.599999999999994,1.6999999999999957,10.500000000000007,3.3000000000000007,9.499999999999996,-0.2111575522978093,0.13754426783067036,0.49917126503047227,-0.7796800362378526,0.7500308845330257,28.593749999999996,1036.0,0.0,0.0,1.0,0.0,0.0,0.0,0.0,0.0,1.0,0.0,0.0,0.0,0.0,0.0,4c3a6744,2022,1,56.4
22.0,1019.0,75.6,41.5,49.8,41.5,55.1,50.3,54.9,52.6,0.82,0.23846908734052993,0.1678115799803729,2.296368989205103,2.5613346418056917,3.356231599607458,0.2649656526005888,3.267909715407262,4.1511285574092245,1.0598626104023552,81.0,53.1,29.8,0.0,,,,,,,,,,,,,,0.0,0.0,1.0,1.0,0.0,0.0,0.0,0.0,0.0,0.0,0.0,0.0,0.0,0.0,4c8845f7,2022,1,40.35
22.0,2736.0,56.4,78.2,50.3,46.8,61.7,59.9,59.3,59.6,0.41,0.049342105263157895,0.08552631578947369,1.118421052631579,3.6513157894736845,4.506578947368421,0.7236842105263158,3.05921052631579,1.5789473684210527,0.493421052631579,89.6,64.5,80.0,1.0,1.1000000000000014,-8.300000000000004,-4.099999999999994,3.6999999999999957,-13.800000000000004,10.5,-0.011162096417514374,0.05829942503317116,0.27136222910216723,-0.9387992038920823,-0.6142304290137104,-7.0,-239.0,1.0,0.0,0.0,0.0,0.0,0.0,0.0,0.0,0.0,0.0,0.0,1.0,0.0,0.0,4d1666ff,2022,1,60.3
19.0,1282.0,35.8,20.8,32.0,51.9,57.3,45.1,51.2,48.2,0.32,0.0140405616224649,0.0421216848673947,0.561622464898596,1.825273010920437,1.6146645865834635,0.0,4.001560062402496,0.3510140405616225,0.280811232449298,73.8,47.4,37.5,0.0,,,,,,,,,,,,,,1.0,0.0,0.0,0.0,0.0,0.0,0.0,0.0,0.0,0.0,0.0,1.0,0.0,0.0,4d753a3f,2022,1,49.6
23.0,2307.0,64.3,52.8,39.7,25.1,62.5,47.8,48.2,48.0,0.3,0.17945383615084523,0.07022106631989597,2.340702210663199,2.6527958387516257,6.47594278283485,1.092327698309493,4.993498049414825,2.3797139141742525,0.7412223667100131,80.1,39.4,67.5,0.0,,,,,,,,,,,,,,0.0,0.0,1.0,0.0,0.0,0.0,0.0,0.0,1.0,0.0,0.0,0.0,0.0,0.0,4e1d5e59,2022,0,
21.0,2929.0,43.2,67.6,50.0,57.6,79.5,60.2,69.0,64.6,0.97,0.08603618982587913,0.1106179583475589,2.1509047456469785,5.807442813246842,5.100716968248549,1.0139979515192898,6.4834414475930355,1.4749061113007853,0.6759986343461932,86.5,71.1,85.6,1.0,1.999999999999993,-7.099999999999994,12.499999999999993,15.200000000000003,5.600000000000001,-9.900000000000006,-0.0344339375002717,0.054790338367147536,0.5642250198879186,0.6638903277000674,1.0474036359696628,-4.0,-134.0,0.0,0.0,1.0,0.0,0.0,0.0,0.0,0.0,0.0,0.0,1.0,0.0,0.0,0.0,4f255115,2022,1,59.05
23.0,2379.0,40.6,21.0,27.7,49.3,67.5,48.4,56.7,52.6,1.9,0.03783102143757881,0.018915510718789406,0.4918032786885246,2.0050441361916773,1.1727616645649432,0.11349306431273644,4.350567465321563,0.605296343001261,0.18915510718789408,80.6,60.0,77.7,1.0,-6.199999999999996,-10.699999999999996,-13.600000000000001,-14.900000000000002,-2.4000000000000057,-4.599999999999994,-0.0024374349382601107,0.0021369872288565205,-0.0786665199691935,-0.4044195434887481,-0.6124055282378529,-9.899999999999991,-303.0,1.0,0.0,0.0,0.0,0.0,0.0,0.0,0.0,0.0,0.0,0.0,1.0,0.0,0.0,526ea7cc,2022,1,59.1
21.0,1218.0,82.4,63.0,74.1,31.5,34.6,57.6,59.6,58.6,0.92,0.35467980295566504,0.16995073891625614,3.9901477832512318,2.2167487684729066,7.019704433497537,2.5123152709359604,2.955665024630542,5.541871921182266,1.625615763546798,80.8,44.0,39.8,0.0,,,,,,,,,,,,,,0.0,0.0,1.0,0.0,0.0,0.0,0.0,0.0,1.0,0.0,0.0,0.0,0.0,0.0,53070b63,2022,0,
18.0,1678.0,85.4,50.4,73.2,27.7,42.4,54.5,65.1,59.8,0.17,0.3432657926102503,0.19845053635280094,2.4672228843861737,2.5208581644815253,5.202622169249106,1.3945172824791416,2.6817640047675804,5.68533969010727,1.1799761620977354,79.7,40.8,49.1,1.0,5.199999999999996,15.0,-15.600000000000001,16.400000000000006,1.1999999999999993,2.5,0.23034232962405207,0.051650034470743234,-0.13001676429638565,-2.137402924853779,-0.7539222621182233,25.799999999999997,881.0,0.0,0.0,1.0,1.0,0.0,0.0,0.0,0.0,0.0,0.0,0.0,0.0,0.0,0.0,540ec57b,2022,1,62.4
22.0,1449.0,72.5,61.4,32.9,64.0,62.3,60.1,62.4,61.2,0.18,0.08074534161490683,0.024844720496894408,0.43478260869565216,3.354037267080745,4.285714285714286,0.6832298136645962,4.409937888198757,0.6211180124223602,0.18633540372670807,91.8,58.3,42.4,1.0,12.900000000000006,4.299999999999997,15.199999999999996,-10.300000000000004,15.899999999999999,14.099999999999994,0.016373414927378885,-0.003317997428899065,-0.611261199976677,1.2280477680567081,0.8596251079390371,-23.000000000000007,-788.0,1.0,0.0,0.0,0.0,0.0,0.0,0.0,0.0,0.0,0.0,0.0,1.0,0.0,0.0,5515376c,2022,1,49.9
22.0,2240.0,58.5,51.7,43.1,48.7,78.5,54.4,64.3,59.4,0.85,0.1526785714285714,0.10446428571428572,2.4107142857142856,4.098214285714286,4.178571428571429,0.4419642857142857,3.575892857142857,2.290178571428571,0.84375,80.7,52.7,65.5,1.0,20.0,-7.700000000000003,31.400000000000002,13.0,7.700000000000003,25.5,-0.08165828780657913,0.08249520516099035,0.8728786469836103,2.201354178774846,2.4139181099616414,29.6,1011.0,0.0,0.0,1.0,0.0,0.0,0.0,0.0,0.0,0.0,0.0,1.0,0.0,0.0,0.0,55a1cac2,2022,1,54.2
21.0,1775.0,83.5,81.4,83.2,26.0,22.0,62.1,67.7,64.9,0.4,0.3295774647887324,0.18760563380281692,3.4478873239436623,4.766197183098591,8.721126760563381,2.4845070422535214,3.0422535211267605,4.8676056338028175,1.7746478873239437,78.3,27.3,51.9,1.0,5.1000000000000085,5.700000000000003,17.400000000000006,13.700000000000003,3.8000000000000007,-18.200000000000003,0.1233169840732489,0.011529613679843176,-0.02332564419496297,2.7848495107031237,1.445906517922515,-0.3999999999999986,-14.0,0.0,0.0,1.0,0.0,0.0,0.0,0.0,0.0,1.0,0.0,0.0,0.0,0.0,0.0,570bb4b9,2022,1,57.8
21.0,931.0,34.2,42.7,40.3,29.4,58.5,40.7,40.7,40.7,0.13,0.05800214822771213,0.1643394199785177,2.416756176154672,2.996777658431794,3.286788399570354,1.740064446831364,3.7701396348012888,0.7733619763694951,1.0633727175080558,77.82815533980583,54.20000000000001,26.43136412459721,1.0,-1.2999999999999972,-11.5,-5.899999999999999,1.8999999999999986,-7.399999999999999,27.1,-0.011095740447911673,0.12115323955625282,0.8620536809531365,-1.4636914468787818,-0.026254971126747684,-2.962493840853842,-111.0,0.0,0.0,1.0,0.0,0.0,0.0,1.0,0.0,0.0,0.0,0.0,0.0,0.0,0.0,5722eced,2022,0,
22.0,1240.0,49.9,22.6,67.1,25.4,29.9,32.1,38.3,35.2,1.5,0.03629032258064516,0.04354838709677419,1.161290322580645,1.8870967741935483,1.5241935483870968,0.21774193548387097,3.411290322580645,0.8709677419354839,0.6532258064516129,66.9,34.8,36.3,0.0,,,,,,,,,,,,,,1.0,0.0,0.0,0.0,1.0,0.0,0.0,0.0,0.0,0.0,0.0,0.0,0.0,0.0,57c94db2,2022,1,41.5
18.0,2790.0,67.4,70.4,73.4,36.4,58.2,61.9,64.4,63.2,0.36,0.16774193548387098,0.17096774193548386,3.161290322580645,4.451612903225806,5.193548387096774,1.6129032258064515,3.5161290322580645,3.2903225806451615,1.096774193548387,84.5,44.0,91.2,1.0,2.200000000000003,2.4000000000000057,6.400000000000006,14.500000000000007,-3.8000000000000043,-14.700000000000003,0.0351550173931226,0.0012564867793259105,0.9868648658923713,0.36738456859353263,0.42097059326705466,35.7,1093.0,0.0,0.0,1.0,0.0,0.0,0.0,0.0,0.0,1.0,0.0,0.0,0.0,0.0,0.0,57d88cf9,2022,1,75.4
19.0,1271.0,80.0,64.6,67.3,38.2,22.3,55.8,65.3,60.6,0.35,0.34697088906372936,0.13453973249409915,3.115656963021243,2.5491738788355627,7.576711250983478,2.0535011801730922,1.4162077104642015,4.248623131392605,1.0621557828481512,78.8,40.0,37.2,1.0,8.0,-1.7999999999999972,9.899999999999991,18.699999999999996,-3.5999999999999943,15.600000000000001,0.050593282038482346,0.02586794325150857,0.645843571144185,0.9082150929154205,0.47453062965883364,-16.099999999999994,-551.0,0.0,0.0,1.0,1.0,0.0,0.0,0.0,0.0,0.0,0.0,0.0,0.0,0.0,0.0,58eee997,2022,1,62.45
20.0,1512.0,77.1,84.4,82.8,42.4,25.8,49.9,65.3,57.6,1.56,0.08333333333333333,0.16666666666666666,2.321428571428571,4.107142857142857,8.392857142857142,1.8452380952380951,3.1547619047619047,3.214285714285714,1.130952380952381,88.0,44.0,44.2,1.0,5.899999999999999,-3.3000000000000114,16.200000000000003,11.399999999999991,-4.600000000000001,3.5,0.003186659682207091,0.06766195215645189,0.529914689815161,0.566770186335404,1.2784367282795777,-11.599999999999994,-397.0,1.0,0.0,0.0,0.0,1.0,0.0,0.0,0.0,0.0,0.0,0.0,0.0,0.0,0.0,5976f83e,2022,0,
20.0,1464.0,78.6,76.9,93.1,45.3,11.0,64.2,69.0,66.6,0.17,0.17827868852459017,0.26434426229508196,4.303278688524591,4.364754098360656,7.315573770491803,1.9672131147540985,2.2131147540983607,3.504098360655738,2.459016393442623,83.3,7.1,42.8,0.0,,,,,,,,,,,,,,0.0,0.0,1.0,0.0,0.0,0.0,0.0,0.0,1.0,0.0,0.0,0.0,0.0,0.0,59948ef7,2022,1,63.0
19.0,2409.0,78.9,83.5,61.1,44.1,71.5,66.4,65.9,66.2,0.09,0.10087173100871732,0.08219178082191782,0.9713574097135741,5.26774595267746,5.454545454545455,1.046077210460772,5.342465753424658,1.270236612702366,0.4109589041095891,83.7,62.29999999999999,78.7,0.0,,,,,,,,,,,,,,1.0,0.0,0.0,0.0,0.0,0.0,0.0,0.0,0.0,0.0,0.0,1.0,0.0,0.0,5ad50391,2022,1,61.05
21.0,2263.0,50.0,55.5,41.2,48.9,55.9,52.3,51.9,52.1,0.19,0.043747238179407864,0.031816173221387536,0.8351745470614228,3.380468404772426,2.942996022978347,0.1988510826336721,4.295183384887317,0.8749447635881573,0.27839151568714093,81.4,65.8,66.2,1.0,-11.399999999999999,-11.700000000000003,-15.099999999999994,-11.599999999999994,-2.200000000000003,-13.100000000000001,-0.012385817953648272,-0.061738920333706024,0.18028889217576782,-3.0445299645476407,-1.2037311794271588,38.1,1301.0,1.0,0.0,0.0,0.0,0.0,0.0,0.0,0.0,0.0,1.0,0.0,0.0,0.0,0.0,5b146df3,2022,1,55.8
20.0,960.0,51.1,30.5,23.7,36.1,26.7,37.6,41.0,39.3,0.11,0.5437500000000001,0.05625,2.15625,0.65625,1.125,1.21875,1.125,6.5625,0.46875,80.7,32.2,28.1,0.0,,,,,,,,,,,,,,0.0,1.0,0.0,0.0,0.0,0.0,0.0,1.0,0.0,0.0,0.0,0.0,0.0,0.0,5b479568,2022,1,50.5
19.0,1273.0,66.3,51.8,64.7,18.5,74.1,59.1,59.2,59.2,0.5,0.37470542026708564,0.1201885310290652,2.6865671641791047,1.131186174391202,4.383346425765907,2.1209740769835035,2.262372348782404,5.302435192458759,1.0604870384917517,71.1,44.9,37.2,0.0,,,,,,,,,,,,,,0.0,1.0,0.0,0.0,0.0,1.0,0.0,0.0,0.0,0.0,0.0,0.0,0.0,0.0,5b92d896,2022,1,73.6
18.0,2095.0,56.0,52.1,18.6,60.7,61.4,54.8,59.2,57.0,0.06,0.07732696897374701,0.012887828162291169,0.38663484486873506,3.6085918854415273,3.136038186157518,0.47255369928400953,4.5536992840095465,0.4295942720763723,0.12887828162291168,91.4,59.4,61.3,0.0,,,,,,,,,,,,,,1.0,0.0,0.0,0.0,0.0,0.0,0.0,0.0,0.0,0.0,0.0,1.0,0.0,0.0,5b9512c5,2022,1,57.3
22.0,2105.0,36.2,67.5,65.9,25.7,58.6,52.8,56.9,54.8,0.39,0.06840855106888362,0.14109263657957244,2.821852731591449,4.190023752969121,6.156769596199525,1.1116389548693586,2.864608076009501,1.838479809976247,1.4536817102137767,77.1,46.89999999999999,61.5,0.0,,,,,,,,,,,,,,0.0,0.0,1.0,0.0,0.0,0.0,0.0,0.0,1.0,0.0,0.0,0.0,0.0,0.0,5c74c0f5,2022,0,
21.0,3101.0,35.4,56.7,67.3,24.2,57.2,48.8,52.5,50.6,0.8,0.01160915833602064,0.05224121251209288,1.1899387294421155,3.860045146726862,2.72815220896485,0.43534343760077393,5.427281522089649,0.9577555627217027,0.5804579168010319,72.9,45.2,90.7,1.0,8.600000000000001,-14.399999999999999,18.0,23.099999999999994,0.3999999999999986,3.5,-0.030496104821874096,0.041714896722619195,0.7162545189157998,1.096573261596429,0.9653083046215989,40.7,1391.0,1.0,0.0,0.0,0.0,1.0,0.0,0.0,0.0,0.0,0.0,0.0,0.0,0.0,0.0,5cbd1eb0,2022,1,48.45
19.0,1639.0,86.4,80.9,86.3,37.2,33.2,51.7,66.7,59.2,0.19,0.1262965222696766,0.1043319097010372,2.1415497254423426,4.063453325198291,8.126906650396583,0.8785845027455765,3.514338010982306,2.471018913971934,0.823672971323978,82.1,38.0,47.89999999999999,1.0,9.200000000000003,17.200000000000003,16.30000000000001,8.599999999999994,9.800000000000004,1.5000000000000036,0.07555331365870788,-0.02021960234406789,0.48086289817427486,1.5302895309706468,0.3730381534914744,-9.100000000000009,-312.0,1.0,0.0,0.0,0.0,1.0,0.0,0.0,0.0,0.0,0.0,0.0,0.0,0.0,0.0,5d0e0a1f,2022,1,55.1
23.0,1334.0,39.4,41.7,38.0,22.4,54.2,39.4,40.5,40.0,0.83,0.2293853073463268,0.14167916041979012,1.9565217391304346,1.2143928035982008,2.9010494752623686,1.0119940029985006,2.0239880059970012,4.52023988005997,1.0119940029985006,67.0,28.1,39.0,1.0,-4.600000000000001,-8.200000000000003,-9.199999999999996,-2.3999999999999986,-8.3,12.200000000000003,-0.11216225302824193,0.09288665179485173,-0.08389225791244348,-0.2482851723472912,-0.1606688031046084,-20.299999999999997,-695.0,0.0,1.0,0.0,0.0,0.0,1.0,0.0,0.0,0.0,0.0,0.0,0.0,0.0,0.0,5e080f73,2022,1,50.2
20.0,2120.0,34.4,57.5,63.5,33.0,40.2,43.9,49.5,46.7,0.57,0.008490566037735849,0.08915094339622641,1.3160377358490565,3.481132075471698,3.735849056603773,0.6792452830188679,4.966981132075471,1.3584905660377358,0.8066037735849056,80.8,52.4,62.0,0.0,,,,,,,,,,,,,,1.0,0.0,0.0,0.0,1.0,0.0,0.0,0.0,0.0,0.0,0.0,0.0,0.0,0.0,5e74d6c8,2022,0,
22.0,3152.0,59.8,78.8,66.5,50.0,27.8,60.1,65.0,62.6,0.02,0.12277918781725887,0.1199238578680203,2.7125634517766493,6.253172588832487,8.651649746192893,0.8565989847715735,2.0558375634517763,2.91243654822335,1.0279187817258881,87.4,46.8,92.2,1.0,12.399999999999999,19.699999999999996,13.5,27.299999999999997,5.100000000000001,-23.099999999999998,0.07327423732220936,0.040715937075941094,0.831375332964768,2.8595705382721013,1.0056478363572392,32.800000000000004,1334.0,0.0,0.0,1.0,0.0,0.0,0.0,0.0,0.0,1.0,0.0,0.0,0.0,0.0,0.0,5ea8ef20,2022,1,52.599999999999994
22.0,2279.0,43.1,34.5,26.7,30.5,72.4,48.3,56.4,52.4,1.11,0.04344010530934621,0.003949100482667837,0.5923650724001756,2.3299692847740237,2.250987275120667,0.1184730144800351,5.844668714348399,1.2242211496270294,0.15796401930671347,72.0,54.50000000000001,66.6,0.0,,,,,,,,,,,,,,1.0,0.0,0.0,0.0,0.0,0.0,0.0,0.0,0.0,0.0,0.0,1.0,0.0,0.0,5eaed77a,2022,1,55.9
22.0,990.0,29.0,63.7,41.6,72.1,63.5,61.8,64.2,63.0,0.48,0.02727272727272727,0.0,0.5454545454545454,4.363636363636363,4.181818181818182,0.2727272727272727,3.8181818181818183,0.5454545454545454,0.09090909090909091,90.0,71.9,28.9,1.0,9.100000000000001,-38.5,-3.3999999999999915,31.8,20.599999999999994,8.200000000000003,-0.06337475474166121,0.0,0.4159581425768476,0.2969260954872466,1.5147155003270107,6.199999999999999,295.0,1.0,0.0,0.0,0.0,0.0,0.0,0.0,0.0,0.0,0.0,0.0,1.0,0.0,0.0,5ed9b537,2022,1,63.0
23.0,1661.0,43.1,36.8,17.2,58.8,51.3,46.5,44.7,45.6,0.02,0.0650210716435882,0.005418422636965683,0.4334738109572547,1.8422636965683323,2.7092113184828417,0.27092113184828415,4.0638169777242625,0.5418422636965683,0.054184226369656835,90.7,63.0,48.6,1.0,-7.600000000000001,-28.9,9.999999999999996,-16.599999999999998,1.5999999999999943,-8.5,-0.02197365594867895,-0.03017032955987087,-0.08058594299705113,0.8902306506445288,-0.33260449323834607,-17.9,-615.0,1.0,0.0,0.0,0.0,0.0,0.0,0.0,0.0,0.0,1.0,0.0,0.0,0.0,0.0,5f26e0c5,2022,0,
21.0,1543.0,37.6,21.6,32.2,54.2,62.2,47.8,54.8,51.3,0.8,0.03499675955930006,0.02916396629941672,0.4666234607906675,1.749837977965003,1.2832145171743357,0.29163966299416716,5.074530136098509,0.4666234607906675,0.23331173039533376,83.83604651162791,61.298837209302334,30.80369410239793,1.0,0.09999999999999432,12.200000000000003,-0.7999999999999972,-0.5999999999999943,16.900000000000006,-8.899999999999991,0.028503253065793564,0.016176953312403732,-0.11779212362491687,-0.8596426256828071,-0.06834384021681505,-9.69630589760207,157.0,1.0,0.0,0.0,0.0,0.0,0.0,0.0,0.0,0.0,0.0,0.0,1.0,0.0,0.0,5fa57166,2022,1,45.8
21.0,2282.0,45.5,33.1,25.4,52.7,59.9,48.6,54.3,51.4,0.72,0.05521472392638037,0.007887817703768625,0.39439088518843124,2.484662576687117,1.26205083260298,0.039439088518843125,4.377738825591586,0.5127081507449606,0.11831726555652937,85.5661793757408,56.17779533781114,74.46735319894829,0.0,,,,,,,,,,,,,,1.0,0.0,0.0,0.0,0.0,0.0,0.0,0.0,0.0,0.0,0.0,1.0,0.0,0.0,610aa1e9,2022,0,
21.0,1782.0,43.0,60.5,60.9,53.5,49.6,51.8,54.7,53.2,0.53,0.30303030303030304,0.10101010101010101,2.3737373737373737,2.7777777777777777,3.6363636363636362,1.0606060606060606,1.7171717171717171,4.242424242424242,1.1111111111111112,73.2,32.9,58.2,1.0,-2.3999999999999986,8.600000000000001,-15.900000000000006,-7.000000000000007,10.399999999999999,-19.300000000000004,0.1608674840752605,-0.019281515028781143,-0.5788750199442791,-1.9407931072572633,-2.033886863777508,31.300000000000008,959.0,0.0,1.0,0.0,0.0,0.0,0.0,0.0,0.0,0.0,0.0,0.0,0.0,1.0,0.0,6190474d,2022,1,60.0
23.0,2961.0,78.3,58.8,63.8,24.8,23.1,50.6,53.1,51.8,0.17,0.2492401215805471,0.14285714285714288,2.8267477203647418,2.8267477203647418,4.893617021276596,1.8541033434650456,2.2796352583586628,3.404255319148936,1.0638297872340425,79.6,33.8,86.6,1.0,-0.5,0.0,-0.4000000000000057,11.399999999999999,-2.3999999999999986,-17.6,-0.012331460766062174,0.026603106258649867,0.40478862456280407,-0.9190848086480541,-0.11189598254160948,5.099999999999994,174.0,0.0,0.0,1.0,0.0,0.0,0.0,0.0,0.0,1.0,0.0,0.0,0.0,0.0,0.0,6191093d,2022,1,58.599999999999994
19.0,1108.0,28.9,14.7,32.3,42.4,50.6,38.5,44.0,41.2,0.91,0.024368231046931407,0.016245487364620937,0.48736462093862815,1.4620938628158844,1.6245487364620939,0.0,3.81768953068592,0.48736462093862815,0.3249097472924188,75.06341463414634,55.224390243902434,16.42635379061372,0.0,,,,,,,,,,,,,,1.0,0.0,0.0,0.0,0.0,0.0,0.0,0.0,0.0,0.0,0.0,1.0,0.0,0.0,620922ed,2022,1,47.45
20.0,1350.0,16.8,50.1,26.8,66.8,57.3,44.9,55.0,50.0,0.51,0.02,0.06666666666666667,1.4666666666666666,4.6,5.666666666666667,0.13333333333333333,3.466666666666667,0.6666666666666666,0.4666666666666667,89.5,46.2,39.5,0.0,,,,,,,,,,,,,,0.0,0.0,1.0,0.0,0.0,0.0,0.0,0.0,0.0,0.0,1.0,0.0,0.0,0.0,6250083a,2022,1,33.6
20.0,954.0,51.0,39.2,68.4,35.4,19.7,43.1,43.2,43.2,0.01,0.1320754716981132,0.1320754716981132,2.452830188679245,3.679245283018868,4.245283018867925,0.4716981132075472,2.358490566037736,1.1320754716981132,1.4150943396226416,78.1,8.7,27.9,0.0,,,,,,,,,,,,,,0.0,0.0,1.0,0.0,0.0,0.0,1.0,0.0,0.0,0.0,0.0,0.0,0.0,0.0,645a3363,2022,1,63.2
23.0,2548.0,42.4,67.7,64.2,43.7,31.5,45.6,53.5,49.6,0.83,0.02119309262166405,0.060047095761381473,1.5188383045525904,3.991365777080063,4.733124018838304,1.0949764521193093,5.156985871271586,1.0243328100470959,0.4945054945054945,83.7,45.9,74.5,1.0,-1.7999999999999972,0.8999999999999986,-0.20000000000000284,4.900000000000006,-4.899999999999999,-6.0,0.0016703160489959373,0.021001542616045248,0.15224394446582257,1.1018875763220355,-0.6941006003602843,7.099999999999994,243.0,1.0,0.0,0.0,0.0,1.0,0.0,0.0,0.0,0.0,0.0,0.0,0.0,0.0,0.0,64ba07c0,2022,0,
19.0,1642.0,24.2,29.4,8.6,49.6,54.2,32.2,45.6,38.9,0.41,0.07673568818514007,0.027405602923264313,1.2058465286236297,2.4116930572472595,3.398294762484775,0.9866017052375152,4.933008526187576,1.2058465286236297,0.438489646772229,86.1,51.3,48.0,0.0,,,,,,,,,,,,,,0.0,0.0,1.0,0.0,0.0,0.0,0.0,0.0,0.0,0.0,1.0,0.0,0.0,0.0,64c14d49,2022,1,49.2
22.0,980.0,45.2,43.8,61.4,17.3,35.1,40.9,42.6,41.8,0.02,0.0826530612244898,0.12857142857142856,2.7551020408163263,3.030612244897959,3.857142857142857,0.8265306122448979,2.4795918367346936,2.7551020408163263,1.4693877551020407,69.5,23.1,28.7,0.0,,,,,,,,,,,,,,0.0,0.0,1.0,0.0,0.0,0.0,0.0,0.0,1.0,0.0,0.0,0.0,0.0,0.0,6604165d,2022,0,
23.0,1688.0,42.9,33.5,60.0,34.8,32.8,36.7,41.1,38.9,1.75,0.015995260663507108,0.11729857819905214,1.066350710900474,1.599526066350711,2.559241706161137,0.6398104265402843,4.638625592417061,0.8530805687203791,0.8530805687203791,84.6,21.9,49.4,0.0,,,,,,,,,,,,,,1.0,0.0,0.0,0.0,1.0,0.0,0.0,0.0,0.0,0.0,0.0,0.0,0.0,0.0,6652cf96,2022,0,
23.0,1445.0,25.1,54.5,51.0,14.2,44.0,37.0,43.2,40.1,1.3,0.1370242214532872,0.16816608996539792,2.055363321799308,1.806228373702422,3.363321799307958,1.5570934256055362,1.4325259515570934,3.9238754325259513,1.4948096885813147,60.4,27.6,42.3,0.0,,,,,,,,,,,,,,0.0,1.0,0.0,0.0,0.0,1.0,0.0,0.0,0.0,0.0,0.0,0.0,0.0,0.0,66784dee,2022,0,
23.0,3063.0,72.5,53.7,25.7,62.0,48.0,51.6,53.2,52.4,0.33,0.0969637610186092,0.02350636630754163,0.6464250734573947,2.438785504407444,4.2311459353574925,0.0881488736532811,2.820763956904995,1.2340842311459355,0.23506366307541626,89.7,64.2,89.6,1.0,-1.8000000000000043,14.600000000000001,-6.599999999999994,4.800000000000001,7.299999999999997,-7.799999999999997,0.03834652654967133,0.018997348271469483,0.19552326985018031,-0.7738640846825877,0.04900594528920754,31.199999999999996,1067.0,1.0,0.0,0.0,0.0,0.0,0.0,0.0,0.0,0.0,1.0,0.0,0.0,0.0,0.0,67ac5bb8,2022,0,
21.0,1047.0,58.0,52.2,88.0,21.7,35.2,41.7,53.8,47.8,1.5,0.042979942693409746,0.2492836676217765,1.8051575931232093,3.008595988538682,4.555873925501433,0.42979942693409745,3.9541547277936964,3.7822349570200573,1.2893982808022924,74.3,46.400000000000006,30.6,1.0,-6.400000000000006,-9.599999999999994,-15.0,8.0,-7.0,-6.599999999999994,-0.0027633864044301557,0.1520790932888667,0.3184993974434125,0.09589933846204257,-1.1083036302669087,-20.79999999999999,-527.0,1.0,0.0,0.0,0.0,1.0,0.0,0.0,0.0,0.0,0.0,0.0,0.0,0.0,0.0,6aa3e78b,2022,0,
21.0,2905.0,38.8,54.4,59.1,27.0,59.5,46.8,50.8,48.8,0.66,0.2726333907056799,0.12702237521514628,2.3855421686746987,1.5180722891566265,3.87263339070568,1.0843373493975903,1.8898450946643717,4.833046471600689,1.1153184165232357,66.8,21.7,84.9,0.0,,,,,,,,,,,,,,0.0,1.0,0.0,0.0,0.0,1.0,0.0,0.0,0.0,0.0,0.0,0.0,0.0,0.0,6afaebf2,2022,1,65.4
22.0,987.0,70.0,41.6,52.1,27.6,33.2,43.9,51.5,47.7,1.06,0.2188449848024316,0.1276595744680851,2.5531914893617023,2.188449848024316,3.9209726443768997,0.8206686930091185,2.188449848024316,4.468085106382978,1.3677811550151975,73.8,27.8,28.9,1.0,-0.5,5.799999999999997,-1.8999999999999986,-5.899999999999999,4.5,-5.299999999999997,0.09794946241437191,-0.026818037472213396,0.13528104160050836,-0.5790273556231003,-0.6996098534682211,-10.300000000000004,-353.0,0.0,0.0,1.0,1.0,0.0,0.0,0.0,0.0,0.0,0.0,0.0,0.0,0.0,0.0,6c17e046,2022,0,
23.0,1924.0,47.5,69.9,52.2,42.3,67.1,59.0,58.5,58.8,0.18,0.037422037422037424,0.0420997920997921,1.262993762993763,3.7889812889812893,4.397089397089397,0.9355509355509356,4.958419958419959,0.8887733887733889,0.5145530145530146,84.7,68.6,56.3,1.0,3.799999999999997,14.799999999999997,7.300000000000004,1.3000000000000043,-5.300000000000004,5.3999999999999915,0.022011078517927836,0.034394312647737305,0.4153910232677357,-0.07208868510238364,-0.5260872041693956,22.099999999999994,756.0,1.0,0.0,0.0,0.0,1.0,0.0,0.0,0.0,0.0,0.0,0.0,0.0,0.0,0.0,6c7762c3,2022,1,59.8
23.0,2320.0,42.6,27.4,35.0,39.3,20.9,32.6,35.1,33.8,0.14,0.08922413793103447,0.05818965517241379,2.0172413793103448,2.3663793103448274,3.336206896551724,0.5818965517241379,2.0560344827586206,0.9310344827586207,0.814655172413793,80.1,31.8,67.8,1.0,-14.100000000000001,-18.799999999999997,-22.4,-32.3,9.399999999999999,-12.100000000000001,-0.025344461786080116,-0.11366324440325809,-1.6107642783982836,-0.6100448714822222,-1.9617677900795005,29.20693069306931,906.0,0.0,0.0,1.0,1.0,0.0,0.0,0.0,0.0,0.0,0.0,0.0,0.0,0.0,0.0,6c811eb7,2022,1,44.3
23.0,1623.0,53.9,45.1,67.1,24.7,33.0,37.8,46.0,41.9,1.6,0.04436229205175601,0.0277264325323475,1.497227356746765,2.43992606284658,3.4935304990757854,0.499075785582255,3.43807763401109,1.497227356746765,0.55452865064695,65.6,37.5,47.5,1.0,-15.100000000000001,-26.4,-27.4,-22.30000000000001,-13.500000000000004,1.0,-0.03302624298009114,-0.07545828084344869,-0.6811165922978213,-1.8663421123891832,-1.6014752110387702,-44.3,-1517.0,1.0,0.0,0.0,0.0,1.0,0.0,0.0,0.0,0.0,0.0,0.0,0.0,0.0,0.0,6dfd8f05,2022,1,45.8
21.0,2740.0,80.2,40.8,74.6,26.0,9.6,45.8,59.7,52.8,0.99,0.26605839416058397,0.13138686131386862,3.2846715328467155,2.332116788321168,3.81021897810219,0.8868613138686132,1.8722627737226278,4.335766423357664,1.510948905109489,78.5,22.2,80.1,1.0,-8.0,26.5,-12.400000000000006,-14.400000000000006,-28.299999999999997,-8.700000000000001,-0.04806498246279267,-0.022022229595222292,-1.0984453502701674,1.4725566404398518,0.5058180870224667,44.099999999999994,1508.0,0.0,0.0,1.0,1.0,0.0,0.0,0.0,0.0,0.0,0.0,0.0,0.0,0.0,0.0,6e058f06,2022,1,60.2
22.0,2790.0,58.4,38.7,31.8,64.6,71.2,58.5,53.3,55.9,0.12,0.06451612903225806,0.02258064516129032,0.5161290322580645,2.096774193548387,3.129032258064516,0.22580645161290322,4.161290322580645,0.5483870967741935,0.16129032258064516,88.1,71.4,81.6,0.0,,,,,,,,,,,,,,1.0,0.0,0.0,0.0,0.0,0.0,0.0,0.0,0.0,1.0,0.0,0.0,0.0,0.0,6e33125f,2022,1,59.9
22.0,1046.0,46.9,59.1,32.1,10.8,68.0,47.3,51.5,49.4,0.48,0.0344168260038241,0.02581261950286807,0.5162523900573613,3.269598470363289,3.69980879541109,0.6883365200764818,4.732313575525813,1.462715105162524,0.25812619502868067,68.3,53.4,34.2,0.0,,,,,,,,,,,,,,1.0,0.0,0.0,0.0,0.0,0.0,0.0,0.0,0.0,0.0,0.0,1.0,0.0,0.0,6ea23758,2022,0,
22.0,1984.0,62.3,52.2,50.7,13.4,24.0,41.4,44.3,42.8,1.02,0.21774193548387097,0.13608870967741934,1.995967741935484,2.3588709677419355,4.808467741935484,2.0413306451612905,2.903225806451613,3.810483870967742,1.0887096774193548,70.3,25.3,64.8,1.0,-7.0,-19.10000000000001,1.4000000000000057,-4.299999999999997,-9.1,-21.700000000000003,-0.01116625310173694,-0.02023883374689825,-0.29311414392059554,-0.10468362282878374,-0.26519851116625315,12.099999999999994,372.0,0.0,0.0,1.0,0.0,0.0,0.0,0.0,0.0,1.0,0.0,0.0,0.0,0.0,0.0,6ecbddf6,2022,1,54.8
23.0,1077.0,25.0,68.3,75.0,30.3,26.9,49.3,52.1,50.7,0.6,0.04178272980501393,0.10863509749303621,3.0919220055710306,4.763231197771588,5.348189415041783,1.9220055710306407,2.4233983286908076,1.0027855153203342,1.8384401114206128,76.1,42.9,31.5,0.0,,,,,,,,,,,,,,0.0,0.0,1.0,0.0,0.0,0.0,1.0,0.0,0.0,0.0,0.0,0.0,0.0,0.0,6ed1a2a2,2022,0,
22.0,2593.0,45.3,78.4,37.4,58.1,53.8,57.7,61.6,59.6,0.7,0.048592364057076745,0.013883532587736214,0.971847281141535,5.726957192441188,6.52526031623602,0.5900501349787891,4.893945237177015,0.7635942923254917,0.17354415734670267,90.1,51.3,75.8,1.0,-2.1000000000000014,-14.200000000000003,7.300000000000011,-5.300000000000004,2.3999999999999986,-11.400000000000006,-0.005219295135748363,-0.008537992075940914,-0.10438590271496728,0.42660560771584066,-0.506226664061054,17.099999999999994,586.0,1.0,0.0,0.0,0.0,0.0,0.0,0.0,0.0,0.0,1.0,0.0,0.0,0.0,0.0,6f5ec8bb,2022,1,60.3
23.0,2715.0,42.5,33.5,53.1,56.4,60.2,47.3,48.6,48.0,0.2,0.06629834254143646,0.10607734806629834,2.4861878453038675,3.348066298342541,3.1491712707182318,0.4972375690607735,4.143646408839778,0.2983425414364641,1.1933701657458564,83.3,54.4,79.4,1.0,-5.0,12.5,-7.600000000000001,27.0,-7.600000000000001,-10.700000000000003,0.027463391085125778,0.054297412791217435,0.9975147061452914,-0.44306173899050627,-0.08235441363156903,-1.8999999999999915,-66.0,0.0,0.0,1.0,0.0,0.0,0.0,1.0,0.0,0.0,0.0,0.0,0.0,0.0,0.0,6f7d826d,2022,1,59.0
21.0,2194.0,52.4,69.1,67.4,24.2,37.5,52.5,51.9,52.2,0.21,0.09845031905195989,0.15587967183226983,3.814949863263446,4.143117593436646,6.440291704649043,1.6408386508659982,4.635369188696445,1.2306289881494987,2.010027347310848,78.8,36.1,64.2,1.0,3.200000000000003,1.8999999999999986,14.099999999999994,6.500000000000007,-3.1000000000000014,-3.1000000000000014,0.03897895341319337,-0.09191768499592401,1.0891789381533137,0.3444767266754747,1.1695493114983195,11.100000000000001,378.0,0.0,0.0,1.0,0.0,0.0,0.0,1.0,0.0,0.0,0.0,0.0,0.0,0.0,0.0,6f806d99,2022,1,58.4
23.0,979.0,60.0,71.9,65.4,24.2,61.9,60.1,63.9,62.0,0.06,0.5056179775280899,0.1378958120531154,3.033707865168539,2.1144024514811033,5.056179775280898,1.930541368743616,2.29826353421859,6.894790602655771,1.195097037793667,73.5,43.5,32.0,1.0,7.399999999999999,-27.400000000000006,18.800000000000004,12.900000000000006,10.1,11.399999999999999,0.08447413004108822,0.013112449834744536,0.4860475532101338,-0.5590715245457911,0.19065895061455218,-24.6,-752.0,0.0,1.0,0.0,0.0,0.0,1.0,0.0,0.0,0.0,0.0,0.0,0.0,0.0,0.0,6f8cd6d0,2022,1,62.9
21.0,2690.0,84.9,91.6,97.7,49.5,36.1,80.4,83.8,82.1,1.67,0.45836431226765795,0.27434944237918213,5.687732342007435,3.7137546468401488,14.25278810408922,3.379182156133829,2.04089219330855,9.133828996282528,2.3085501858736057,83.9,17.399999999999995,78.7,1.0,17.89999999999999,36.900000000000006,10.399999999999991,17.60000000000001,4.700000000000003,-12.699999999999996,0.16125918276029377,0.05494873135835937,2.488138639620437,5.065383330092267,1.4740390551692495,21.1,721.0,0.0,1.0,0.0,0.0,0.0,1.0,0.0,0.0,0.0,0.0,0.0,0.0,0.0,0.0,7111d552,2022,1,72.69999999999999
22.0,1528.0,39.2,47.8,20.8,62.3,65.6,46.7,58.5,52.6,0.5,0.12958115183246074,0.04123036649214659,1.4136125654450262,3.6518324607329844,4.12303664921466,0.2356020942408377,4.653141361256544,0.824607329842932,0.4712041884816754,89.4,60.0,44.7,1.0,-0.6000000000000014,7.100000000000001,1.5,2.6999999999999993,8.199999999999996,-11.700000000000003,0.07710301772167358,0.0018717659090562097,0.18912276952665885,0.3183719261825897,-0.8088089386839248,-15.5,-530.0,0.0,0.0,1.0,0.0,0.0,0.0,0.0,0.0,0.0,0.0,1.0,0.0,0.0,0.0,7155e3e1,2022,1,61.5
22.0,1147.0,79.2,48.4,75.7,18.6,35.3,50.6,62.2,56.4,0.62,0.22755013077593725,0.15693112467306017,3.1386224934612033,2.589363557105493,4.315605928509155,1.804707933740192,2.1185701830863124,2.9816913687881432,1.4908456843940716,64.5,44.3,33.5,1.0,11.0,52.6,-14.100000000000001,17.900000000000006,7.900000000000002,-21.300000000000004,0.06179296842941609,0.07712212058029072,0.9899185371174104,-1.5165905244239974,0.37926805915187733,-9.399999999999999,-319.0,0.0,0.0,1.0,1.0,0.0,0.0,0.0,0.0,0.0,0.0,0.0,0.0,0.0,0.0,71b47ab9,2022,1,55.0
21.0,3025.0,51.8,66.0,63.4,34.7,36.6,45.4,53.3,49.3,0.37,0.038677685950413224,0.05950413223140495,1.5471074380165288,3.302479338842975,7.497520661157024,0.3867768595041322,3.808264462809917,0.9818181818181817,0.8330578512396694,78.7,40.5,88.5,0.0,,,,,,,,,,,,,,1.0,0.0,0.0,0.0,1.0,0.0,0.0,0.0,0.0,0.0,0.0,0.0,0.0,0.0,7226539b,2022,0,
23.0,2684.0,73.3,82.7,86.7,29.2,21.9,62.3,68.4,65.4,0.74,0.1676602086438152,0.21460506706408347,4.023845007451564,4.795081967213115,9.355439642324889,2.514903129657228,2.514903129657228,3.4873323397913563,2.011922503725782,79.06174496644296,36.48926174496644,43.72261549925484,1.0,1.2000000000000028,-3.6000000000000085,12.0,4.400000000000006,-6.400000000000002,-20.800000000000004,-0.00044771249074032626,-0.009538827781990583,-0.6458194685083116,1.977369770308285,0.8725638074068192,-40.77738450074516,-207.0,0.0,0.0,1.0,0.0,0.0,0.0,0.0,0.0,1.0,0.0,0.0,0.0,0.0,0.0,745ca0a3,2022,1,57.0
20.0,2052.0,62.8,67.3,88.9,33.7,37.5,48.9,61.3,55.1,0.9,0.043859649122807015,0.19736842105263158,2.1491228070175437,2.719298245614035,8.289473684210526,1.9298245614035088,3.2017543859649122,2.675438596491228,1.1842105263157894,81.6,46.0,67.1,0.0,,,,,,,,,,,,,,1.0,0.0,0.0,0.0,1.0,0.0,0.0,0.0,0.0,0.0,0.0,0.0,0.0,0.0,74f2e748,2022,1,48.4
19.0,1491.0,37.6,31.1,18.3,64.2,58.8,49.5,56.0,52.8,0.74,0.03621730382293763,0.006036217303822938,0.30181086519114686,2.535211267605634,2.535211267605634,0.482897384305835,4.346076458752515,0.4225352112676056,0.12072434607645875,83.6,43.2,43.6,0.0,,,,,,,,,,,,,,1.0,0.0,0.0,0.0,0.0,0.0,0.0,0.0,0.0,0.0,0.0,1.0,0.0,0.0,75438a9a,2022,1,45.849999999999994
22.0,2311.0,43.0,69.9,61.7,49.1,54.8,56.5,58.5,57.5,0.2,0.015577672003461706,0.06231068801384682,1.2462137602769363,4.050194720900043,4.20597144093466,0.3894418000865426,3.4270878407615752,0.8567719601903938,0.4283859800951969,88.99999999999999,63.3,67.6,1.0,0.29999999999999716,-8.5,4.6000000000000085,6.5,-15.899999999999999,10.399999999999999,-0.015223149351774433,0.016109455980992615,0.291388298264616,-2.416205150441109,0.20009205149552578,-17.80000000000001,-611.0,1.0,0.0,0.0,0.0,0.0,0.0,0.0,0.0,0.0,1.0,0.0,0.0,0.0,0.0,75b86fb3,2022,1,63.849999999999994
21.0,2881.0,40.2,53.2,68.8,30.2,39.0,42.7,49.5,46.1,1.04,0.028115237764665044,0.04998264491496009,1.1870878167303018,2.9364803887539046,5.435612634501909,1.0308920513710516,3.9048941339812564,0.9059354390836515,0.5935439083651509,75.5,22.7,84.2,0.0,,,,,,,,,,,,,,1.0,0.0,0.0,0.0,1.0,0.0,0.0,0.0,0.0,0.0,0.0,0.0,0.0,0.0,774cf58b,2022,1,40.0
21.0,1336.0,30.3,67.0,47.9,53.3,55.6,46.0,51.2,48.6,1.36,0.26272455089820357,0.10778443113772455,2.627245508982036,2.155688622754491,5.456586826347305,2.964071856287425,2.964071856287425,3.3682634730538923,1.0104790419161676,77.1,20.0,39.1,1.0,-12.799999999999997,-55.3,-3.200000000000003,-16.0,14.699999999999996,45.7,-0.06872020830859532,0.056792929721293954,-0.04980831538057062,-3.7218834286102034,-0.9038014622313448,18.5,630.0,0.0,1.0,0.0,0.0,0.0,1.0,0.0,0.0,0.0,0.0,0.0,0.0,0.0,0.0,77e39b04,2022,0,
19.0,2935.0,17.7,20.0,16.6,61.8,54.8,32.6,34.7,33.7,0.16,0.03373083475298126,0.027597955706984666,1.0119250425894377,2.5758091993185688,1.625212947189097,0.3679727427597955,4.3236797274275975,0.5212947189097104,0.3679727427597955,84.8,46.3,85.8,1.0,6.100000000000001,-12.900000000000002,0.8000000000000007,2.200000000000001,21.699999999999996,11.299999999999997,-0.00489577468907882,-0.026479297511899452,-0.14687324067236474,-0.537877181566268,0.7217319460996847,51.699999999999996,1770.0,0.0,0.0,1.0,0.0,0.0,0.0,1.0,0.0,0.0,0.0,0.0,0.0,0.0,0.0,7909ffa4,2022,1,47.0
22.0,2785.0,76.1,63.1,91.3,46.8,23.4,61.5,71.8,66.6,0.38,0.1680430879712747,0.2488330341113106,4.330341113105924,5.1059245960502695,6.495511669658887,0.710951526032316,2.1005385996409336,2.3267504488330344,2.4560143626570916,84.8,40.5,81.4,1.0,4.299999999999997,21.499999999999993,-5.300000000000004,2.5999999999999943,-6.300000000000004,12.799999999999999,0.09440672433491107,0.05246939774767423,0.4030683858331967,-1.5226701485229324,0.44228823241390547,60.035454545454556,1685.0,0.0,0.0,1.0,1.0,0.0,0.0,0.0,0.0,0.0,0.0,0.0,0.0,0.0,0.0,79300479,2022,1,72.8
21.0,2933.0,66.2,42.8,50.2,16.3,34.0,50.1,53.2,51.6,0.95,0.4449369246505285,0.09205591544493692,2.424139106716672,1.0433003750426184,2.1479713603818618,0.7364473235594954,0.39890896692806,6.750767132628708,0.889873849301057,69.21104294478528,42.81411042944785,45.93559495397204,1.0,8.700000000000003,4.0,12.199999999999996,32.5,0.8000000000000007,-9.899999999999999,0.020031006073723767,0.024317290744286887,0.9154151929294672,0.023441767497838217,0.39670441199095907,-39.56440504602796,10.0,0.0,1.0,0.0,0.0,0.0,0.0,0.0,1.0,0.0,0.0,0.0,0.0,0.0,0.0,79443529,2022,1,51.45
21.0,1296.0,52.7,72.3,69.1,29.3,29.1,43.0,54.5,48.8,0.55,0.041666666666666664,0.08333333333333333,1.9444444444444444,3.611111111111111,5.277777777777778,0.8333333333333333,3.4027777777777777,1.5277777777777777,1.1805555555555556,77.4,42.4,37.9,1.0,-4.200000000000003,-4.099999999999994,-3.700000000000003,-2.0,-2.099999999999998,-7.299999999999997,0.004009762900976287,-0.007043235704323567,0.5887959088795909,-0.14481636448163648,-1.811483031148303,3.0,101.0,1.0,0.0,0.0,0.0,1.0,0.0,0.0,0.0,0.0,0.0,0.0,0.0,0.0,0.0,7b082ec2,2022,0,
23.0,1874.0,80.9,51.2,54.2,23.9,21.1,46.3,47.6,47.0,0.11,0.24012806830309497,0.13927427961579508,2.2572038420490927,1.9210245464247597,6.0512273212379935,1.4407684098185698,1.8729989327641408,4.32230522945571,1.0565635005336178,75.3,30.5,54.8,1.0,1.7999999999999972,0.7000000000000028,9.0,-13.799999999999997,0.6999999999999993,7.000000000000002,0.04193495706650546,-0.008100085149874037,-0.893558439147971,1.4775401388551588,0.3456434058262279,3.000000000000007,103.0,0.0,0.0,1.0,0.0,0.0,0.0,0.0,0.0,1.0,0.0,0.0,0.0,0.0,0.0,7b9a9e25,2022,1,56.2
18.0,1379.0,42.8,67.4,41.9,55.7,79.4,58.1,68.0,63.0,0.95,0.08484408992023205,0.07179115300942712,2.284263959390863,4.111675126903553,4.894851341551849,1.3705583756345177,4.829586656997824,1.5663524292965916,0.9137055837563451,90.16486486486488,77.70270270270271,31.51979010494752,1.0,9.0,3.799999999999997,-1.8999999999999915,10.799999999999997,2.9000000000000057,21.60000000000001,0.017400293084262025,0.004347356173457093,0.6356378145115957,-1.6996532379652196,0.4022663009252021,-38.680209895052485,-1023.0,0.0,0.0,1.0,0.0,0.0,0.0,0.0,0.0,0.0,0.0,1.0,0.0,0.0,0.0,7b9c2d84,2022,1,66.8
23.0,1453.0,76.2,59.8,57.0,21.7,29.7,49.6,52.2,50.9,0.24,0.3035099793530626,0.1486579490708878,2.4776324845147966,3.035099793530626,5.884377150722642,2.4776324845147966,3.7783895388850652,5.760495526496903,1.3626978664831382,78.0,19.0,42.5,1.0,-8.399999999999999,5.1000000000000085,-6.799999999999997,-24.200000000000003,2.0,12.399999999999999,0.12331340126787879,-0.021709724755104187,-1.290114148175411,-1.3234859726847112,-0.40501669718652034,-37.8,-1294.0,0.0,0.0,1.0,0.0,0.0,0.0,0.0,0.0,1.0,0.0,0.0,0.0,0.0,0.0,7c104bb7,2022,1,72.80000000000001
22.0,950.0,26.2,58.1,14.7,61.9,53.2,51.2,52.3,51.8,0.54,0.009473684210526316,0.009473684210526316,0.37894736842105264,2.7473684210526317,4.6421052631578945,0.7578947368421053,4.2631578947368425,0.28421052631578947,0.09473684210526316,92.3,62.900000000000006,27.8,1.0,4.5,-43.5,18.800000000000004,0.5,13.5,1.8000000000000043,-0.10068543451652387,0.009473684210526316,-0.006609547123622994,2.053365973072215,0.3789473684210525,-19.999999999999996,-684.0,1.0,0.0,0.0,0.0,0.0,0.0,0.0,0.0,0.0,1.0,0.0,0.0,0.0,0.0,7c3ed041,2022,1,61.5
23.0,2723.0,89.4,86.3,95.4,44.1,57.6,82.3,82.5,82.4,0.11,0.5585751009915534,0.34373852368710983,4.428938670583915,3.56959236136614,5.651854572163055,1.9831068674256334,1.6195372750642674,7.073081160484759,2.082262210796915,80.1,43.8,89.0,1.0,10.100000000000009,-5.599999999999994,17.599999999999994,-1.7999999999999972,18.700000000000003,18.5,0.23035099951163795,0.006000680135312797,-1.7549936761391294,-0.5796464849193974,-0.09319833630827823,27.200000000000003,831.0,0.0,1.0,0.0,0.0,0.0,0.0,0.0,0.0,0.0,0.0,0.0,0.0,1.0,0.0,7c56da38,2022,1,69.2
18.0,2477.0,90.2,57.1,80.3,30.1,39.3,47.2,58.6,52.9,1.8,0.156237383932176,0.0944691158659669,2.143722244650787,2.5433992733144932,4.905127169963666,1.1990310859911182,4.541784416633024,2.7250706499798145,0.9083568833266048,80.2,50.8,72.4,0.0,,,,,,,,,,,,,,1.0,0.0,0.0,0.0,1.0,0.0,0.0,0.0,0.0,0.0,0.0,0.0,0.0,0.0,7cd520e8,2022,0,
23.0,2757.0,79.9,82.3,99.5,26.5,31.7,49.7,67.9,58.8,1.55,0.06855277475516866,0.41458106637649617,4.1784548422198045,4.99455930359086,4.99455930359086,1.0119695321001088,3.558215451577802,2.513601741022851,2.6115342763873777,74.2,48.6,90.1,0.0,,,,,,,,,,,,,,1.0,0.0,0.0,0.0,1.0,0.0,0.0,0.0,0.0,0.0,0.0,0.0,0.0,0.0,7d450ed3,2022,1,56.8
20.0,1901.0,60.0,65.9,58.9,54.5,56.5,59.9,61.2,60.6,0.47,0.15623356128353497,0.12782745923198316,2.4618621778011573,4.07154129405576,6.722777485533929,1.2309310889005787,4.166228300894266,1.7517096265123617,1.0415570752235666,86.8,47.4,55.6,1.0,7.899999999999999,27.200000000000003,13.900000000000006,25.0,-11.5,-0.8999999999999986,0.09599259742811328,0.11577926646089882,1.3172838645481455,2.2047051963773034,-0.26580810353460116,11.899999999999999,407.0,0.0,0.0,1.0,0.0,0.0,0.0,0.0,0.0,1.0,0.0,0.0,0.0,0.0,0.0,7d9397f8,2022,0,
23.0,1538.0,51.3,26.3,32.5,51.6,74.2,53.6,62.2,57.9,0.54,0.06436931079323797,0.02340702210663199,0.4681404421326398,2.516254876462939,1.8140442132639791,0.11703511053315994,4.388816644993498,0.4681404421326398,0.11703511053315994,84.5,60.3,50.3,0.0,,,,,,,,,,,,,,1.0,0.0,0.0,0.0,0.0,0.0,0.0,0.0,0.0,0.0,0.0,1.0,0.0,0.0,7e12a98d,2022,0,
23.0,2718.0,47.9,38.4,18.8,73.9,58.0,53.6,58.9,56.2,0.02,0.049668874172185434,0.023178807947019868,0.5298013245033113,2.384105960264901,1.423841059602649,0.26490066225165565,4.933774834437086,0.5960264900662252,0.09933774834437087,88.7,52.3,79.5,1.0,-0.19999999999999574,-3.1000000000000014,7.299999999999997,4.4,8.600000000000009,-7.099999999999994,0.002018311630822091,0.023178807947019868,0.2915485117964946,-0.12480222299165944,0.18026744272684647,37.83891462607544,1207.0,1.0,0.0,0.0,0.0,0.0,0.0,0.0,0.0,0.0,0.0,0.0,1.0,0.0,0.0,7edfbb8a,2022,1,53.400000000000006
20.0,1293.0,30.1,55.9,30.8,61.6,61.4,55.7,54.9,55.3,0.13,0.02088167053364269,0.013921113689095129,0.5568445475638051,3.201856148491879,2.9234338747099766,0.5568445475638051,4.94199535962877,0.5568445475638051,0.2088167053364269,89.5,52.1,37.8,1.0,3.5,-21.5,-11.899999999999999,-7.199999999999999,5.0,23.9,-0.01567892526865927,-0.010452616845772847,-0.2962360211565741,-2.8653271273211676,-1.3072840004586967,-5.400000000000006,-184.0,1.0,0.0,0.0,0.0,0.0,0.0,0.0,0.0,0.0,1.0,0.0,0.0,0.0,0.0,7ef972c3,2022,1,44.7
23.0,2324.0,11.3,29.7,14.9,56.9,79.8,36.9,39.4,38.2,0.05,0.011617900172117038,0.027108433734939756,1.3166953528399312,3.059380378657487,1.7814113597246126,0.96815834767642,5.7702237521514625,0.0,0.46471600688468157,83.19999999999999,56.8,75.9,0.0,,,,,,,,,,,,,,0.0,0.0,1.0,0.0,0.0,0.0,1.0,0.0,0.0,0.0,0.0,0.0,0.0,0.0,7f73bdf4,2022,1,40.55
22.0,2190.0,41.7,64.7,51.2,31.9,64.4,52.0,54.8,53.4,0.06,0.06164383561643836,0.13561643835616438,1.808219178082192,5.506849315068494,5.424657534246576,1.3972602739726028,4.767123287671233,0.7397260273972603,0.863013698630137,76.8,55.2,64.0,1.0,-1.0,8.600000000000001,8.700000000000003,1.3000000000000043,-24.200000000000003,4.1000000000000085,0.014654625731300872,0.0604337025399444,-0.22797991694043285,0.2871705868048773,0.43201464747364504,-20.0,-683.0,0.0,0.0,1.0,0.0,0.0,0.0,0.0,0.0,1.0,0.0,0.0,0.0,0.0,0.0,822d51d7,2022,1,57.95
21.0,2462.0,18.0,40.2,16.8,59.0,45.4,36.7,45.2,41.0,0.35,0.04021121039805037,0.036555645816409424,1.462225832656377,2.9610073111291633,2.851340373679935,0.9870024370430545,3.874898456539399,0.6214459788789602,0.5483346872461414,91.7,50.0,72.0,0.0,,,,,,,,,,,,,,0.0,0.0,1.0,0.0,0.0,0.0,0.0,0.0,0.0,0.0,1.0,0.0,0.0,0.0,82464ce3,2022,1,36.0
23.0,2668.0,62.8,74.6,77.6,47.4,58.3,65.6,59.2,62.4,0.42,0.13155922038980508,0.17541229385307344,3.103448275862069,5.970764617691154,7.117691154422788,1.2818590704647677,5.565967016491754,1.4842578710644676,1.5517241379310345,86.79023569023568,41.327609427609424,40.97901049475262,1.0,-3.3999999999999986,10.799999999999997,-0.20000000000000284,6.699999999999989,-15.300000000000004,-5.900000000000006,0.039198901119565616,0.06765858803779407,0.17870483230448597,-2.220963349568091,-0.1865900003248102,-10.320989505247375,914.0,0.0,0.0,1.0,0.0,0.0,0.0,0.0,0.0,0.0,0.0,1.0,0.0,0.0,0.0,82518f62,2022,1,63.300000000000004
22.0,1410.0,69.1,51.2,87.6,17.6,15.4,33.0,49.9,41.4,3.78,0.05106382978723405,0.1021276595744681,2.3617021276595747,2.3617021276595747,4.723404255319149,1.5957446808510638,3.25531914893617,1.2765957446808511,1.148936170212766,65.5,30.6,41.2,0.0,,,,,,,,,,,,,,1.0,0.0,0.0,0.0,1.0,0.0,0.0,0.0,0.0,0.0,0.0,0.0,0.0,0.0,82598b71,2022,1,39.55
19.0,1359.0,51.0,40.5,30.6,55.6,67.0,47.1,57.5,52.3,0.77,0.16556291390728478,0.08609271523178809,2.052980132450331,3.178807947019868,3.178807947019868,0.728476821192053,5.695364238410596,1.3245033112582782,0.9271523178807948,83.8,58.1,39.7,0.0,,,,,,,,,,,,,,0.0,0.0,1.0,0.0,0.0,0.0,0.0,0.0,0.0,0.0,1.0,0.0,0.0,0.0,828657ff,2022,1,57.0
22.0,2889.0,61.6,58.7,37.3,57.5,62.2,57.8,57.1,57.4,0.34,0.0778816199376947,0.018691588785046728,0.778816199376947,2.7414330218068534,4.1433021806853585,0.37383177570093457,4.859813084112149,1.2461059190031152,0.3115264797507788,87.4,69.7,84.5,1.0,-8.800000000000004,3.3000000000000043,-7.799999999999997,-16.700000000000003,-1.2000000000000028,-15.799999999999997,0.03284408866163132,-0.04886470812904835,-0.27205953039786535,-0.6231698793646832,-0.6363818238979002,14.400000000000006,491.0,1.0,0.0,0.0,0.0,0.0,0.0,0.0,0.0,0.0,1.0,0.0,0.0,0.0,0.0,82efe6fa,2022,0,
21.0,1633.0,46.7,69.2,52.6,42.6,35.2,52.1,56.2,54.2,0.74,0.13227189222290262,0.08266993263931414,2.5352112676056335,4.353949785670545,6.448254745866503,1.6533986527862827,4.133496631965707,1.4880587875076545,0.9369259032455602,86.7,38.7,47.7,0.0,,,,,,,,,,,,,,0.0,0.0,1.0,0.0,0.0,0.0,0.0,0.0,1.0,0.0,0.0,0.0,0.0,0.0,83299cc0,2022,1,57.8
22.0,2123.0,61.2,56.9,57.0,46.3,66.0,56.8,57.6,57.2,0.18,0.19076778144135656,0.11446066886481396,2.7979274611398965,4.620819594912859,4.408855393311352,0.7630711257654262,4.112105511069242,2.204427696655676,1.1446066886481394,81.1,49.1,62.10000000000001,1.0,11.5,12.5,17.699999999999996,-0.8999999999999986,8.299999999999997,28.200000000000003,0.0858350460153476,-0.006615564319042547,0.3764027974627666,1.0187208641633703,1.7149899985003034,29.500000000000007,1008.0,0.0,0.0,1.0,1.0,0.0,0.0,0.0,0.0,0.0,0.0,0.0,0.0,0.0,0.0,83d074ff,2022,1,64.75
23.0,2298.0,50.5,40.1,37.4,44.7,70.8,46.6,57.0,51.8,0.26,0.11749347258485639,0.08224543080939947,2.0757180156657964,3.7597911227154044,2.5456919060052217,0.6657963446475196,4.151436031331593,1.919060052219321,0.7832898172323759,77.0,57.6,67.2,0.0,,,,,,,,,,,,,,0.0,0.0,1.0,0.0,0.0,0.0,0.0,0.0,0.0,0.0,1.0,0.0,0.0,0.0,8449d35e,2022,1,42.8
20.0,1411.0,59.5,40.0,59.1,15.6,15.0,38.1,39.6,38.8,0.16,0.10205527994330263,0.16583982990786678,3.0616583982990786,2.5513819985825656,3.7632884479092845,2.2324592487597448,1.5946137491141035,1.785967399007796,1.4670446491849753,72.1,22.4,41.3,1.0,-16.400000000000006,29.4,-29.200000000000003,-18.4,-45.5,-18.700000000000003,0.023608370276107696,-0.012448601153939892,-0.36147947808760916,-2.298518208192142,-1.9414864641749623,4.399999999999999,149.0,0.0,0.0,1.0,0.0,0.0,0.0,0.0,0.0,1.0,0.0,0.0,0.0,0.0,0.0,8455ad90,2022,0,
23.0,3073.0,40.3,40.5,30.8,54.1,64.5,44.8,55.4,50.1,0.76,0.08493328994467945,0.04393101204035145,2.0501138952164006,2.342987308818744,4.422388545395379,0.7907582167263261,5.008135372600065,1.2593556784900748,0.9079075821672632,84.1,42.5,89.9,1.0,-6.799999999999997,-2.5,-0.20000000000000284,-0.3999999999999986,-5.799999999999997,-15.900000000000006,-0.002604703976293185,0.008368702009956312,0.3814208860978596,-0.009222396853860282,-0.5019974936128668,-6.299999999999997,-217.0,0.0,0.0,1.0,0.0,0.0,0.0,0.0,0.0,0.0,0.0,1.0,0.0,0.0,0.0,8577e60a,2022,1,56.0
22.0,1020.0,55.0,45.7,55.3,21.1,47.6,44.4,45.0,44.7,0.69,0.09705882352941177,0.10588235294117646,2.911764705882353,2.1176470588235294,5.735294117647059,1.852941176470588,5.029411764705882,2.1176470588235294,1.3235294117647058,74.9,29.6,29.8,0.0,,,,,,,,,,,,,,0.0,0.0,1.0,0.0,0.0,0.0,0.0,0.0,1.0,0.0,0.0,0.0,0.0,0.0,85dace26,2022,0,
21.0,1944.0,42.8,46.3,56.0,56.8,57.4,54.2,52.5,53.4,0.38,0.023148148148148147,0.023148148148148147,1.0648148148148147,2.685185185185185,3.1018518518518516,0.13888888888888887,5.3240740740740735,0.7407407407407407,0.27777777777777773,88.0,44.8,56.8,1.0,-5.399999999999999,-33.400000000000006,-17.6,0.0,-2.3000000000000043,5.600000000000001,-0.08826863314483674,-0.0635093484130623,0.07444342554383798,-2.592783636456264,-0.9049111009221051,35.5,1217.0,1.0,0.0,0.0,0.0,0.0,0.0,0.0,0.0,0.0,1.0,0.0,0.0,0.0,0.0,85f7d1be,2022,1,57.9
20.0,970.0,40.2,11.1,1.6,42.4,28.3,25.7,30.5,28.1,0.2,0.32474226804123707,0.018556701030927835,0.556701030927835,0.6494845360824741,1.0206185567010309,0.8350515463917525,1.11340206185567,3.34020618556701,0.37113402061855666,73.86666666666667,29.83333333333333,26.273608247422683,0.0,,,,,,,,,,,,,,0.0,1.0,0.0,0.0,0.0,0.0,0.0,1.0,0.0,0.0,0.0,0.0,0.0,0.0,86383d0e,2022,1,49.0
22.0,1684.0,53.1,63.5,69.8,39.8,47.0,56.6,59.6,58.1,0.59,0.27790973871733965,0.19774346793349168,2.8325415676959618,1.9774346793349167,5.771971496437054,0.9085510688836104,1.2826603325415675,5.344418052256532,0.9619952494061758,74.1,24.3,55.0,0.0,,,,,,,,,,,,,,0.0,1.0,0.0,0.0,0.0,1.0,0.0,0.0,0.0,0.0,0.0,0.0,0.0,0.0,864163f3,2022,1,59.5
20.0,2183.0,36.9,63.9,18.0,41.5,72.0,47.4,58.7,53.0,0.44,0.08245533669262482,0.03298213467704993,1.607879065506184,4.535043518094366,4.699954191479615,1.9377004122766834,5.565735226752175,1.19560238204306,0.45350435180943655,88.0,55.6,71.3,0.0,,,,,,,,,,,,,,0.0,0.0,1.0,0.0,0.0,0.0,0.0,0.0,0.0,0.0,1.0,0.0,0.0,0.0,86574238,2022,0,
22.0,2146.0,65.8,42.1,39.3,38.7,60.5,52.5,47.5,50.0,0.56,0.44874184529356936,0.1048462255358807,2.2227399813606707,1.342031686859273,2.4743709226467847,0.7129543336439887,1.2581547064305685,4.40354147250699,1.0904007455731592,74.6,55.7,62.7,1.0,-3.6000000000000014,-1.4000000000000057,6.600000000000001,2.6999999999999957,16.6,-16.900000000000006,0.029363147068717288,-0.07488750227477019,0.22569856124232746,-0.32148706551889594,0.2769429294628232,23.200000000000003,794.0,0.0,1.0,0.0,0.0,0.0,0.0,0.0,0.0,0.0,0.0,0.0,0.0,1.0,0.0,8790f988,2022,1,65.6
21.0,992.0,14.9,19.8,19.5,43.4,86.2,33.7,58.7,46.2,1.5,0.009072580645161291,0.036290322580645164,1.4516129032258065,2.721774193548387,1.7237903225806452,0.2721774193548387,6.622983870967742,0.5443548387096774,0.8165322580645161,80.4,54.2,29.0,0.0,,,,,,,,,,,,,,0.0,0.0,1.0,0.0,0.0,0.0,0.0,0.0,0.0,0.0,1.0,0.0,0.0,0.0,881cd6be,2022,0,
23.0,1446.0,53.6,32.8,24.4,9.4,55.5,39.4,37.0,38.2,1.35,0.2800829875518672,0.15560165975103735,1.3692946058091287,0.7468879668049793,3.236514522821577,0.7468879668049793,1.1825726141078838,4.1078838174273855,0.8091286307053942,65.1,38.4,42.3,1.0,-1.6999999999999957,-17.1,2.3999999999999986,-23.700000000000003,-2.799999999999999,-8.0,0.037435928728337786,0.10045460092750794,-0.3954112765438125,0.47916158164510625,-0.1354649743714913,18.4,630.0,0.0,1.0,0.0,0.0,0.0,1.0,0.0,0.0,0.0,0.0,0.0,0.0,0.0,0.0,88c4d190,2022,1,37.8
21.0,3115.0,63.0,67.0,48.9,66.3,59.2,61.7,63.2,62.4,0.25,0.08378812199036917,0.049117174959871585,0.8667736757624397,3.7271268057784908,5.056179775280898,0.2600321027287319,4.507223113964686,0.8667736757624397,0.4044943820224719,87.8,57.8,91.1,1.0,4.600000000000001,14.399999999999999,-8.200000000000003,21.5,12.899999999999999,1.6000000000000014,0.036419700937737595,0.042350257666638504,0.46075863816845475,-1.101714961561207,-0.1976852242966971,52.199999999999996,1785.0,1.0,0.0,0.0,0.0,0.0,0.0,0.0,0.0,0.0,1.0,0.0,0.0,0.0,0.0,88f130ed,2022,1,55.099999999999994
21.0,1263.0,77.3,72.8,84.8,42.0,33.9,70.1,71.6,70.8,0.34,0.4418052256532067,0.24228028503562946,3.135391923990499,2.992874109263658,6.555819477434679,1.852731591448931,0.997624703087886,4.346793349168646,1.3539192399049882,74.3,47.1,36.9,1.0,7.399999999999999,23.0,-2.9000000000000057,9.899999999999991,-11.100000000000001,-11.899999999999999,0.21852278290511506,-0.0039029210712407947,0.5018041377309568,0.37261337056444965,-1.3010190205073346,-9.100000000000001,-309.0,0.0,1.0,0.0,0.0,0.0,0.0,0.0,0.0,0.0,0.0,0.0,0.0,1.0,0.0,8aafd64f,2022,1,70.0
22.0,1236.0,48.4,43.5,21.4,43.1,59.3,47.8,52.6,50.2,1.24,0.08009708737864078,0.0,0.29126213592233013,2.9854368932038837,3.058252427184466,0.14563106796116507,4.150485436893204,0.8737864077669903,0.07281553398058253,84.2,51.3,36.1,0.0,,,,,,,,,,,,,,1.0,0.0,0.0,0.0,0.0,0.0,0.0,0.0,0.0,0.0,0.0,1.0,0.0,0.0,8abd174d,2022,1,50.8
20.0,2607.0,81.1,64.1,80.6,25.4,45.3,49.4,60.3,54.8,2.05,0.11737629459148446,0.08975834292289989,1.8296892980437285,3.4177215189873418,5.074798619102417,1.4154200230149598,3.1070195627157653,2.8308400460299197,0.8285385500575374,76.9,62.4,76.2,1.0,4.299999999999997,16.299999999999997,0.09999999999999432,-1.2000000000000028,5.599999999999998,7.5,0.05912386740701845,-0.04616398717418749,-0.06351458545141697,-1.381512060509233,0.2138380238417108,22.0,753.0,1.0,0.0,0.0,0.0,1.0,0.0,0.0,0.0,0.0,0.0,0.0,0.0,0.0,0.0,8b609c34,2022,1,64.1
22.0,2693.0,60.8,20.3,17.1,53.8,67.7,49.4,58.3,53.8,2.11,0.0735239509840327,0.026735982176011884,0.33419977720014854,1.5038989974006685,0.8020794652803566,0.16709988860007427,4.812476791682139,1.2699591533605645,0.06683995544002971,81.6,63.8,88.0,1.0,-0.6000000000000014,9.0,-19.599999999999998,-2.5,8.399999999999999,0.0,-0.006004767719943738,0.026735982176011884,0.06910404818689375,-0.9873167055591133,-2.339989073291526,43.6,1335.0,1.0,0.0,0.0,0.0,0.0,0.0,0.0,0.0,0.0,0.0,0.0,1.0,0.0,0.0,8b6e0db2,2022,0,
19.0,1868.0,23.7,44.7,18.4,60.5,80.5,44.8,64.2,54.5,0.67,0.05781584582441113,0.04336188436830835,1.493576017130621,3.7580299785867237,2.5535331905781584,0.9635974304068522,5.444325481798715,1.6862955032119913,0.5299785867237687,84.4,50.0,54.6,1.0,15.5,14.299999999999999,11.300000000000004,0.5,0.3999999999999986,9.900000000000006,0.04656584582441113,0.03211188436830835,0.818576017130621,0.6410331905781586,-0.2919700214132761,31.200000000000003,1068.0,0.0,0.0,1.0,0.0,0.0,0.0,0.0,0.0,0.0,0.0,1.0,0.0,0.0,0.0,8bc8829a,2022,1,64.7
22.0,2103.0,49.4,53.8,51.6,30.0,34.8,39.8,45.4,42.6,1.27,0.034236804564907276,0.05563480741797432,0.9843081312410842,3.637660485021398,3.166904422253923,0.8987161198288159,3.55206847360913,1.0699001426533523,0.42796005706134094,70.7,50.9,61.5,0.0,,,,,,,,,,,,,,1.0,0.0,0.0,0.0,1.0,0.0,0.0,0.0,0.0,0.0,0.0,0.0,0.0,0.0,8c63fae5,2022,1,54.6
22.0,1983.0,70.3,43.0,37.5,33.3,44.2,52.0,56.3,54.2,1.73,0.6217851739788199,0.0907715582450832,2.5869894099848714,0.4084720121028744,3.9939485627836606,0.9077155824508321,1.0892586989409985,7.08018154311649,0.7261724659606656,70.8,41.1,58.0,1.0,-9.699999999999996,-12.400000000000006,8.399999999999999,-21.5,-4.600000000000001,-9.299999999999997,0.015300749312577078,-0.052267221157332566,-0.8459412956731072,0.6754488806476147,-0.16368310550678866,12.0,410.0,0.0,1.0,0.0,0.0,0.0,0.0,0.0,1.0,0.0,0.0,0.0,0.0,0.0,0.0,8c90fd7a,2022,1,55.2
21.0,2140.0,58.0,60.2,45.4,44.8,31.1,51.9,52.3,52.1,0.02,0.4037383177570093,0.17242990654205606,2.5233644859813085,1.6401869158878504,4.079439252336448,1.7663551401869158,0.7570093457943925,5.845794392523365,0.7990654205607476,73.0,36.9,62.6,1.0,-3.1999999999999957,-16.599999999999994,15.0,13.5,-1.6000000000000014,2.700000000000003,-0.21164629762760612,0.10319913731128683,0.6772106398274622,1.3102084831056793,0.2940330697340041,-5.800000000000004,-200.0,0.0,1.0,0.0,0.0,0.0,0.0,0.0,1.0,0.0,0.0,0.0,0.0,0.0,0.0,8e92be30,2022,1,65.0
21.0,1616.0,79.4,48.3,72.4,26.6,31.8,51.0,61.9,56.4,0.55,0.24504950495049507,0.22834158415841582,2.896039603960396,2.172029702970297,5.346534653465347,1.2252475247524752,2.004950495049505,4.121287128712871,1.61509900990099,73.9,42.0,47.29999999999999,1.0,17.1,0.5,12.599999999999994,56.7,-1.7999999999999972,-4.199999999999999,-0.062467579331965034,0.10533475044543178,1.5634655720697355,0.9387897787500856,0.3269271972755361,21.59999999999999,738.0,0.0,0.0,1.0,1.0,0.0,0.0,0.0,0.0,0.0,0.0,0.0,0.0,0.0,0.0,8eec784d,2022,1,49.5
23.0,1040.0,24.3,51.3,19.8,37.1,75.1,41.7,56.7,49.2,0.84,0.04326923076923077,0.06057692307692308,1.125,3.980769230769231,4.326923076923077,1.0384615384615385,5.019230769230769,1.125,0.34615384615384615,77.2,50.0,34.0,1.0,-6.199999999999996,-26.2,1.1999999999999957,-19.599999999999998,3.3000000000000043,-6.300000000000011,-0.06297600913937548,-0.07308644325971059,-0.6229055597867479,-0.2313404417364815,0.1765041888804264,-51.8,-1586.0,0.0,0.0,1.0,0.0,0.0,0.0,0.0,0.0,0.0,0.0,1.0,0.0,0.0,0.0,8f056768,2022,1,61.2
22.0,2770.0,53.6,38.1,51.2,33.2,39.6,39.6,39.0,39.3,0.06,0.04548736462093862,0.02924187725631769,0.7472924187725631,2.2418772563176894,2.7617328519855593,0.3898916967509025,4.971119133574007,1.0722021660649819,0.3249097472924188,82.1,54.1,81.0,1.0,-5.200000000000003,13.200000000000003,-9.399999999999999,7.300000000000004,-6.099999999999994,-7.199999999999996,0.02576493949310809,0.0029453104192103084,0.2213610820304156,-1.1170107564877791,-0.7164865128568909,41.0,1401.0,1.0,0.0,0.0,0.0,0.0,0.0,0.0,0.0,0.0,1.0,0.0,0.0,0.0,0.0,8f325097,2022,1,39.45
20.0,1523.0,48.7,81.7,86.9,55.8,45.2,63.3,69.8,66.6,0.84,0.20682862770847013,0.18319107025607356,3.8411030860144457,2.3637557452396587,9.159553512803678,1.5955351280367698,2.2455679579776757,7.091267235718976,1.5364412344057783,82.9,27.9,42.7,1.0,0.19999999999998863,3.9000000000000057,1.2000000000000028,-4.099999999999994,2.799999999999997,-7.099999999999994,0.023715708074695974,-0.15556783106640865,0.17884469333896247,0.4616898301994059,-0.9322768081682762,14.000000000000004,540.0,0.0,1.0,0.0,0.0,0.0,1.0,0.0,0.0,0.0,0.0,0.0,0.0,0.0,0.0,8f5e92a6,2022,1,70.6
22.0,1073.0,72.1,64.0,72.2,15.2,25.6,51.3,62.1,56.7,0.21,0.24324324324324323,0.26001863932898417,3.3550792171481825,3.3550792171481825,4.948741845293569,1.6775396085740912,3.0195712954333644,3.1873252562907735,2.0130475302889095,72.7,8.3,31.4,0.0,,,,,,,,,,,,,,0.0,0.0,1.0,1.0,0.0,0.0,0.0,0.0,0.0,0.0,0.0,0.0,0.0,0.0,8f7e6783,2022,0,
23.0,1346.0,45.2,51.5,78.0,29.1,19.6,35.5,47.7,41.6,0.74,0.026745913818722142,0.10029717682020803,1.4710252600297176,3.1426448736998513,4.145616641901932,0.6686478454680534,2.540861812778603,1.2704309063893016,0.8023774145616642,71.3,40.0,39.4,1.0,-2.3999999999999986,-5.899999999999999,1.6000000000000014,6.900000000000006,-4.899999999999999,-17.9,0.0036837741646542355,0.008048618203936403,0.08729688078564335,-0.06322384496546096,1.06705230483374,-6.200000000000003,-215.0,1.0,0.0,0.0,0.0,1.0,0.0,0.0,0.0,0.0,0.0,0.0,0.0,0.0,0.0,91d0fabf,2022,1,37.6
23.0,1326.0,43.6,63.5,36.7,56.0,63.7,53.7,59.4,56.6,0.6,0.07466063348416291,0.06108597285067874,1.4253393665158371,6.108597285067874,4.886877828054299,1.2217194570135748,3.1900452488687785,1.2895927601809956,0.47511312217194573,83.2,55.1,43.3,1.0,-7.299999999999997,-25.300000000000004,-1.7999999999999972,-32.3,14.0,-10.899999999999991,-0.10959133501977408,-0.08064631061388819,-1.740014964192824,-0.9241457939929445,0.7227705134143312,-19.0,-579.0,0.0,0.0,1.0,0.0,0.0,0.0,0.0,0.0,0.0,0.0,1.0,0.0,0.0,0.0,92432bc6,2022,1,60.0
22.0,2564.0,48.8,38.5,52.3,29.8,42.7,41.7,40.9,41.3,0.63,0.09477379095163808,0.09828393135725429,2.106084243369735,2.948517940717629,3.790951638065523,0.8775351014040562,2.7028081123244934,1.2987519500780031,1.2285491419656787,74.0,43.1,75.0,1.0,-11.200000000000003,-24.900000000000006,0.7000000000000028,1.5999999999999943,-17.400000000000002,-14.799999999999997,-0.1287683256790314,-0.023206349420283504,-0.2751252598700056,0.43781988860548005,-0.4532099210534293,20.799999999999997,712.0,0.0,0.0,1.0,0.0,0.0,0.0,1.0,0.0,0.0,0.0,0.0,0.0,0.0,0.0,92d83c27,2022,1,49.05
21.0,1397.0,35.1,47.2,65.4,26.1,48.2,43.5,47.6,45.6,0.93,0.019327129563350035,0.05153901216893343,1.0307802433786686,3.2211882605583395,2.6413743736578383,0.5798138869005011,3.543307086614173,0.8375089477451683,0.5798138869005011,69.7,48.6,40.8,0.0,,,,,,,,,,,,,,1.0,0.0,0.0,0.0,1.0,0.0,0.0,0.0,0.0,0.0,0.0,0.0,0.0,0.0,9319781b,2022,1,42.2
20.0,1543.0,90.4,72.5,96.8,28.8,57.2,69.0,80.0,74.5,0.73,0.24497731691510044,0.3149708360337006,4.316267012313674,4.08295528191834,5.832793259883344,1.2248865845755021,2.3331173039533373,4.141283214517174,2.4497731691510043,77.2,45.8,50.4,0.0,,,,,,,,,,,,,,0.0,0.0,1.0,1.0,0.0,0.0,0.0,0.0,0.0,0.0,0.0,0.0,0.0,0.0,934e1968,2022,1,70.19999999999999
22.0,1239.0,35.8,55.5,51.5,54.9,41.9,45.4,48.2,46.8,1.64,0.21065375302663436,0.17433414043583534,1.8159806295399514,1.8886198547215496,9.73365617433414,1.307506053268765,0.8716707021791767,4.067796610169491,1.0169491525423728,78.0,45.49999999999999,36.2,1.0,-6.0,-29.10000000000001,-8.200000000000003,-21.0,32.7,22.799999999999997,0.09663348275636409,0.037509816111510996,-0.9965193704600486,1.372169687847654,-0.999893658791964,1.6000000000000014,55.0,0.0,1.0,0.0,0.0,0.0,1.0,0.0,0.0,0.0,0.0,0.0,0.0,0.0,0.0,94816803,2022,1,55.05
23.0,2819.0,48.8,35.9,44.8,31.8,54.8,41.6,40.6,41.1,0.04,0.13728272437034408,0.08939340191557289,2.330613692798865,3.448031216743526,2.8095069173465768,0.5746718694572543,3.5438098616530684,1.724015608371763,1.0854913089748137,75.6,41.5,82.4,1.0,-2.5,-14.100000000000001,-2.3999999999999986,13.399999999999999,2.900000000000002,-11.700000000000003,-0.05377418619876159,0.012157629557849325,0.8671990586525236,-1.3368345460680575,0.6025027614589735,17.700000000000003,605.0,0.0,0.0,1.0,0.0,0.0,0.0,1.0,0.0,0.0,0.0,0.0,0.0,0.0,0.0,957e4c87,2022,1,47.0
22.0,2363.0,94.0,72.0,94.5,30.8,17.1,63.3,78.5,70.9,1.63,0.3046974185357596,0.2894625476089716,4.227676682183665,4.646635632670334,6.855691917054592,0.837917900973339,2.399492170969107,5.903512484130343,2.2090562843842574,77.89999999999999,22.0,69.1,1.0,-2.8999999999999915,17.099999999999994,-12.900000000000006,2.9000000000000057,-10.2,-23.299999999999997,0.13341714171915062,0.03409922580966368,-0.8484478852903834,-1.3969032386547502,-1.0211844365338179,-15.400000000000006,-527.0,0.0,0.0,1.0,1.0,0.0,0.0,0.0,0.0,0.0,0.0,0.0,0.0,0.0,0.0,9674002f,2022,0,
22.0,1166.0,23.6,51.5,25.4,42.5,30.3,37.1,33.3,35.2,0.29,0.054030874785591765,0.015437392795883362,1.5437392795883362,4.631217838765009,4.245283018867925,0.4631217838765008,2.6243567753001713,1.5437392795883362,0.38593481989708406,77.7,29.6,34.1,0.0,,,,,,,,,,,,,,0.0,0.0,1.0,1.0,0.0,0.0,0.0,0.0,0.0,0.0,0.0,0.0,0.0,0.0,968a1c2f,2022,0,
23.0,1430.0,90.8,90.5,97.8,46.2,15.9,50.3,63.0,56.6,0.08,0.20769230769230768,0.3776223776223776,5.0979020979020975,5.349650349650349,6.86013986013986,0.5034965034965034,3.0839160839160837,3.0839160839160837,3.1468531468531467,82.2,32.0,41.8,1.0,1.2000000000000028,4.099999999999994,8.099999999999994,6.599999999999994,17.900000000000002,-6.499999999999998,0.11125143513203214,0.10896566120446716,1.5158125456632918,1.2114601816094357,0.14873186514977554,-34.60000000000001,-1183.0,1.0,0.0,0.0,0.0,0.0,0.0,0.0,0.0,0.0,1.0,0.0,0.0,0.0,0.0,970b8574,2022,1,50.1
19.0,1975.0,36.9,40.0,8.4,12.2,50.4,30.7,35.3,33.0,0.11,0.2779746835443038,0.04556962025316456,1.6860759493670887,0.8202531645569621,3.6,1.4126582278481015,1.3670886075949369,4.921518987341773,0.36455696202531646,61.9,34.9,57.7,0.0,,,,,,,,,,,,,,0.0,1.0,0.0,0.0,0.0,0.0,0.0,0.0,0.0,0.0,0.0,0.0,0.0,1.0,97220da2,2022,0,
20.0,3240.0,46.5,79.8,37.8,57.0,43.8,53.8,59.9,56.8,1.06,0.05555555555555555,0.013888888888888888,0.5833333333333334,4.611111111111111,6.75,0.75,4.027777777777778,1.0277777777777777,0.16666666666666666,93.7,61.6,94.7,1.0,2.8999999999999986,3.8999999999999986,15.599999999999994,22.4,-1.7999999999999972,-11.0,0.015555555555555552,0.013888888888888888,0.38333333333333336,1.3499999999999996,0.46111111111111036,42.1,1440.0,1.0,0.0,0.0,0.0,0.0,0.0,0.0,0.0,0.0,1.0,0.0,0.0,0.0,0.0,972aeb2a,2022,1,51.65
19.0,2252.0,17.8,46.8,16.1,69.9,48.0,41.1,43.6,42.4,0.07,0.035968028419182944,0.02797513321492007,1.358792184724689,4.076376554174067,3.9564831261101245,0.5595026642984015,4.635879218472469,0.3596802841918295,0.47957371225577267,89.83200000000001,29.052,37.13374777975133,0.0,,,,,,,,,,,,,,0.0,0.0,1.0,0.0,0.0,0.0,1.0,0.0,0.0,0.0,0.0,0.0,0.0,0.0,9823be92,2022,1,42.5
22.0,1971.0,38.4,79.6,74.0,19.6,46.5,52.7,61.6,57.2,0.71,0.28310502283105027,0.16438356164383564,3.6986301369863015,2.4200913242009134,6.392694063926941,2.328767123287671,1.9178082191780823,5.525114155251142,1.1415525114155252,71.4,34.0,57.6,0.0,,,,,,,,,,,,,,0.0,1.0,0.0,0.0,0.0,1.0,0.0,0.0,0.0,0.0,0.0,0.0,0.0,0.0,9907b1c8,2022,0,
23.0,2915.0,39.4,30.8,37.5,49.8,51.1,40.3,40.7,40.5,0.86,0.08027444253859349,0.05557461406518011,1.7598627787307035,3.1183533447684395,2.068610634648371,0.339622641509434,2.284734133790738,0.9879931389365353,1.0497427101200687,77.9,49.0,85.2,1.0,3.299999999999997,6.5,5.400000000000002,22.2,-7.200000000000003,-15.499999999999993,0.03290602148596192,0.008206193012548539,0.6771560118134103,-0.029133726253884884,0.5130901868737028,7.400000000000006,255.0,0.0,0.0,1.0,0.0,0.0,0.0,1.0,0.0,0.0,0.0,0.0,0.0,0.0,0.0,9939e168,2022,1,47.2
19.0,1726.0,30.2,40.9,24.9,45.9,66.2,40.9,53.5,47.2,0.1,0.04692931633835458,0.07821552723059097,1.877172653534183,3.4936268829663963,4.223638470451912,1.3035921205098493,4.484356894553882,0.2607184241019699,0.7300115874855156,83.6,65.5,50.5,0.0,,,,,,,,,,,,,,0.0,0.0,1.0,0.0,0.0,0.0,0.0,0.0,0.0,0.0,1.0,0.0,0.0,0.0,999ceb5f,2022,1,40.8
22.0,1425.0,32.7,21.1,32.4,39.9,77.8,37.4,37.7,37.6,0.82,0.07578947368421052,0.08210526315789474,1.6421052631578947,2.463157894736842,0.8842105263157894,0.25263157894736843,3.5999999999999996,0.7578947368421053,0.8842105263157894,71.4,50.0,41.7,0.0,,,,,,,,,,,,,,0.0,0.0,1.0,0.0,0.0,0.0,1.0,0.0,0.0,0.0,0.0,0.0,0.0,0.0,99ea2ddd,2022,0,
21.0,1384.0,40.2,48.1,45.0,63.1,45.9,50.3,51.5,50.9,0.0,0.03901734104046242,0.01950867052023121,1.1054913294797688,2.6661849710982657,3.5115606936416186,0.5202312138728323,4.812138728323699,0.7803468208092486,0.32514450867052025,89.3,47.9,45.2,0.0,,,,,,,,,,,,,,1.0,0.0,0.0,0.0,0.0,0.0,0.0,0.0,0.0,1.0,0.0,0.0,0.0,0.0,9af1f9ff,2022,0,
20.0,1828.0,60.5,61.1,80.2,17.1,42.2,44.4,55.4,49.9,1.83,0.03938730853391685,0.06892778993435449,2.166301969365427,2.412472647702407,5.809628008752735,1.9693654266958425,5.6126914660831515,2.314004376367615,0.8369803063457331,75.2,51.29999999999999,53.5,1.0,-1.7000000000000028,-6.400000000000006,-2.6999999999999957,-2.799999999999997,-21.199999999999996,13.900000000000002,-0.00021042873823902408,0.018016413441582647,0.016710517448393247,-0.8088509353076043,-0.8684827262762229,16.584286612193587,237.0,1.0,0.0,0.0,0.0,1.0,0.0,0.0,0.0,0.0,0.0,0.0,0.0,0.0,0.0,9b398aea,2022,0,
23.0,2699.0,89.1,76.1,78.1,24.5,55.0,65.0,74.4,69.7,0.42,0.34346054094108935,0.20340866987773248,3.9014449796220827,4.668395702111893,5.135235272323083,2.5009262689885143,3.8014079288625418,3.8347536124490555,1.4338643942200815,79.7,43.5,78.9,1.0,5.299999999999997,-1.0,2.5,-8.800000000000011,-7.700000000000003,-8.5,0.06653746401801242,0.00165042811949076,0.3805658587429619,-0.4823471452593342,-2.7689669352507433,12.400000000000006,424.0,0.0,0.0,1.0,1.0,0.0,0.0,0.0,0.0,0.0,0.0,0.0,0.0,0.0,0.0,9b6f7fd5,2022,1,51.75
22.0,1890.0,23.5,44.5,44.0,52.2,26.9,38.3,42.2,40.2,0.49,0.004761904761904762,0.02857142857142857,1.1428571428571428,2.4761904761904763,3.3333333333333335,0.47619047619047616,3.5238095238095237,0.3333333333333333,0.5238095238095238,84.8,49.0,55.3,0.0,,,,,,,,,,,,,,1.0,0.0,0.0,0.0,0.0,0.0,0.0,0.0,0.0,1.0,0.0,0.0,0.0,0.0,9ba7b4fa,2022,0,
23.0,1208.0,49.7,74.6,90.0,38.0,35.3,50.0,62.6,56.3,0.62,0.0074503311258278145,0.14900662251655628,2.160596026490066,3.4271523178807946,6.705298013245033,1.564569536423841,4.917218543046357,1.1175496688741722,1.2665562913907285,81.50000000000001,56.7,35.3,0.0,,,,,,,,,,,,,,1.0,0.0,0.0,0.0,1.0,0.0,0.0,0.0,0.0,0.0,0.0,0.0,0.0,0.0,9bdd8118,2022,1,51.9
23.0,3330.0,61.9,29.4,17.3,64.8,44.4,44.7,48.0,46.4,0.59,0.06486486486486487,0.008108108108108109,0.4864864864864865,1.5945945945945945,1.4054054054054055,0.1891891891891892,3.3513513513513513,0.8918918918918919,0.08108108108108109,87.7,56.8,97.4,1.0,-1.1000000000000014,24.6,-9.300000000000004,0.0,19.9,-11.5,0.0276106392698321,0.005003589308522044,0.1449894185320194,-1.2334355742427492,-0.7027493170990933,12.600000000000009,431.0,1.0,0.0,0.0,0.0,0.0,0.0,0.0,0.0,0.0,0.0,0.0,1.0,0.0,0.0,9c221d14,2022,1,44.7
23.0,1386.0,39.7,29.8,45.0,31.2,61.0,39.3,39.1,39.2,1.4,0.08441558441558442,0.13636363636363635,2.012987012987013,2.6623376623376624,2.6623376623376624,1.0389610389610389,3.311688311688312,0.6493506493506493,1.4935064935064934,68.9,47.5,40.5,0.0,,,,,,,,,,,,,,0.0,0.0,1.0,0.0,0.0,0.0,1.0,0.0,0.0,0.0,0.0,0.0,0.0,0.0,9e098912,2022,0,
21.0,1715.0,69.7,74.8,38.6,61.1,36.4,60.3,61.4,60.8,0.63,0.4565597667638483,0.14693877551020407,1.9941690962099123,2.3615160349854225,5.142857142857142,0.8921282798833818,0.9970845481049562,7.03206997084548,0.6822157434402332,82.89371727748691,31.82251308900524,35.575685131195335,1.0,-2.9000000000000057,5.299999999999997,15.099999999999994,-32.9,-1.6999999999999957,-19.1,0.11888748498743174,-0.004669187736350305,-0.7623393264547125,0.11222927149420237,0.018483875720491483,-2.6243148688046674,409.0,0.0,1.0,0.0,0.0,0.0,0.0,0.0,1.0,0.0,0.0,0.0,0.0,0.0,0.0,9e1035f8,2022,1,72.19999999999999
23.0,1793.0,32.8,59.3,58.4,41.0,42.4,46.5,50.3,48.4,1.19,0.02509760178471835,0.0501952035694367,1.5560513106525378,2.660345789180145,4.71834913552705,1.8070273284997214,4.86893474623536,1.3050752928053542,0.7027328499721138,83.5,38.0,52.4,1.0,-15.0,-24.300000000000004,-9.700000000000003,-21.199999999999996,-10.700000000000003,-16.300000000000004,-0.0013729864505757673,-0.017451855254092707,-0.12041927758275639,-1.4875332174141267,-1.0161247990551487,-37.1,-1267.0,1.0,0.0,0.0,0.0,1.0,0.0,0.0,0.0,0.0,0.0,0.0,0.0,0.0,0.0,9e525177,2022,1,58.45
23.0,2029.0,58.3,29.9,58.1,28.9,59.5,45.7,48.8,47.2,0.82,0.06209955643173977,0.04435682602267127,1.3750616067028092,1.7299162148841793,1.9073435189748644,0.2661409561360276,4.480039428289798,1.2863479546574668,0.5766387382947264,76.8,58.6,59.3,1.0,-8.299999999999997,12.0,0.6999999999999993,35.400000000000006,-21.9,-11.0,0.02858000335911407,0.017541183564570708,1.0398660759765521,-0.7742207268351917,0.02041900818026865,-19.200000000000003,-656.0,1.0,0.0,0.0,0.0,0.0,0.0,0.0,0.0,0.0,0.0,0.0,1.0,0.0,0.0,9f7c837d,2022,1,45.6
22.0,1144.0,34.5,53.4,34.4,66.3,68.8,51.7,62.4,57.0,0.93,0.06293706293706294,0.03146853146853147,1.8094405594405596,4.562937062937063,5.113636363636364,0.8653846153846154,4.090909090909091,0.3933566433566434,0.3933566433566434,87.29999999999998,47.8,33.5,0.0,,,,,,,,,,,,,,0.0,0.0,1.0,0.0,0.0,0.0,0.0,0.0,0.0,0.0,1.0,0.0,0.0,0.0,a0255c67,2022,1,55.2
21.0,1203.0,57.2,78.9,90.7,26.1,64.3,60.0,68.9,64.4,0.82,0.05236907730673316,0.26184538653366585,2.3940149625935163,5.760598503740648,6.957605985037406,0.37406483790523687,4.713216957605985,1.6458852867830422,1.2718204488778055,71.1,75.0,35.2,1.0,25.60000000000001,8.100000000000001,47.2,56.300000000000004,1.6000000000000014,-4.200000000000003,-0.07277576626221238,0.16277238537491728,0.933991787622485,3.46397910207101,3.831282165386071,-21.199999999999996,-523.0,1.0,0.0,0.0,0.0,1.0,0.0,0.0,0.0,0.0,0.0,0.0,0.0,0.0,0.0,a0415710,2022,1,59.3
23.0,2463.0,15.3,26.9,18.0,63.8,81.7,39.0,62.5,50.8,0.24,0.02192448233861145,0.0292326431181486,1.1327649208282582,3.069427527405603,1.9732034104750305,0.6211936662606578,5.0426309378806335,0.21924482338611448,0.584652862362972,84.4,51.6,72.0,0.0,,,,,,,,,,,,,,0.0,0.0,1.0,0.0,0.0,0.0,0.0,0.0,0.0,0.0,1.0,0.0,0.0,0.0,a17a94d6,2022,1,61.2
23.0,1235.0,78.6,47.8,40.8,8.6,16.5,38.5,40.5,39.5,0.29,0.22591093117408909,0.14574898785425103,2.11336032388664,1.8947368421052633,4.22672064777328,1.45748987854251,1.45748987854251,5.611336032388664,0.6558704453441296,70.4,34.1,36.1,1.0,-24.200000000000003,-8.800000000000011,-14.200000000000003,-39.60000000000001,-24.199999999999996,-3.3000000000000007,-0.048404137319061596,0.028625700183018146,-1.1229410459763738,-2.5232793522267203,-1.064167267483778,-49.300000000000004,-1685.0,0.0,0.0,1.0,0.0,0.0,0.0,0.0,0.0,1.0,0.0,0.0,0.0,0.0,0.0,a1d5bd30,2022,1,55.15
23.0,2126.0,55.3,68.1,76.3,39.6,58.9,60.7,61.0,60.8,0.65,0.08889934148635936,0.22859830667920977,3.513640639698965,5.249294449670743,4.614299153339605,1.0583254938852305,2.7093132643461897,1.6086547507055502,1.9049858889934148,80.0,57.70000000000001,62.2,0.0,,,,,,,,,,,,,,0.0,0.0,1.0,0.0,0.0,0.0,1.0,0.0,0.0,0.0,0.0,0.0,0.0,0.0,a26fb8aa,2022,1,59.900000000000006
23.0,1464.0,31.2,19.3,22.2,50.3,60.3,34.0,48.3,41.2,0.45,0.049180327868852465,0.049180327868852465,1.4754098360655739,2.2745901639344264,1.3524590163934427,0.18442622950819673,4.364754098360656,1.1065573770491803,0.36885245901639346,81.0,48.3,42.8,1.0,6.0,-11.000000000000004,-1.8999999999999986,2.3999999999999986,0.7999999999999972,0.19999999999999574,-0.04005479960990107,-0.01455904890168578,0.1368829238842706,-0.11354664932893699,-0.27498490688710353,1.5,52.0,0.0,0.0,1.0,0.0,0.0,0.0,0.0,0.0,0.0,0.0,1.0,0.0,0.0,0.0,a2b105e0,2022,1,45.4
23.0,1078.0,23.0,60.5,54.7,60.5,26.5,48.6,52.2,50.4,0.44,0.03339517625231911,0.10853432282003711,3.0890538033395174,3.589981447124304,6.428571428571429,1.5862708719851577,2.25417439703154,0.75139146567718,1.1688311688311688,90.7,35.7,31.5,0.0,,,,,,,,,,,,,,0.0,0.0,1.0,0.0,0.0,0.0,0.0,0.0,1.0,0.0,0.0,0.0,0.0,0.0,a2d9f138,2022,1,43.2
22.0,1552.0,33.3,6.1,9.9,46.4,71.5,44.1,56.3,50.2,0.6,0.03479381443298969,0.0,0.05798969072164949,1.2757731958762888,0.6958762886597939,0.11597938144329897,4.987113402061856,0.28994845360824745,0.0,78.0,54.0,50.7,0.0,,,,,,,,,,,,,,1.0,0.0,0.0,0.0,0.0,0.0,0.0,0.0,0.0,0.0,0.0,1.0,0.0,0.0,a396fb61,2022,1,44.650000000000006
19.0,1768.0,39.6,18.0,21.8,46.7,78.2,50.7,62.0,56.4,0.88,0.035633484162895926,0.005090497737556561,0.4581447963800905,1.425339366515837,0.9671945701357465,0.05090497737556561,5.294117647058823,0.916289592760181,0.15271493212669682,78.7,74.4,57.8,0.0,,,,,,,,,,,,,,1.0,0.0,0.0,0.0,0.0,0.0,0.0,0.0,0.0,0.0,0.0,1.0,0.0,0.0,a39d11bc,2022,0,
21.0,2038.0,53.9,36.2,29.8,38.4,45.3,39.4,37.9,38.6,0.84,0.1678115799803729,0.07065750736015702,2.031403336604514,1.633954857703631,3.7536800785083413,1.324828263002944,4.371933267909715,2.9146221786064768,0.7065750736015701,80.8,34.5,59.6,1.0,-9.199999999999996,-15.699999999999996,-8.199999999999996,-17.2,13.7,-14.300000000000004,-0.07643184107225864,0.02624961262331492,-0.48504403181653855,-0.31704360570218526,-0.8824925107174217,35.22763157894737,822.0,0.0,0.0,1.0,0.0,0.0,0.0,0.0,0.0,1.0,0.0,0.0,0.0,0.0,0.0,a3b03921,2022,1,56.0
23.0,1844.0,43.2,57.8,46.2,52.3,77.1,62.3,67.3,64.8,0.52,0.02928416485900217,0.014642082429501085,0.8297180043383948,2.537960954446855,3.8557483731019526,0.43926247288503256,6.442516268980477,0.8785249457700651,0.2928416485900217,87.4,62.5,53.9,1.0,3.1999999999999957,-25.099999999999994,22.599999999999994,-5.599999999999994,-3.700000000000003,4.199999999999989,-0.016688330229406474,-0.013648683778750389,0.01635847585116501,0.9913082945164908,0.1332458267454797,-20.500000000000007,-701.0,1.0,0.0,0.0,0.0,0.0,0.0,0.0,0.0,0.0,0.0,0.0,1.0,0.0,0.0,a3d94a58,2022,1,69.55000000000001
21.0,1025.0,59.1,31.8,17.6,65.0,51.7,48.0,45.7,46.8,0.47,0.07902439024390244,0.00878048780487805,0.35121951219512193,2.0195121951219512,2.4585365853658536,0.0,3.8634146341463413,0.7902439024390243,0.17560975609756097,86.4,64.2,30.0,1.0,4.399999999999999,-2.0,-1.8000000000000007,-4.299999999999997,-4.099999999999994,21.800000000000004,0.019596657301862816,-0.02423491938514396,-0.11099618846518622,-1.1071273911565238,-0.4896587513197215,-9.899999999999999,-338.0,1.0,0.0,0.0,0.0,0.0,0.0,0.0,0.0,0.0,1.0,0.0,0.0,0.0,0.0,a40819d9,2022,1,51.1
23.0,2242.0,32.3,54.5,28.8,58.8,62.5,55.1,53.7,54.4,0.86,0.02007136485280999,0.03612845673505798,0.6824264049955396,3.0107047279214987,3.090990187332739,0.32114183764495985,4.696699375557538,0.5619982158786797,0.20071364852809992,92.5,52.1,65.6,1.0,4.199999999999996,-6.400000000000006,-10.400000000000006,-7.9999999999999964,12.199999999999996,16.1,-0.0030450735033543917,0.02842297728300319,-0.01106674568939181,-2.3799002236261653,-1.766692532352474,31.39999999999999,1074.0,1.0,0.0,0.0,0.0,0.0,0.0,0.0,0.0,0.0,1.0,0.0,0.0,0.0,0.0,a4e85758,2022,1,55.400000000000006
22.0,952.0,37.1,64.7,23.2,48.3,77.2,60.1,66.5,63.3,0.62,0.028361344537815126,0.0,0.5672268907563025,3.6869747899159666,4.159663865546219,0.37815126050420167,3.8760504201680672,0.4726890756302521,0.0,88.7,76.1,31.1,0.0,,,,,,,,,,,,,,1.0,0.0,0.0,0.0,0.0,0.0,0.0,0.0,0.0,0.0,0.0,1.0,0.0,0.0,a4effc55,2022,1,65.2
23.0,1401.0,36.8,38.6,17.3,39.2,28.5,32.6,33.4,33.0,1.59,0.2826552462526767,0.07066381156316917,1.5417558886509637,1.0278372591006424,2.6980728051391862,0.6423982869379015,1.0278372591006424,6.167023554603855,0.5781584582441114,68.0,20.4,41.0,0.0,,,,,,,,,,,,,,0.0,1.0,0.0,0.0,0.0,0.0,0.0,1.0,0.0,0.0,0.0,0.0,0.0,0.0,a4fe8cda,2022,1,46.2
23.0,1853.0,52.0,42.1,55.4,41.0,36.3,45.2,45.0,45.1,1.11,0.09713977334052887,0.1457096600107933,2.4770642201834865,2.137075013491635,3.3998920669185106,2.234214786832164,2.2827846735024284,2.2827846735024284,1.4085267134376687,83.1,40.9,60.6,1.0,-2.6999999999999957,13.5,-13.199999999999996,17.9,-0.8999999999999986,-22.400000000000006,0.04593066949984608,0.08169828020993981,0.21532880055333026,-1.0382302659406641,-1.3195394957544528,-8.300000000000004,-256.0,0.0,0.0,1.0,0.0,0.0,0.0,0.0,0.0,1.0,0.0,0.0,0.0,0.0,0.0,a572e291,2022,1,39.5
22.0,2004.0,46.0,40.0,42.8,17.9,47.7,38.2,38.6,38.4,0.0,0.08532934131736528,0.14820359281437126,2.0209580838323356,2.874251497005988,3.5928143712574854,1.7065868263473054,3.8622754491017965,1.4820359281437125,1.122754491017964,70.7,25.0,65.5,0.0,,,,,,,,,,,,,,0.0,0.0,1.0,0.0,0.0,0.0,0.0,0.0,1.0,0.0,0.0,0.0,0.0,0.0,a5bea1fb,2022,0,
23.0,2504.0,84.8,82.2,67.9,41.2,25.4,63.0,67.8,65.4,0.31,0.319888178913738,0.21206070287539938,3.6661341853035143,4.564696485623003,7.296325878594249,2.6956869009584663,3.270766773162939,4.456869009584665,1.2579872204472844,87.3,30.6,73.2,1.0,-7.199999999999989,-4.6000000000000085,-3.5999999999999943,-20.69999999999999,5.400000000000006,11.799999999999999,-0.09953910912668879,0.009927070084832262,-1.4377400426583051,-1.445953739597778,-0.3875775177458918,21.1,723.0,0.0,0.0,1.0,0.0,0.0,0.0,0.0,0.0,1.0,0.0,0.0,0.0,0.0,0.0,a5db0bec,2022,0,
23.0,1462.0,23.0,46.8,40.7,16.5,81.0,36.4,41.0,38.7,0.27,0.2277701778385773,0.10465116279069768,1.969904240766074,1.5389876880984954,2.954856361149111,1.1080711354309165,2.1545827633378933,4.678522571819426,0.984952120383037,68.2,43.2,42.7,0.0,,,,,,,,,,,,,,0.0,1.0,0.0,0.0,0.0,0.0,0.0,0.0,0.0,0.0,0.0,0.0,0.0,1.0,a6103274,2022,0,
19.0,1015.0,82.1,66.0,85.8,26.6,34.6,59.8,62.5,61.2,1.91,0.22167487684729062,0.18620689655172412,3.901477832512315,3.103448275862069,8.334975369458128,4.433497536945812,3.192118226600985,4.96551724137931,1.8620689655172413,79.9,58.29999999999999,29.7,0.0,,,,,,,,,,,,,,0.0,0.0,1.0,0.0,0.0,0.0,0.0,0.0,1.0,0.0,0.0,0.0,0.0,0.0,a62f8bf1,2022,1,34.1
21.0,1176.0,74.2,66.5,74.8,24.2,37.2,45.5,57.2,51.4,1.24,0.1760204081632653,0.09183673469387756,1.989795918367347,2.142857142857143,6.887755102040816,1.530612244897959,3.36734693877551,3.5969387755102042,0.6887755102040817,81.8,49.1,34.4,0.0,,,,,,,,,,,,,,1.0,0.0,0.0,0.0,1.0,0.0,0.0,0.0,0.0,0.0,0.0,0.0,0.0,0.0,a65c844b,2022,1,57.4
22.0,2563.0,42.8,27.4,27.9,56.3,66.8,51.2,58.7,55.0,0.1,0.04916113928989465,0.010534529847834569,0.667186890362856,2.4229418650019507,2.59851736246586,0.42138119391338275,5.37261022239563,0.24580569644947328,0.21069059695669137,82.7,65.5,74.9,0.0,,,,,,,,,,,,,,1.0,0.0,0.0,0.0,0.0,0.0,0.0,0.0,0.0,0.0,0.0,1.0,0.0,0.0,a6b6fa6e,2022,1,57.4
22.0,1814.0,34.0,64.8,14.0,56.7,66.4,56.8,56.1,56.4,0.4,0.029768467475192944,0.0,0.39691289966923926,2.82800441014333,3.869900771775083,0.39691289966923926,4.415656008820287,0.8930540242557884,0.04961411245865491,88.5,62.2,59.3,1.0,-7.800000000000004,-16.200000000000003,-9.600000000000009,-20.5,0.9000000000000057,-8.5,-0.004168184108517468,-0.016968325791855206,-0.451503389923521,-1.1866603141977685,-2.0928100694946794,-27.400000000000006,-838.0,1.0,0.0,0.0,0.0,0.0,0.0,0.0,0.0,0.0,1.0,0.0,0.0,0.0,0.0,a73c8f95,2022,1,57.400000000000006
21.0,1822.0,54.6,71.9,73.6,31.8,46.3,50.9,59.5,55.2,1.03,0.03457738748627882,0.10373216245883646,1.5312843029637762,3.7047200878155873,4.198682766190999,1.3336992316136114,4.64324917672887,1.3830954994511526,0.5433589462129528,82.7,54.3,59.5,1.0,-3.5999999999999943,3.6000000000000014,8.300000000000004,-5.6000000000000085,-21.499999999999996,-2.3000000000000043,0.01863878063858106,0.0027876524234173444,-0.22196245028297712,0.16090236477423403,0.2513552708144067,10.0,128.0,1.0,0.0,0.0,0.0,1.0,0.0,0.0,0.0,0.0,0.0,0.0,0.0,0.0,0.0,a8567629,2022,1,68.8
23.0,2160.0,47.0,50.1,58.3,61.6,68.5,56.3,57.6,57.0,0.05,0.10416666666666667,0.08333333333333333,2.375,5.125,2.4583333333333335,0.6666666666666666,3.5,1.1666666666666667,0.9166666666666666,85.90000000000002,57.4,63.2,1.0,-11.200000000000003,3.8999999999999986,-20.999999999999993,-7.6000000000000085,4.800000000000004,-14.099999999999994,0.03860995490808186,-0.004075615678113084,-0.30970343392299693,-3.4417707249392993,-3.1788501560874103,-21.099999999999994,-723.0,0.0,0.0,1.0,0.0,0.0,0.0,1.0,0.0,0.0,0.0,0.0,0.0,0.0,0.0,a8a874f1,2022,1,58.5
23.0,1995.0,54.2,50.4,60.2,27.9,58.4,49.1,49.8,49.4,0.52,0.03609022556390978,0.09924812030075188,1.263157894736842,3.3834586466165413,3.2932330827067666,0.49624060150375937,4.015037593984962,1.3984962406015038,0.2706766917293233,72.1,62.4,58.3,0.0,,,,,,,,,,,,,,1.0,0.0,0.0,0.0,0.0,0.0,0.0,0.0,0.0,0.0,0.0,1.0,0.0,0.0,a8c0acb7,2022,1,50.3
20.0,1670.0,75.9,32.0,42.7,33.4,73.3,52.2,58.7,55.4,2.29,0.09700598802395209,0.08083832335329341,0.9161676646706586,2.4251497005988023,1.401197604790419,0.16167664670658682,3.610778443113772,2.0479041916167664,0.3772455089820359,72.1,65.4,48.8,0.0,,,,,,,,,,,,,,1.0,0.0,0.0,0.0,0.0,0.0,0.0,0.0,0.0,0.0,0.0,1.0,0.0,0.0,a8c19eb8,2022,1,59.650000000000006
21.0,1572.0,12.4,28.7,11.9,40.7,85.0,25.7,26.7,26.2,0.36,0.15458015267175576,0.05152671755725192,1.4885496183206108,1.1450381679389314,2.2328244274809164,1.0305343511450382,3.148854961832061,3.6641221374045805,0.7442748091603054,74.1,44.2,46.0,1.0,-12.599999999999998,-18.700000000000003,-7.599999999999998,-27.5,2.4000000000000057,8.099999999999994,-0.04294578507764568,-0.08494574852415271,-0.8099340209451513,0.042082208805736876,-0.3992555271927525,-35.900000000000006,-934.0,0.0,1.0,0.0,0.0,0.0,1.0,0.0,0.0,0.0,0.0,0.0,0.0,0.0,0.0,a8d4428b,2022,0,
22.0,1147.0,61.1,42.3,31.7,40.1,54.0,44.3,42.9,43.6,0.71,0.18047079337401917,0.07061900610287708,2.197035745422842,2.1185701830863124,4.158674803836094,1.4908456843940716,4.943330427201396,2.2755013077593724,0.7061900610287708,81.7,36.4,33.5,0.0,,,,,,,,,,,,,,0.0,0.0,1.0,0.0,0.0,0.0,0.0,0.0,1.0,0.0,0.0,0.0,0.0,0.0,a9202def,2022,1,65.6
23.0,2047.0,23.2,40.3,28.0,42.6,63.3,48.0,53.9,51.0,0.73,0.004396678065461652,0.030776746458231558,0.5276013678553981,2.7259404005862238,2.0224719101123596,0.5715681485100147,5.935515388373229,0.3077674645823156,0.13190034196384953,81.0,52.6,66.9,0.0,,,,,,,,,,,,,,1.0,0.0,0.0,0.0,0.0,0.0,0.0,0.0,0.0,0.0,0.0,1.0,0.0,0.0,a93b6f4e,2022,0,
23.0,1445.0,58.9,64.3,46.8,30.4,43.3,50.1,44.2,47.2,0.05,0.18685121107266434,0.11211072664359861,2.1799307958477505,3.612456747404844,5.3564013840830444,2.055363321799308,5.16955017301038,2.242214532871972,1.0588235294117645,79.2,27.9,42.3,1.0,-6.799999999999997,10.5,0.5999999999999943,-3.4000000000000057,-21.5,3.5999999999999943,0.08034233533301936,0.02842518141959184,-0.1024022557160702,-0.6537423183683506,-0.4957427454100336,16.276669484361786,262.0,0.0,0.0,1.0,0.0,0.0,0.0,0.0,0.0,0.0,0.0,1.0,0.0,0.0,0.0,a99138af,2022,0,
22.0,1466.0,69.8,56.7,51.6,39.5,70.6,58.1,61.0,59.6,0.56,0.07980900409276945,0.03683492496589359,1.5347885402455663,3.499317871759891,2.271487039563438,0.3683492496589359,5.279672578444748,1.5961800818553888,0.4911323328785812,68.8,54.2,42.9,0.0,,,,,,,,,,,,,,1.0,0.0,0.0,0.0,0.0,0.0,0.0,0.0,0.0,0.0,0.0,1.0,0.0,0.0,aa5322d5,2022,0,
21.0,2754.0,57.2,77.1,84.8,48.8,46.2,64.8,69.1,66.9,0.45,0.28431372549019607,0.2222222222222222,3.986928104575163,2.4509803921568625,6.405228758169934,1.8300653594771241,1.3071895424836601,5.0,1.7320261437908495,77.8,37.8,80.5,1.0,-5.699999999999989,-9.899999999999991,-2.6000000000000085,-0.29999999999999716,-3.1000000000000014,-11.599999999999994,-0.09246093777882469,-0.010395178578651465,0.02260338670111839,-0.34395216647513305,-0.17006074362762957,0.20000000000000284,7.0,0.0,1.0,0.0,0.0,0.0,0.0,0.0,0.0,0.0,0.0,0.0,0.0,1.0,0.0,aad56ca3,2022,1,64.55000000000001
22.0,1864.0,54.3,38.1,66.6,27.1,32.2,43.1,42.4,42.8,1.04,0.08690987124463519,0.1834763948497854,2.752145922746781,2.896995708154506,3.1866952789699567,0.8690987124463518,2.1727467811158796,1.2553648068669527,1.351931330472103,72.4,38.8,60.9,1.0,3.5,26.299999999999997,8.0,18.199999999999996,-7.199999999999996,-26.9,0.03615799154538707,0.0735139888347478,0.6374842686114426,-0.11217690148117088,0.1902287908612732,28.02481203007519,800.0,0.0,0.0,1.0,0.0,0.0,0.0,1.0,0.0,0.0,0.0,0.0,0.0,0.0,0.0,ab700320,2022,1,61.95
22.0,1986.0,71.0,24.8,14.5,59.1,50.2,44.8,49.8,47.3,1.19,0.07250755287009064,0.022658610271903322,0.36253776435045315,1.948640483383686,1.540785498489426,0.045317220543806644,3.2628398791540785,0.9063444108761329,0.045317220543806644,84.6,38.6,58.1,0.0,,,,,,,,,,,,,,1.0,0.0,0.0,0.0,0.0,0.0,0.0,0.0,0.0,0.0,0.0,1.0,0.0,0.0,ab7bf91d,2022,1,53.7
23.0,1842.0,85.3,67.6,72.2,16.0,53.2,50.3,59.9,55.1,1.0,0.10749185667752445,0.1710097719869707,1.0749185667752443,4.495114006514658,3.713355048859935,0.732899022801303,4.690553745928339,3.5179153094462543,0.6351791530944626,75.5,62.20000000000001,60.2,1.0,-8.5,-0.9000000000000057,-13.300000000000011,2.9000000000000057,-6.100000000000001,-14.700000000000003,-0.03204302704340578,0.09050887753258788,-0.32043027043405803,-1.3850349332509775,-0.6569432385658427,5.400000000000006,165.0,1.0,0.0,0.0,0.0,1.0,0.0,0.0,0.0,0.0,0.0,0.0,0.0,0.0,0.0,ac73ec79,2022,0,
20.0,1314.0,56.5,24.2,33.1,46.4,52.9,43.7,48.1,45.9,1.29,0.06164383561643836,0.0410958904109589,0.4109589041095891,1.1643835616438356,1.8493150684931507,0.4794520547945206,3.5616438356164384,0.8219178082191781,0.273972602739726,86.3,63.5,38.4,0.0,,,,,,,,,,,,,,1.0,0.0,0.0,0.0,0.0,0.0,0.0,0.0,0.0,0.0,0.0,1.0,0.0,0.0,acf7e795,2022,0,
23.0,2721.0,55.1,64.7,27.8,68.9,59.2,59.4,60.7,60.0,0.43,0.08269018743109151,0.03638368246968027,0.39691289966923926,3.6383682469680263,4.1014332965821385,0.39691289966923926,3.3737596471885336,1.0253583241455346,0.2646085997794928,88.2,66.9,79.6,1.0,3.700000000000003,-20.4,0.29999999999999716,1.6999999999999993,8.700000000000003,7.100000000000001,-0.024719061698694658,0.018482140948049237,0.03888206923661869,-0.19493666860930858,0.05805994264182068,20.799999999999997,710.0,1.0,0.0,0.0,0.0,0.0,0.0,0.0,0.0,0.0,1.0,0.0,0.0,0.0,0.0,ad82197c,2022,1,57.8
22.0,1102.0,25.0,30.6,20.0,42.5,62.6,34.8,48.8,41.8,0.76,0.04083484573502723,0.03266787658802178,1.2250453720508168,3.1851179673321237,2.9401088929219603,0.7350272232304901,3.3484573502722323,0.5716878402903811,0.40834845735027225,81.5,67.4,32.2,1.0,-11.600000000000001,8.7,-37.800000000000004,2.0,-19.799999999999997,0.8000000000000043,0.02676501769959211,-0.009541607518283583,-0.1350380047079116,-3.4382131498086284,-3.8028966236006534,-23.9,-817.0,0.0,0.0,1.0,0.0,0.0,0.0,0.0,0.0,0.0,0.0,1.0,0.0,0.0,0.0,ae59b359,2022,1,45.7
22.0,2760.0,91.5,63.8,89.1,24.5,4.8,56.3,59.8,58.0,0.18,0.2510869565217391,0.32282608695652176,3.358695652173913,3.391304347826087,6.0978260869565215,1.6304347826086956,1.3043478260869565,4.826086956521739,1.9891304347826086,74.6,26.3,90.2,1.0,-3.200000000000003,41.5,-4.5,2.299999999999997,-23.5,-26.2,0.07772012235088488,0.0703135241424514,0.4189971597116018,-1.289108586410312,1.3184400262180467,12.200000000000003,372.0,0.0,0.0,1.0,0.0,0.0,0.0,0.0,0.0,1.0,0.0,0.0,0.0,0.0,0.0,aeed5c06,2022,1,63.2
23.0,2498.0,67.5,88.2,98.5,28.0,24.8,47.8,67.0,57.4,0.92,0.04683746997598078,0.2594075260208166,3.710968775020016,6.269015212169736,7.602081665332266,1.2249799839871898,2.522017614091273,1.3690952762209767,2.1977582065652523,73.4,48.0,81.6,1.0,1.6000000000000014,7.299999999999997,9.900000000000006,0.09999999999999432,4.699999999999999,-7.9999999999999964,0.020392807879996457,0.012590679791629589,0.4053860130219751,0.5060973362431378,1.9056459663323215,14.899999999999991,456.0,1.0,0.0,0.0,0.0,1.0,0.0,0.0,0.0,0.0,0.0,0.0,0.0,0.0,0.0,af0d79a9,2022,1,51.2
22.0,989.0,37.0,25.7,20.9,60.7,64.1,49.9,57.7,53.8,0.92,0.02730030333670374,0.00910010111223458,0.3640040444893832,1.820020222446916,2.0930232558139537,0.0910010111223458,3.8220424671385236,1.0010111223458038,0.0910010111223458,80.0,57.8,28.9,0.0,,,,,,,,,,,,,,1.0,0.0,0.0,0.0,0.0,0.0,0.0,0.0,0.0,0.0,0.0,1.0,0.0,0.0,afbf187b,2022,0,
19.0,1337.0,59.6,61.9,48.4,15.8,27.8,44.5,48.6,46.6,0.94,0.2356020942408377,0.10097232610321616,2.7599102468212413,2.557965594614809,7.808526551982049,2.7599102468212413,2.3560209424083767,5.923709798055348,1.0770381451009723,71.2,42.3,39.1,0.0,,,,,,,,,,,,,,0.0,0.0,1.0,0.0,0.0,0.0,0.0,0.0,1.0,0.0,0.0,0.0,0.0,0.0,afdc14d7,2022,1,65.35
18.0,2202.0,60.5,64.2,67.8,26.4,46.9,48.0,55.6,51.8,1.43,0.05313351498637603,0.11444141689373297,1.6348773841961854,3.269754768392371,5.231607629427793,1.3079019073569482,5.190735694822888,1.9618528610354224,0.776566757493188,76.5,44.3,64.4,0.0,,,,,,,,,,,,,,1.0,0.0,0.0,0.0,1.0,0.0,0.0,0.0,0.0,0.0,0.0,0.0,0.0,0.0,afed6722,2022,1,55.400000000000006
19.0,1050.0,70.2,44.9,56.0,51.1,63.7,56.4,58.7,57.6,0.05,0.10285714285714286,0.06,1.2,1.885714285714286,3.771428571428572,0.4285714285714286,4.9714285714285715,0.7714285714285715,0.34285714285714286,88.90000000000002,65.0,30.7,0.0,,,,,,,,,,,,,,1.0,0.0,0.0,0.0,0.0,0.0,0.0,0.0,0.0,0.0,0.0,1.0,0.0,0.0,b003239d,2022,1,57.25
21.0,2329.0,55.8,52.4,38.6,56.5,45.3,49.4,51.0,50.2,0.22,0.05796479175611851,0.023185916702447403,0.7728638900815801,2.3572348647488193,3.3619579218548736,0.579647917561185,3.7483898668956637,0.8115070845856591,0.15457277801631603,87.8,47.4,68.1,1.0,-5.399999999999999,33.099999999999994,-12.000000000000007,3.700000000000003,3.200000000000003,-16.800000000000004,0.04765551340560305,0.012876638351931938,-0.05187837795965711,-0.3493822843306935,-1.3541053414367479,42.599999999999994,1456.0,1.0,0.0,0.0,0.0,0.0,0.0,0.0,0.0,0.0,1.0,0.0,0.0,0.0,0.0,b2336681,2022,0,
21.0,1172.0,34.8,37.8,25.1,41.6,80.1,54.3,63.8,59.0,1.23,0.030716723549488057,0.015358361774744029,0.8447098976109215,2.7645051194539247,1.8430034129692834,0.15358361774744028,2.7645051194539247,1.151877133105802,0.15358361774744028,73.5,76.7,34.3,0.0,,,,,,,,,,,,,,1.0,0.0,0.0,0.0,0.0,0.0,0.0,0.0,0.0,0.0,0.0,1.0,0.0,0.0,b35a7399,2022,1,59.05
22.0,1689.0,54.4,59.9,74.9,31.3,61.1,54.5,59.0,56.8,0.03,0.04262877442273535,0.06927175843694494,1.6518650088809947,2.930728241563055,3.8898756660746003,0.4262877442273535,3.996447602131439,1.119005328596803,0.6927175843694494,81.49893617021277,52.51914893617021,48.81107164002369,1.0,-5.400000000000006,-3.1000000000000014,-5.500000000000007,30.500000000000007,-16.099999999999998,-9.999999999999993,-0.02698448524577294,0.05601208992865765,0.823135727113039,-0.2537707427651781,-1.2460673385474417,-30.588928359976315,-1026.0,1.0,0.0,0.0,0.0,1.0,0.0,0.0,0.0,0.0,0.0,0.0,0.0,0.0,0.0,b3af9be1,2022,1,54.0
19.0,1075.0,51.6,38.2,17.8,10.4,34.5,36.3,34.7,35.5,1.3,0.3432558139534883,0.1255813953488372,1.841860465116279,0.8372093023255813,3.432558139534884,1.0883720930232559,0.9209302325581395,4.688372093023256,0.586046511627907,64.4,23.8,35.1,0.0,,,,,,,,,,,,,,0.0,1.0,0.0,0.0,0.0,1.0,0.0,0.0,0.0,0.0,0.0,0.0,0.0,0.0,b492126a,2022,1,41.05
18.0,1259.0,25.9,53.1,28.7,20.5,41.4,35.9,39.4,37.6,1.5,0.0500397140587768,0.09293089753772836,1.715647339158062,2.1445591739475773,5.218427323272438,2.0015885623510723,2.7879269261318504,3.073868149324861,0.7148530579825259,73.4,42.2,36.8,1.0,5.900000000000002,-8.200000000000003,18.700000000000003,4.5,-2.1999999999999993,-4.399999999999999,-0.01466616829416438,0.028225015184787178,0.24505910386394425,0.689015558566556,1.1445591739475773,-7.900000000000006,-271.0,0.0,0.0,1.0,0.0,0.0,0.0,0.0,0.0,1.0,0.0,0.0,0.0,0.0,0.0,b51b1b9c,2022,1,50.45
21.0,1832.0,41.3,48.1,40.0,40.5,83.5,49.2,63.2,56.2,1.08,0.07368995633187773,0.08842794759825329,1.8176855895196509,3.733624454148472,2.9967248908296944,1.1790393013100438,6.779475982532752,0.9825327510917031,0.8351528384279476,80.8,62.99999999999999,53.6,0.0,,,,,,,,,,,,,,0.0,0.0,1.0,0.0,0.0,0.0,0.0,0.0,0.0,0.0,1.0,0.0,0.0,0.0,b5bb8188,2022,0,
22.0,1333.0,84.7,65.1,85.4,15.0,24.2,56.0,59.5,57.8,1.26,0.30382595648912225,0.33083270817704424,3.3758439609902475,2.768192048012003,8.777194298574644,3.915978994748687,1.7554388597149286,7.966991747936984,1.8229557389347335,72.7,30.3,39.0,1.0,-1.6000000000000014,6.200000000000003,-3.4000000000000057,2.0,-6.5,-3.1999999999999993,0.14558419824736402,0.13303051037484642,-0.3823977972515107,-1.7722562508759054,-0.3307090508890962,-0.8999999999999986,-32.0,0.0,0.0,1.0,0.0,0.0,0.0,0.0,0.0,1.0,0.0,0.0,0.0,0.0,0.0,b8a642fc,2022,1,67.30000000000001
19.0,1081.0,62.7,72.0,69.6,23.5,42.8,56.0,60.4,58.2,0.55,0.11655874190564292,0.14153561517113783,2.913968547641073,3.330249768732655,8.159111933395005,1.9148936170212767,3.4967622571692876,2.1646623496762256,1.581868640148011,76.1,36.8,31.6,1.0,3.8000000000000043,-14.599999999999994,10.100000000000001,-18.400000000000006,4.699999999999999,15.899999999999999,-0.060217687903715816,-0.16002417685659176,-1.9733798059117862,2.179909160431401,0.262658780864371,-19.0,-650.0,0.0,0.0,1.0,0.0,0.0,0.0,0.0,0.0,1.0,0.0,0.0,0.0,0.0,0.0,b94b8be1,2022,0,
20.0,2526.0,39.8,46.9,44.4,45.8,65.3,47.9,55.3,51.6,0.15,0.08907363420427554,0.06413301662707839,1.7814726840855106,3.456057007125891,4.418052256532066,0.7838479809976248,3.171021377672209,1.0332541567695963,0.7482185273159145,80.99999999999999,59.1,73.9,1.0,-0.29999999999999716,4.799999999999997,-13.200000000000003,19.599999999999998,-6.700000000000003,3.8999999999999986,0.010599519762858639,0.019991327253781388,-0.03324121237225497,-0.4865798960564893,-1.105250894781466,20.200000000000003,691.0,0.0,0.0,1.0,0.0,0.0,0.0,0.0,0.0,0.0,0.0,1.0,0.0,0.0,0.0,bb376bed,2022,1,55.7
19.0,2978.0,87.9,60.9,81.7,23.0,23.7,55.9,69.6,62.8,0.8,0.3082605775688381,0.2508394895903291,4.2914707857622565,2.206178643384822,7.918065815983882,1.480859637340497,2.055070517125588,6.920752182672935,1.964405641370047,75.3,34.5,87.1,1.0,4.599999999999994,10.700000000000003,0.8999999999999986,9.700000000000003,-1.8000000000000007,-2.8000000000000007,0.06501733432559487,0.09572785621782615,0.8367116788292366,0.6560211626348806,-0.049990569306129995,12.5,425.0,0.0,0.0,1.0,1.0,0.0,0.0,0.0,0.0,0.0,0.0,0.0,0.0,0.0,0.0,bc7dc64d,2022,1,77.9
23.0,2646.0,67.8,39.1,45.0,39.2,45.7,43.8,44.8,44.3,0.52,0.108843537414966,0.04081632653061225,0.9523809523809524,2.3469387755102042,2.0408163265306123,0.7142857142857143,3.9455782312925174,1.2585034013605443,0.44217687074829937,79.2,52.4,77.4,0.0,,,,,,,,,,,,,,1.0,0.0,0.0,0.0,1.0,0.0,0.0,0.0,0.0,0.0,0.0,0.0,0.0,0.0,bcc81786,2022,1,47.2
21.0,1422.0,48.4,75.0,80.4,31.1,45.6,58.1,62.2,60.2,0.9,0.20886075949367086,0.24050632911392403,3.5443037974683542,2.848101265822785,4.936708860759493,1.2025316455696202,1.5822784810126582,5.253164556962025,1.5189873417721518,77.2,26.7,41.6,1.0,9.300000000000004,10.299999999999997,8.400000000000006,24.900000000000006,-18.699999999999996,-4.399999999999999,-0.03461750137589434,0.13615850302696753,1.3703907539900935,-0.019812878370941256,0.41331865712713256,11.3,387.0,0.0,1.0,0.0,0.0,0.0,0.0,0.0,0.0,0.0,0.0,0.0,0.0,1.0,0.0,bdb624a3,2022,1,63.849999999999994
23.0,2926.0,59.5,49.9,12.5,69.0,67.5,58.5,55.9,57.2,0.22,0.07074504442925494,0.012303485987696514,0.3691045796308954,2.737525632262474,2.7682843472317153,0.06151742993848257,3.7218045112781954,0.7997265892002734,0.030758714969241284,89.8,76.7,85.6,1.0,-7.3999999999999915,-12.599999999999994,2.799999999999997,-19.2,2.4000000000000057,-4.599999999999994,-0.04494381516204368,-0.005494800103272503,-0.16484400309817515,-0.46507095929432296,-0.13986395244418404,-3.1000000000000085,-108.0,1.0,0.0,0.0,0.0,0.0,0.0,0.0,0.0,0.0,1.0,0.0,0.0,0.0,0.0,bee704fc,2022,1,53.8
19.0,2156.0,51.7,42.1,37.6,40.1,16.0,42.2,40.6,41.4,0.21,0.3464749536178108,0.07096474953617811,1.9619666048237476,1.0018552875695732,4.299628942486085,0.7931354359925789,0.75139146567718,4.842300556586271,0.9601113172541744,82.47333333333334,17.34583333333333,62.567717996289424,1.0,-19.6,-26.0,-13.399999999999999,-34.699999999999996,5.300000000000004,-0.6000000000000014,-0.07180544917072523,-0.1033187516257119,-0.9659962146960044,-0.7197358909763469,0.0258676810629892,28.86198600558454,865.0,0.0,1.0,0.0,0.0,0.0,1.0,0.0,0.0,0.0,0.0,0.0,0.0,0.0,0.0,bf4c41f9,2022,1,45.05
23.0,1861.0,74.3,53.1,45.6,12.9,15.9,41.2,44.0,42.6,0.53,0.23696937130574963,0.14991939817302527,2.127888232133262,2.1762493283181086,6.093498119290704,1.69263836646964,1.4508328855454058,3.8688876947877486,0.9672219236969372,70.7,36.1,54.4,0.0,,,,,,,,,,,,,,0.0,0.0,1.0,0.0,0.0,0.0,0.0,0.0,1.0,0.0,0.0,0.0,0.0,0.0,bfdb33aa,2022,1,56.1
20.0,2254.0,35.2,63.6,75.1,20.0,22.0,35.8,48.8,42.3,2.53,0.011978704525288375,0.06787932564330079,1.9964507542147294,2.9547471162377996,5.909494232475599,1.836734693877551,3.5536823425022184,1.3975155279503106,0.8385093167701864,73.2,38.2,65.9,0.0,,,,,,,,,,,,,,1.0,0.0,0.0,0.0,1.0,0.0,0.0,0.0,0.0,0.0,0.0,0.0,0.0,0.0,c066d1a5,2022,1,44.2
22.0,2948.0,51.9,43.2,54.5,15.8,56.5,47.5,48.1,47.8,0.8,0.3388738127544098,0.14959294436906379,2.472862957937585,0.7937584803256446,4.274084124830394,1.4348710990502036,1.282225237449118,5.312075983717775,1.1601085481682498,67.1,36.8,86.2,1.0,-2.200000000000003,0.3999999999999986,-6.699999999999996,-3.1000000000000014,0.0,3.3999999999999986,0.05660243606243226,-0.055425213438793586,-0.14186137352494388,0.20343374516713908,-0.24618869696058843,-2.3999999999999915,-81.0,0.0,1.0,0.0,0.0,0.0,1.0,0.0,0.0,0.0,0.0,0.0,0.0,0.0,0.0,c0b3669f,2022,1,60.8
21.0,2845.0,72.4,40.7,59.6,29.6,50.7,48.5,55.3,51.9,0.31,0.243585237258348,0.11072056239015818,2.8154657293497363,1.961335676625659,3.3216168717047454,1.4235500878734622,3.5430579964850617,2.9420035149384884,1.1072056239015817,76.3,46.7,83.2,1.0,11.5,35.50000000000001,9.800000000000004,35.8,-3.799999999999997,-8.399999999999999,0.19024663591500546,0.04671424077814712,1.3575439592983733,0.47689146672647587,0.04114602826532732,9.200000000000003,314.0,0.0,0.0,1.0,1.0,0.0,0.0,0.0,0.0,0.0,0.0,0.0,0.0,0.0,0.0,c2731c10,2022,1,55.85
19.0,1141.0,37.4,73.5,87.1,36.4,70.2,57.7,65.7,61.7,0.42,0.1577563540753725,0.32340052585451357,2.9973707274320773,5.1270815074496054,9.544259421560035,1.89307624890447,2.7607361963190185,3.7072743207712535,1.89307624890447,72.5,30.0,33.4,0.0,,,,,,,,,,,,,,0.0,1.0,0.0,0.0,0.0,1.0,0.0,0.0,0.0,0.0,0.0,0.0,0.0,0.0,c4486bac,2022,1,83.65
23.0,1969.0,51.8,49.8,72.6,24.9,27.1,46.3,48.6,47.4,0.0,0.12341289994921281,0.12341289994921281,3.1995937023869985,3.0624682579989844,3.9766378872524126,1.4169629253428138,2.148298628745556,3.4281361097003558,1.5997968511934992,70.7,25.6,64.3,0.0,,,,,,,,,,,,,,0.0,0.0,1.0,0.0,0.0,0.0,0.0,0.0,1.0,0.0,0.0,0.0,0.0,0.0,c455a2b2,2022,1,43.0
19.0,1611.0,68.9,57.0,41.6,10.0,69.7,55.3,55.0,55.2,0.41,0.44134078212290506,0.22905027932960895,2.1787709497206706,1.3966480446927376,3.463687150837989,1.6201117318435756,1.8435754189944136,5.69832402234637,0.446927374301676,63.9,45.2,52.6,0.0,,,,,,,,,,,,,,0.0,1.0,0.0,0.0,0.0,1.0,0.0,0.0,0.0,0.0,0.0,0.0,0.0,0.0,c64c01fc,2022,1,55.6
22.0,1414.0,39.4,54.3,59.7,20.7,47.8,43.1,47.8,45.4,1.74,0.01272984441301273,0.04455445544554455,1.4002828854314004,3.6280056577086284,3.118811881188119,0.6364922206506365,5.346534653465347,1.0183875530410185,0.5728429985855729,69.39999999999999,55.0,41.3,1.0,-3.200000000000003,-11.800000000000004,5.199999999999996,-6.0,-8.3,-2.700000000000003,-0.008327712910337763,-0.0059836821304966245,0.09471433138367003,-1.0084693541885779,1.2274441228466721,-21.200000000000003,-723.0,1.0,0.0,0.0,0.0,1.0,0.0,0.0,0.0,0.0,0.0,0.0,0.0,0.0,0.0,c78b352d,2022,1,55.2
21.0,1322.0,59.5,34.6,15.7,10.6,68.7,34.8,33.1,34.0,0.31,0.2314674735249622,0.047655068078668684,1.497730711043873,1.497730711043873,3.2677760968229954,1.497730711043873,5.173978819969743,3.1996974281391832,0.680786686838124,56.9,39.0,38.7,0.0,,,,,,,,,,,,,,0.0,0.0,1.0,0.0,0.0,0.0,0.0,0.0,1.0,0.0,0.0,0.0,0.0,0.0,c8c0dccd,2022,0,
23.0,2492.0,28.7,48.3,35.7,35.4,51.7,37.0,39.9,38.4,0.61,0.2564205457463884,0.10473515248796147,2.0224719101123596,1.7696629213483146,4.767255216693418,0.6500802568218298,2.0947030497592296,4.875601926163724,0.8667736757624398,65.19205776173285,22.31227436823105,65.88820224719102,1.0,-10.100000000000001,-44.8,3.1999999999999957,-16.0,5.599999999999998,30.200000000000003,0.03883812816397078,0.01572416347697246,0.44005432769477704,-1.2657118162736145,-0.702864551179158,39.288202247191016,1582.0,0.0,1.0,0.0,0.0,0.0,1.0,0.0,0.0,0.0,0.0,0.0,0.0,0.0,0.0,c931d9f9,2022,0,
21.0,1144.0,51.1,49.4,51.8,30.9,28.5,36.7,43.2,40.0,0.96,0.039335664335664336,0.05506993006993007,1.3374125874125875,2.5961538461538463,3.9335664335664338,0.5506993006993007,3.5402097902097904,1.0227272727272727,0.6293706293706294,75.3,48.4,33.5,1.0,-9.0,-1.5,-15.000000000000007,-39.10000000000001,5.0,2.3000000000000007,0.016788691475539075,-0.10651670876096761,-0.8045498342993125,-1.1770807480619587,-1.9508190139714148,-36.5,-1251.0,1.0,0.0,0.0,0.0,1.0,0.0,0.0,0.0,0.0,0.0,0.0,0.0,0.0,0.0,ca3db240,2022,1,46.4
22.0,1159.0,67.1,15.5,42.4,42.8,43.2,47.0,43.3,45.2,0.39,0.3261432269197584,0.17860224331320101,1.8636755823986195,0.9318377911993098,1.630716134598792,0.23295944779982744,1.553062985332183,4.50388265746333,0.9318377911993098,77.1,31.000000000000004,33.9,0.0,,,,,,,,,,,,,,0.0,1.0,0.0,0.0,0.0,0.0,0.0,0.0,0.0,0.0,0.0,0.0,1.0,0.0,ca45605e,2022,0,
21.0,1056.0,72.2,48.4,80.7,17.0,61.5,54.1,51.8,53.0,0.42,0.13636363636363638,0.26420454545454547,3.5795454545454546,2.6420454545454546,4.176136363636364,1.1931818181818183,6.392045454545455,2.3011363636363638,2.3011363636363638,61.8,27.8,30.9,0.0,,,,,,,,,,,,,,0.0,0.0,1.0,0.0,0.0,0.0,1.0,0.0,0.0,0.0,0.0,0.0,0.0,0.0,caef7840,2022,0,
20.0,2052.0,72.6,59.7,76.5,7.6,55.1,53.9,56.1,55.0,0.89,0.17982456140350875,0.19736842105263158,3.508771929824561,3.3771929824561404,4.649122807017544,3.289473684210526,4.517543859649122,3.2017543859649122,1.7543859649122806,56.2,38.4,67.1,0.0,,,,,,,,,,,,,,0.0,0.0,1.0,0.0,0.0,0.0,0.0,0.0,1.0,0.0,0.0,0.0,0.0,0.0,cb11b429,2022,1,62.0
21.0,2778.0,23.9,56.9,18.6,68.6,74.4,49.3,65.0,57.2,0.87,0.042116630669546434,0.10691144708423325,1.42548596112311,4.114470842332613,4.1792656587473,0.4535637149028078,4.730021598272138,1.3606911447084233,0.6155507559395248,90.8,54.8,81.2,1.0,-2.8999999999999986,0.5999999999999979,3.299999999999997,-16.0,8.499999999999993,-11.299999999999997,0.017237570545151133,0.06337309186654148,-0.5337400236730196,0.19861603884405232,-0.39485880521403427,-3.3999999999999915,-116.0,0.0,0.0,1.0,0.0,0.0,0.0,0.0,0.0,0.0,0.0,1.0,0.0,0.0,0.0,cc77354e,2022,1,48.9
23.0,1492.0,41.9,20.6,27.2,32.3,56.6,35.2,31.8,33.5,0.08,0.3257372654155496,0.06635388739946381,1.7493297587131367,0.9048257372654155,2.0509383378016084,0.7238605898123324,1.4477211796246647,4.101876675603217,0.9048257372654155,72.0,43.1,43.6,1.0,6.100000000000001,2.8999999999999986,6.600000000000001,15.899999999999999,-14.400000000000006,16.6,0.008309879523433372,0.015005339681621481,0.488956314729734,0.5571624041916499,0.43802075801230345,-12.799999999999997,-436.0,0.0,1.0,0.0,0.0,0.0,0.0,0.0,0.0,0.0,0.0,0.0,0.0,1.0,0.0,cc83b74d,2022,0,
21.0,2250.0,63.9,43.9,29.1,69.1,60.0,56.2,60.2,58.2,0.75,0.07200000000000001,0.016,0.56,2.88,2.44,0.08,2.96,0.92,0.28,89.1,73.3,65.8,1.0,0.20000000000000284,21.4,-18.200000000000003,7.200000000000003,1.3999999999999915,2.5,0.03936174070716229,0.007840435176790572,0.20641885766092477,-1.1774070716228469,-1.8253490480507706,-31.0,-1059.0,1.0,0.0,0.0,0.0,0.0,0.0,0.0,0.0,0.0,0.0,0.0,1.0,0.0,0.0,ccce7025,2022,1,55.2
22.0,2853.0,83.0,87.3,99.6,29.5,26.4,49.5,69.1,59.3,0.4,0.0914826498422713,0.4069400630914827,4.73186119873817,8.769716088328076,4.921135646687698,0.8201892744479495,3.7854889589905363,2.807570977917981,2.807570977917981,74.4,45.0,83.4,1.0,-3.4000000000000057,1.9000000000000057,-5.5,1.0999999999999943,1.8999999999999986,-9.100000000000001,0.014280406358272615,0.15157879618287168,1.0796012185336172,-1.492589196598347,0.5150146696543718,-5.199999999999989,-178.0,1.0,0.0,0.0,0.0,1.0,0.0,0.0,0.0,0.0,0.0,0.0,0.0,0.0,0.0,cd1acf9d,2022,1,55.85
23.0,1239.0,42.6,66.1,74.8,19.7,49.1,52.5,56.9,54.7,0.49,0.05811138014527845,0.19612590799031476,3.1961259079903144,4.213075060532687,6.392251815980629,3.777239709443099,3.3414043583535107,1.3801452784503632,1.3801452784503632,74.3,38.2,36.2,0.0,,,,,,,,,,,,,,0.0,0.0,1.0,0.0,0.0,0.0,0.0,0.0,1.0,0.0,0.0,0.0,0.0,0.0,ce1806be,2022,0,
21.0,2946.0,39.2,65.9,52.3,64.8,49.9,56.6,55.6,56.1,0.29,0.06415478615071284,0.12830957230142567,2.627291242362525,6.262729124236253,6.873727087576374,0.7942973523421588,4.887983706720977,0.6109979633401221,1.1608961303462322,87.6,47.8,86.1,1.0,-2.8999999999999986,12.800000000000004,8.700000000000003,9.299999999999997,0.5,-23.000000000000007,0.019617290908992245,0.09062399940458517,0.5717145388984979,1.2208911530502995,1.6034219297177907,9.299999999999997,319.0,0.0,0.0,1.0,0.0,0.0,0.0,0.0,0.0,0.0,0.0,1.0,0.0,0.0,0.0,ce4f40c7,2022,1,49.7
21.0,2804.0,56.6,50.6,41.1,46.1,39.9,49.6,47.5,48.6,0.28,0.40763195435092725,0.13801711840228245,2.2146932952924394,1.733238231098431,2.664051355206847,1.0912981455064195,1.2517831669044224,4.878744650499287,1.0592011412268187,78.9,28.6,82.0,1.0,-8.799999999999997,-4.600000000000001,0.20000000000000284,-24.6,-2.5,-3.8000000000000043,0.059713517647443815,0.038611850772715756,-0.46160237165743334,-0.05047710698516639,0.3950903976234945,13.200000000000003,450.0,0.0,1.0,0.0,0.0,0.0,0.0,0.0,0.0,0.0,0.0,0.0,0.0,1.0,0.0,ce50fd99,2022,1,56.6
20.0,1116.0,47.7,59.3,45.4,44.4,20.6,46.0,49.3,47.6,0.91,0.0967741935483871,0.12903225806451613,2.5,3.064516129032258,6.693548387096774,1.9354838709677418,2.338709677419355,2.82258064516129,1.0483870967741935,84.6,23.6,32.6,0.0,,,,,,,,,,,,,,0.0,0.0,1.0,0.0,0.0,0.0,0.0,0.0,1.0,0.0,0.0,0.0,0.0,0.0,ce8039aa,2022,0,
21.0,1410.0,43.9,24.2,31.3,54.2,65.6,50.0,43.2,46.6,0.08,0.04468085106382979,0.019148936170212766,0.8297872340425532,1.3404255319148937,1.7872340425531916,0.4468085106382979,5.872340425531915,0.4468085106382979,0.3829787234042553,87.8,63.2,41.2,0.0,,,,,,,,,,,,,,1.0,0.0,0.0,0.0,0.0,0.0,0.0,0.0,0.0,1.0,0.0,0.0,0.0,0.0,cea59f02,2022,1,53.2
21.0,1620.0,71.6,57.9,69.0,49.8,24.2,55.5,56.9,56.2,0.2,0.1611111111111111,0.1388888888888889,2.7777777777777777,2.0,7.333333333333333,1.3888888888888888,1.9444444444444444,3.2777777777777777,1.1666666666666667,86.8,24.2,47.4,1.0,6.0,-1.4000000000000057,16.5,9.299999999999997,-5.600000000000001,-7.0,-0.009159159159159186,0.053753753753753755,0.2237237237237233,2.103603603603603,0.6621621621621621,25.799999999999997,880.0,0.0,0.0,1.0,0.0,0.0,0.0,0.0,0.0,1.0,0.0,0.0,0.0,0.0,0.0,cf007308,2022,1,43.6
22.0,3240.0,20.9,35.8,16.0,48.6,52.7,43.0,48.3,45.6,0.04,0.002777777777777778,0.005555555555555556,0.4166666666666667,2.1666666666666665,2.5,0.3055555555555556,3.5,0.2222222222222222,0.08333333333333333,81.5,47.7,94.7,0.0,,,,,,,,,,,,,,1.0,0.0,0.0,0.0,0.0,0.0,0.0,0.0,0.0,0.0,0.0,1.0,0.0,0.0,cf961d8d,2022,0,
23.0,1347.0,44.4,48.2,62.8,26.0,26.2,35.1,43.7,39.4,1.18,0.026726057906458798,0.13363028953229397,1.135857461024499,2.3385300668151445,3.6080178173719375,1.0690423162583518,3.0734966592427617,1.2026726057906458,0.734966592427617,73.8,48.3,39.4,0.0,,,,,,,,,,,,,,1.0,0.0,0.0,0.0,1.0,0.0,0.0,0.0,0.0,0.0,0.0,0.0,0.0,0.0,cfa49cc1,2022,0,
22.0,1016.0,33.8,22.6,27.1,22.9,55.8,31.3,32.8,32.0,0.55,0.26574803149606296,0.0797244094488189,1.7716535433070866,0.9744094488188976,1.5059055118110236,0.8858267716535433,1.7716535433070866,4.074803149606299,0.7972440944881889,65.2,26.1,33.2,0.0,,,,,,,,,,,,,,0.0,1.0,0.0,0.0,0.0,0.0,0.0,1.0,0.0,0.0,0.0,0.0,0.0,0.0,d01231f0,2022,0,
21.0,3222.0,57.6,53.2,25.0,68.8,53.9,54.8,57.1,56.0,0.3,0.0670391061452514,0.0335195530726257,0.5865921787709497,2.7653631284916202,2.7653631284916202,0.335195530726257,2.5418994413407825,0.8379888268156426,0.13966480446927376,87.5,59.400000000000006,94.2,0.0,,,,,,,,,,,,,,1.0,0.0,0.0,0.0,0.0,0.0,0.0,0.0,0.0,0.0,0.0,1.0,0.0,0.0,d0706b27,2022,1,55.5
23.0,2053.0,27.1,44.2,34.2,43.5,61.6,37.1,39.2,38.2,1.06,0.22795908426692646,0.06575742815392109,1.9288845591816854,1.00828056502679,3.419386264003897,1.446663419386264,1.534339990258159,4.2961519727228445,0.6137359961032636,70.6,32.2,60.0,0.0,,,,,,,,,,,,,,0.0,1.0,0.0,0.0,0.0,1.0,0.0,0.0,0.0,0.0,0.0,0.0,0.0,0.0,d125f22f,2022,0,
22.0,2211.0,53.4,77.2,59.0,50.1,66.2,63.0,63.9,63.4,0.51,0.03256445047489824,0.08548168249660787,0.9362279511533242,5.82089552238806,5.576662143826323,0.40705563093622793,5.169606512890095,0.9362279511533242,0.40705563093622793,90.5,59.2,72.3,1.0,-2.6999999999999957,-3.5,0.0,17.299999999999997,-10.799999999999997,-4.099999999999994,-0.017650141799779875,0.062305716831371816,0.009189324543882216,-0.10144944415650947,1.0698225610146697,-3.799999999999997,-119.0,1.0,0.0,0.0,0.0,0.0,0.0,0.0,0.0,0.0,1.0,0.0,0.0,0.0,0.0,d248cd8f,2022,1,61.75
23.0,1260.0,15.2,22.0,13.1,40.3,86.7,32.6,58.2,45.4,1.29,0.04285714285714286,0.02142857142857143,1.0714285714285714,2.5,2.357142857142857,0.9285714285714286,4.714285714285714,0.5,0.35714285714285715,74.6,55.8,41.2,1.0,-4.300000000000004,-5.199999999999999,-7.300000000000001,4.699999999999999,-7.5,-3.299999999999997,0.02159730033745782,-0.014004499437570303,-0.06242969628796402,0.5146231721034871,-0.9015748031496065,-0.29999999999999716,-10.0,0.0,0.0,1.0,0.0,0.0,0.0,0.0,0.0,0.0,0.0,1.0,0.0,0.0,0.0,d25fee56,2022,0,
23.0,1193.0,17.0,18.9,12.7,19.0,77.3,26.2,47.7,37.0,0.6,0.03772003352891869,0.015088013411567477,1.2824811399832354,2.2632020117351215,2.036881810561609,0.603520536462699,6.186085498742665,1.0561609388097233,0.5280804694048616,67.6,51.4,39.0,0.0,,,,,,,,,,,,,,0.0,0.0,1.0,0.0,0.0,0.0,0.0,0.0,0.0,0.0,1.0,0.0,0.0,0.0,d3112d86,2022,0,
23.0,1575.0,64.0,72.4,77.4,18.6,58.4,53.4,61.9,57.6,1.3,0.05714285714285714,0.16,1.4285714285714286,4.457142857142857,5.257142857142857,1.0285714285714285,4.914285714285715,2.1714285714285713,0.7428571428571429,79.1,54.7,46.1,1.0,5.200000000000003,0.5,12.600000000000009,-11.799999999999997,6.800000000000001,9.100000000000001,0.018615459882583167,0.04441780821917808,-0.7289628180039138,-0.5219667318982388,1.991389432485323,11.899999999999999,407.0,1.0,0.0,0.0,0.0,1.0,0.0,0.0,0.0,0.0,0.0,0.0,0.0,0.0,0.0,d38fdf53,2022,1,61.45
23.0,2307.0,78.9,58.3,86.8,21.6,14.9,53.3,67.2,60.2,0.24,0.19115734720416128,0.2535760728218466,4.291287386215865,3.237971391417425,6.0468140442132645,1.1703511053315996,0.8972691807542262,2.7698309492847857,2.223667100130039,71.803125,32.82890625,66.19830949284786,1.0,-2.799999999999997,-2.0999999999999943,-9.0,2.5999999999999943,-1.1999999999999993,-3.200000000000001,0.012546542353003592,0.06504244547895793,0.6694571767340567,-1.0976181498330426,-0.9296140551095875,6.898309492847858,493.0,0.0,0.0,1.0,1.0,0.0,0.0,0.0,0.0,0.0,0.0,0.0,0.0,0.0,0.0,d4a2533d,2022,0,
23.0,2711.0,88.4,83.3,94.2,26.2,33.7,50.5,68.0,59.2,0.56,0.12947251936554777,0.22906676503135376,2.921431206196975,4.083364072298044,6.407229804500184,1.5603098487642935,3.8841755809664327,2.2574695684249355,1.6599040944300996,81.2,60.0,79.3,1.0,-6.3999999999999915,-1.7999999999999972,-3.0,2.1000000000000085,0.5,-19.5,-0.002474292772195158,0.07870876980462344,0.49729209948030295,-2.3073968576205113,-0.8262847514319249,-6.5,-222.0,1.0,0.0,0.0,0.0,1.0,0.0,0.0,0.0,0.0,0.0,0.0,0.0,0.0,0.0,d4c9725f,2022,1,57.1
23.0,1463.0,23.7,30.2,20.0,58.1,56.7,36.8,49.6,43.2,0.57,0.043062200956937795,0.04921394395078606,1.2303485987696514,2.2146274777853723,3.9986329460013668,0.6151742993848257,6.2747778537252215,0.6151742993848257,0.49213943950786054,85.4,39.1,42.8,1.0,-5.5,-2.3000000000000007,-17.099999999999998,6.6,0.5,-7.5,-0.0017139184460472773,-0.010487548586527375,-0.41144244600646784,-0.4789789942971403,-1.2182083431101498,25.199999999999996,860.0,0.0,0.0,1.0,0.0,0.0,0.0,0.0,0.0,0.0,0.0,1.0,0.0,0.0,0.0,d4d35152,2022,1,39.8
18.0,1884.0,55.2,78.1,83.2,31.9,43.6,52.1,63.3,57.7,0.63,0.03343949044585987,0.20541401273885349,1.8630573248407643,3.678343949044586,6.735668789808917,1.1464968152866242,5.302547770700637,1.767515923566879,1.1464968152866242,87.0,38.1,55.1,0.0,,,,,,,,,,,,,,1.0,0.0,0.0,0.0,1.0,0.0,0.0,0.0,0.0,0.0,0.0,0.0,0.0,0.0,d56b9520,2022,1,58.5
22.0,1344.0,79.5,65.1,57.0,20.7,41.9,44.6,53.2,48.9,1.06,0.1607142857142857,0.06696428571428571,1.6071428571428572,2.7455357142857144,5.758928571428571,1.40625,5.089285714285714,1.8080357142857142,0.7366071428571428,73.3,47.5,39.3,0.0,,,,,,,,,,,,,,1.0,0.0,0.0,0.0,1.0,0.0,0.0,0.0,0.0,0.0,0.0,0.0,0.0,0.0,d5d22a58,2022,1,45.55
21.0,2674.0,67.6,38.5,31.4,75.6,62.7,58.2,63.0,60.6,0.93,0.06394913986537022,0.04038893044128646,0.6394913986537023,1.7165295437546746,2.7935676888556467,0.06731488406881077,2.6925953627524306,1.31264023934181,0.26925953627524307,89.9,68.1,78.2,1.0,-1.6000000000000014,4.499999999999993,-15.600000000000001,-25.9,2.0999999999999943,3.200000000000003,0.011246437162667523,0.0039024439547999737,-0.3740221148598111,-0.4496755543875963,-1.0807677535426228,13.299999999999997,454.0,1.0,0.0,0.0,0.0,0.0,0.0,0.0,0.0,0.0,0.0,0.0,1.0,0.0,0.0,d6e53a3a,2022,1,56.8
20.0,1740.0,81.1,86.6,94.6,36.8,42.3,56.9,71.7,64.3,1.61,0.11379310344827588,0.2120689655172414,3.103448275862069,5.275862068965518,11.327586206896552,3.6724137931034484,4.344827586206897,4.758620689655173,1.7068965517241381,84.1,48.4,56.9,1.0,-1.1000000000000085,33.49999999999999,-3.5,15.799999999999997,-1.9000000000000057,-16.900000000000006,0.10358323390772001,0.11507520488196062,0.7041289338314392,2.8533944882351783,-0.18641813523187345,-0.7000000000000028,-23.0,1.0,0.0,0.0,0.0,1.0,0.0,0.0,0.0,0.0,0.0,0.0,0.0,0.0,0.0,d781d855,2022,1,62.650000000000006
22.0,1248.0,45.9,16.8,35.1,62.1,61.4,49.3,56.2,52.8,1.37,0.014423076923076924,0.04326923076923077,0.6490384615384616,1.875,1.4423076923076923,0.14423076923076922,2.7403846153846154,0.3605769230769231,0.14423076923076922,83.40000000000002,67.7,36.5,0.0,,,,,,,,,,,,,,1.0,0.0,0.0,0.0,0.0,0.0,0.0,0.0,0.0,0.0,0.0,1.0,0.0,0.0,d8800a46,2022,0,
22.0,1801.0,51.4,77.4,81.9,35.4,64.7,61.0,67.1,64.0,0.53,0.03498056635202665,0.06496390893947807,1.8489727928928372,4.947251526929483,4.8972792892837305,0.7995558023320377,5.097168239866741,1.399222654081066,0.7995558023320377,79.8,63.3,52.70000000000001,1.0,0.6000000000000014,-20.699999999999996,12.900000000000006,4.0,0.5,-5.8999999999999915,0.0019530434162468302,-0.009348017666026526,0.3627342607827455,0.27342607827455634,1.479361618672602,20.80000000000001,711.0,1.0,0.0,0.0,0.0,1.0,0.0,0.0,0.0,0.0,0.0,0.0,0.0,0.0,0.0,d9565625,2022,1,58.3
23.0,1525.0,37.5,76.3,56.7,48.8,61.0,58.8,58.9,58.8,0.38,0.05311475409836066,0.09442622950819674,2.9508196721311477,6.727868852459017,6.4327868852459025,2.3016393442622953,5.547540983606558,0.8852459016393444,1.1803278688524592,86.9,42.5,44.6,1.0,1.0,6.699999999999999,9.700000000000003,15.400000000000006,-8.5,-5.599999999999994,-0.007971218752318078,0.053702247607744245,1.1861137897782064,0.867176025517395,1.5016245085676143,5.800000000000004,199.0,0.0,0.0,1.0,0.0,0.0,0.0,0.0,0.0,0.0,0.0,1.0,0.0,0.0,0.0,db092d3b,2022,1,55.6
21.0,1900.0,70.8,70.8,85.8,33.2,16.5,58.2,62.8,60.5,0.72,0.18947368421052632,0.23210526315789476,3.8842105263157896,3.4105263157894736,9.947368421052632,2.2736842105263158,1.9894736842105263,5.494736842105263,1.9421052631578948,82.5,8.3,55.6,1.0,-12.099999999999994,-19.700000000000003,-16.5,-13.200000000000003,4.700000000000003,-13.399999999999999,-0.06367859512991983,-0.10397621113890448,-1.5716575629179639,-0.4842513655623044,-3.0492215018632907,-11.800000000000004,-162.0,0.0,0.0,1.0,0.0,0.0,0.0,0.0,0.0,1.0,0.0,0.0,0.0,0.0,0.0,dbf053da,2022,1,63.650000000000006
21.0,1964.0,17.2,9.4,6.9,55.7,78.7,29.7,55.9,42.8,0.59,0.022912423625254582,0.045824847250509164,0.6873727087576375,1.6038696537678208,0.9623217922606925,0.32077393075356414,4.445010183299389,0.824847250509165,0.32077393075356414,78.9,56.3,57.4,0.0,,,,,,,,,,,,,,0.0,0.0,1.0,0.0,0.0,0.0,0.0,0.0,0.0,0.0,1.0,0.0,0.0,0.0,dc3e663e,2022,1,49.400000000000006
22.0,1127.0,87.4,45.9,50.7,35.0,59.9,63.8,67.5,65.6,0.04,0.4951197870452529,0.23957409050576753,1.9964507542147294,1.9964507542147294,3.194321206743567,0.7187222715173026,2.7950310559006213,5.749778172138421,0.6388642413487134,72.8536,23.9776,29.45314995563443,1.0,6.799999999999997,2.700000000000003,-23.9,-28.700000000000003,25.6,23.6,0.23965212766879873,0.05111434178543248,-2.4009433825930886,-3.380830026388123,-1.1026651136307801,-40.74685004436557,-1022.0,0.0,1.0,0.0,0.0,0.0,0.0,0.0,0.0,0.0,0.0,0.0,0.0,0.0,1.0,dc62b55d,2022,1,66.3
21.0,1256.0,84.6,64.4,70.1,18.7,57.9,58.4,60.0,59.2,0.05,0.34394904458598724,0.14331210191082802,3.3678343949044587,2.8662420382165603,5.947452229299363,1.7197452229299364,3.9410828025477707,4.800955414012739,0.9315286624203821,75.4,35.2,41.0,0.0,,,,,,,,,,,,,,0.0,0.0,1.0,0.0,0.0,0.0,0.0,0.0,1.0,0.0,0.0,0.0,0.0,0.0,dcfb17f4,2022,0,
21.0,2292.0,71.0,64.0,65.7,27.2,54.2,51.4,57.7,54.6,0.75,0.08638743455497383,0.04712041884816754,1.4136125654450262,3.455497382198953,4.12303664921466,0.43193717277486915,5.850785340314136,1.8848167539267018,0.5890052356020943,74.8,58.2,67.0,0.0,,,,,,,,,,,,,,1.0,0.0,0.0,0.0,1.0,0.0,0.0,0.0,0.0,0.0,0.0,0.0,0.0,0.0,de40e38c,2022,0,
20.0,1855.0,27.8,48.6,42.7,53.6,45.7,44.9,46.9,45.9,0.67,0.04851752021563342,0.08247978436657682,2.3288409703504045,4.512129380053908,3.881401617250674,0.7277628032345014,3.929919137466307,0.48517520215633425,1.2129380053908356,79.8,31.6,54.2,0.0,,,,,,,,,,,,,,0.0,0.0,1.0,0.0,0.0,0.0,1.0,0.0,0.0,0.0,0.0,0.0,0.0,0.0,df10e27c,2022,1,56.1
21.0,2033.0,87.4,57.7,84.7,32.0,26.4,57.7,59.1,58.4,0.25,0.25233644859813087,0.23462862764387604,3.0988686669945893,2.6119035907525823,5.88785046728972,1.7707820954254796,3.4530250860796854,5.268076733890802,1.5937038858829315,82.46814159292035,29.89292035398229,31.46979832759469,1.0,-3.200000000000003,17.700000000000003,-10.0,0.5,7.399999999999999,1.0,0.11193083237348189,-0.055542979220398525,-1.3005073080444123,-2.349279017889687,-0.8046330707138765,-24.73020167240531,110.0,0.0,0.0,1.0,0.0,0.0,0.0,0.0,0.0,1.0,0.0,0.0,0.0,0.0,0.0,df3cda47,2022,1,61.900000000000006
22.0,2377.0,64.4,58.3,78.7,38.9,49.6,52.3,59.4,55.8,0.94,0.0681531342027766,0.11358855700462768,1.8552797644089187,3.256205300799327,4.9221708035338665,0.6815313420277661,4.808582246529238,2.536811106436685,0.9844341607067733,81.79090909090908,47.52878787878788,64.34602440050483,1.0,-2.4000000000000057,6.400000000000006,-6.799999999999997,-2.0999999999999943,5.699999999999996,-6.600000000000001,0.02301772798412064,0.03234482581104693,-0.07049756758706915,-0.3135363178302253,-0.11390503019365195,-23.15397559949517,-614.0,1.0,0.0,0.0,0.0,1.0,0.0,0.0,0.0,0.0,0.0,0.0,0.0,0.0,0.0,df8b52a5,2022,1,54.7
21.0,2424.0,61.7,62.2,39.2,53.3,39.3,48.5,52.6,50.6,0.55,0.07054455445544554,0.014851485148514853,0.7054455445544554,3.23019801980198,3.8613861386138613,0.556930693069307,4.158415841584159,0.8168316831683168,0.22277227722772278,83.8,45.9,70.9,0.0,,,,,,,,,,,,,,1.0,0.0,0.0,0.0,0.0,0.0,0.0,0.0,0.0,1.0,0.0,0.0,0.0,0.0,df8d6029,2022,1,58.900000000000006
23.0,906.0,44.5,41.9,34.8,14.3,84.4,51.4,60.4,55.9,1.18,0.029801324503311258,0.009933774834437087,0.49668874172185434,2.980132450331126,2.8807947019867552,0.2980132450331126,5.860927152317881,0.794701986754967,0.19867549668874174,68.6,57.8,29.6,0.0,,,,,,,,,,,,,,1.0,0.0,0.0,0.0,0.0,0.0,0.0,0.0,0.0,0.0,0.0,1.0,0.0,0.0,df9c3473,2022,0,
22.0,1416.0,34.1,37.9,30.0,43.8,67.6,41.4,41.7,41.6,0.18,0.07627118644067797,0.07627118644067797,1.9067796610169492,3.3686440677966103,2.415254237288136,0.826271186440678,6.2923728813559325,0.5720338983050848,1.0805084745762712,74.9,39.3,41.4,1.0,0.30000000000000426,-10.5,-8.800000000000004,-1.0,8.399999999999999,14.399999999999991,0.0043922457092782224,0.0081753478530361,0.015228589138008397,-1.1786927992818517,-0.4522890973988498,-28.199999999999996,-963.0,0.0,0.0,1.0,0.0,0.0,0.0,1.0,0.0,0.0,0.0,0.0,0.0,0.0,0.0,e1df6989,2022,0,
22.0,1553.0,31.9,47.7,27.1,46.0,54.4,41.9,48.8,45.3,0.09,0.05795235028976175,0.0695428203477141,1.9124275595621376,3.3612363168061816,3.998712169993561,1.796522858982614,4.578235672891178,0.5795235028976174,0.6374758531873792,83.8,38.9,45.4,1.0,10.5,-8.5,17.500000000000004,-6.0,13.700000000000003,8.299999999999997,-0.044570025625616606,0.025604659241123373,0.5942827263644159,1.582113309131071,1.0910979929656608,9.5,324.0,0.0,0.0,1.0,0.0,0.0,0.0,0.0,0.0,0.0,0.0,1.0,0.0,0.0,0.0,e2f9bb5f,2022,0,
21.0,2496.0,70.2,51.7,82.2,20.9,18.1,34.5,49.8,42.2,1.65,0.07211538461538461,0.12980769230769232,1.9110576923076923,1.766826923076923,4.326923076923077,1.189903846153846,2.8846153846153846,1.9471153846153846,1.1538461538461537,72.1,40.4,73.0,0.0,,,,,,,,,,,,,,1.0,0.0,0.0,0.0,1.0,0.0,0.0,0.0,0.0,0.0,0.0,0.0,0.0,0.0,e3756e72,2022,1,48.95
23.0,1917.0,74.3,19.6,24.0,61.4,74.6,55.2,64.8,60.0,1.71,0.14084507042253522,0.02816901408450704,0.3755868544600939,0.9859154929577465,0.7981220657276995,0.09389671361502347,4.460093896713615,1.6431924882629108,0.046948356807511735,87.3,72.1,56.1,1.0,8.0,7.200000000000003,-13.299999999999997,-3.1000000000000014,-12.899999999999999,26.099999999999994,0.0929727299970033,-0.019703326341024875,-0.19888123064628904,-0.7337928278893218,-1.0247228049145938,28.6,977.0,1.0,0.0,0.0,0.0,0.0,0.0,0.0,0.0,0.0,0.0,0.0,1.0,0.0,0.0,e3cceee6,2022,0,
22.0,2479.0,88.2,73.8,85.5,46.8,17.8,46.6,62.9,54.8,0.78,0.10891488503428802,0.17063331988705124,1.6700282371924162,3.5578862444534085,6.244453408632513,0.9802339653085922,4.610730133118193,3.0859217426381607,1.0528438886647842,89.3,33.3,72.5,1.0,1.5999999999999943,-7.700000000000003,0.29999999999999716,-9.5,11.599999999999994,4.700000000000001,-0.049809317592353644,-0.03874754315234838,-0.8628047834454824,-1.2189612255138291,-0.629731016334584,-5.400000000000006,-186.0,1.0,0.0,0.0,0.0,1.0,0.0,0.0,0.0,0.0,0.0,0.0,0.0,0.0,0.0,e42d61c7,2022,1,62.349999999999994
21.0,2413.0,20.4,38.1,7.7,63.1,58.5,37.4,52.1,44.8,0.09,0.026108578532946538,0.033568172399502695,0.8578532946539578,3.2449233319519273,3.2449233319519273,0.6713634479900539,3.39411520928305,0.48487360132615004,0.2610857853294654,86.69999999999999,40.4,70.6,0.0,,,,,,,,,,,,,,0.0,0.0,1.0,0.0,0.0,0.0,0.0,0.0,0.0,0.0,1.0,0.0,0.0,0.0,e472a6f6,2022,0,
23.0,2174.0,69.7,58.9,46.6,13.7,41.6,54.5,53.7,54.1,0.1,0.5050597976080956,0.12419503219871206,2.276908923643054,1.987120515179393,2.6080956761729532,1.283348666053358,0.9521619135234591,5.63017479300828,0.9935602575896965,69.0,28.6,71.0,1.0,9.899999999999999,12.300000000000004,18.4,-1.3999999999999986,-0.20000000000000107,7.899999999999999,0.10108628767432076,0.03810231696692397,0.0914784600668952,0.35644004703388044,1.2586436939873398,26.6,815.0,0.0,1.0,0.0,0.0,0.0,0.0,0.0,0.0,0.0,0.0,0.0,0.0,0.0,1.0,e5478b87,2022,1,44.0
19.0,1468.0,43.1,53.6,68.6,43.3,51.2,52.6,53.9,53.2,0.61,0.07356948228882834,0.1594005449591281,3.3106267029972756,3.3106267029972756,4.475476839237057,1.164850136239782,5.088555858310627,0.6743869209809265,1.9618528610354224,79.6,26.7,42.9,1.0,2.4000000000000057,2.8999999999999986,9.800000000000004,16.39999999999999,-17.0,-4.399999999999999,0.005330223653613506,0.038086307385412826,1.0359847484901143,0.3811213211241675,-0.25297902573060993,8.199999999999996,281.0,0.0,0.0,1.0,0.0,0.0,0.0,1.0,0.0,0.0,0.0,0.0,0.0,0.0,0.0,e58cbfd5,2022,1,53.8
22.0,2134.0,57.6,71.9,85.7,42.8,48.1,63.7,67.6,65.6,0.28,0.2656982193064667,0.18978444236176195,3.626991565135895,2.867853795688847,5.946579194001874,1.3495782567947516,1.3074039362699157,3.7113402061855667,1.8556701030927834,76.0,33.3,62.400000000000006,1.0,9.199999999999996,-27.9,16.900000000000006,14.600000000000009,27.299999999999997,28.3,0.0746677502890069,0.004916246538413771,0.3609867722567439,0.18485375750752286,0.1564535902797406,-23.0,-787.0,0.0,1.0,0.0,0.0,0.0,0.0,0.0,0.0,0.0,0.0,0.0,0.0,1.0,0.0,e5bf73f3,2022,0,
22.0,1455.0,37.4,54.0,55.5,20.7,44.2,41.1,45.8,43.4,0.65,0.024742268041237112,0.06185567010309278,1.1752577319587627,3.587628865979381,3.4639175257731956,0.8659793814432989,5.257731958762887,0.43298969072164945,0.6185567010309277,73.6,40.9,47.5,0.0,,,,,,,,,,,,,,1.0,0.0,0.0,0.0,1.0,0.0,0.0,0.0,0.0,0.0,0.0,0.0,0.0,0.0,e6c15f6e,2022,0,
23.0,1645.0,28.9,39.7,24.7,47.4,73.4,41.7,57.2,49.4,2.1,0.0547112462006079,0.04376899696048632,1.3130699088145896,3.0638297872340425,2.3525835866261398,1.1489361702127658,4.43161094224924,1.0395136778115501,0.6565349544072948,83.6,52.8,48.1,1.0,3.6000000000000014,-11.5,4.900000000000006,8.399999999999999,13.199999999999996,-1.2999999999999972,-0.04658745509809339,0.00480795799944736,-0.05056645482177391,0.36557059961315286,-0.442663719259464,-19.4,-665.0,0.0,0.0,1.0,0.0,0.0,0.0,0.0,0.0,0.0,0.0,1.0,0.0,0.0,0.0,e778654a,2022,1,54.0
18.0,1396.0,83.6,38.3,86.4,29.4,26.9,38.6,51.2,44.9,1.58,0.15472779369627507,0.10959885386819485,1.9340974212034383,1.5472779369627507,2.0630372492836675,0.9025787965616046,3.2234957020057307,1.8696275071633237,1.160458452722063,78.7,41.9,45.6,0.0,,,,,,,,,,,,,,1.0,0.0,0.0,0.0,1.0,0.0,0.0,0.0,0.0,0.0,0.0,0.0,0.0,0.0,e79269bd,2022,1,55.0
18.0,1851.0,90.4,81.2,98.8,17.9,17.7,63.9,69.8,66.8,0.1,0.3014586709886548,0.4035656401944895,4.959481361426256,4.959481361426256,7.050243111831443,2.1880064829821717,2.771474878444084,4.473257698541329,2.7228525121555918,74.8,25.5,60.5,1.0,8.199999999999996,15.200000000000003,9.900000000000006,20.39999999999999,-7.700000000000003,-0.3000000000000007,0.1395881673915325,0.26597571213693555,1.4792655340881269,1.1824373564357593,0.7913158938003573,-12.200000000000003,-373.0,0.0,0.0,1.0,0.0,0.0,0.0,0.0,0.0,1.0,0.0,0.0,0.0,0.0,0.0,e7fcf289,2022,1,77.4
22.0,1097.0,50.7,56.9,46.0,51.2,60.5,53.2,56.4,54.8,0.41,0.08204193254329992,0.20510483135824978,2.051048313582498,6.153144940747493,3.773928896991796,0.5742935278030994,6.809480401093893,0.5742935278030994,0.7383773928896992,86.3,50.0,35.8,0.0,,,,,,,,,,,,,,0.0,0.0,1.0,0.0,0.0,0.0,0.0,0.0,0.0,0.0,1.0,0.0,0.0,0.0,e82adcab,2022,1,64.2
19.0,1644.0,36.7,73.2,53.8,15.6,75.8,49.2,56.6,52.9,0.51,0.25729927007299275,0.17518248175182483,2.6824817518248176,3.0656934306569346,4.872262773722628,2.791970802919708,2.2445255474452557,4.927007299270073,0.9306569343065694,68.9,36.5,48.10000000000001,0.0,,,,,,,,,,,,,,0.0,1.0,0.0,0.0,0.0,1.0,0.0,0.0,0.0,0.0,0.0,0.0,0.0,0.0,e8832875,2022,1,60.099999999999994
22.0,1012.0,81.6,53.4,71.9,19.5,38.1,52.3,53.3,52.8,0.56,0.17786561264822134,0.26679841897233203,3.112648221343874,1.4229249011857708,5.869565217391305,1.956521739130435,3.379446640316206,4.980237154150198,1.7786561264822136,74.9,41.7,29.6,0.0,,,,,,,,,,,,,,0.0,0.0,1.0,0.0,0.0,0.0,0.0,0.0,1.0,0.0,0.0,0.0,0.0,0.0,eab85789,2022,0,
22.0,1350.0,53.0,53.9,55.0,61.8,56.9,57.1,56.9,57.0,0.63,0.03333333333333333,0.06666666666666667,1.3333333333333333,3.7333333333333334,4.133333333333334,0.13333333333333333,4.6,1.1333333333333333,0.6666666666666666,88.6,71.4,39.5,0.0,,,,,,,,,,,,,,1.0,0.0,0.0,0.0,0.0,0.0,0.0,0.0,0.0,1.0,0.0,0.0,0.0,0.0,eab957a3,2022,1,47.8
23.0,1495.0,43.1,44.2,83.5,37.7,48.8,48.3,53.9,51.1,0.4,0.018060200668896322,0.0903010033444816,1.745819397993311,3.130434782608696,3.190635451505017,0.3010033444816054,3.6722408026755855,0.5418060200668896,1.0234113712374582,78.0,52.4,43.7,1.0,-1.2999999999999972,4.600000000000001,-14.199999999999996,1.5999999999999943,15.800000000000004,-5.400000000000006,0.010497175458812288,-0.008018324386610848,-0.22056715662853787,-1.195919170343723,-1.6342710997442453,8.900000000000006,305.0,1.0,0.0,0.0,0.0,1.0,0.0,0.0,0.0,0.0,0.0,0.0,0.0,0.0,0.0,eb76987d,2022,0,
21.0,1830.0,41.3,28.6,12.4,66.1,36.6,40.2,42.8,41.5,0.15,0.04426229508196722,0.0,0.3442622950819672,1.5737704918032789,1.7704918032786887,0.29508196721311475,2.6065573770491803,0.8852459016393444,0.0,86.7,38.8,53.5,0.0,,,,,,,,,,,,,,1.0,0.0,0.0,0.0,0.0,0.0,0.0,0.0,0.0,0.0,0.0,1.0,0.0,0.0,ec1a731e,2022,1,43.8
21.0,2128.0,71.3,82.2,88.1,59.3,35.7,72.1,75.2,73.6,0.46,0.42293233082706766,0.274906015037594,3.5103383458646613,3.214285714285714,5.540413533834586,1.6494360902255638,1.5225563909774436,6.386278195488721,1.6917293233082706,80.7,19.5,62.2,1.0,-4.6000000000000085,3.3999999999999915,-7.799999999999997,-4.400000000000006,-1.0,-24.799999999999997,0.14446698429241417,0.07441096553264348,-0.221097297699695,-2.089536961214918,-0.12729844413012747,14.900000000000013,512.0,0.0,1.0,0.0,0.0,0.0,1.0,0.0,0.0,0.0,0.0,0.0,0.0,0.0,0.0,ed1e53f3,2022,1,71.8
23.0,2173.0,62.1,36.5,18.8,20.8,56.9,43.7,39.7,41.7,0.12,0.5425678785089737,0.09111826967326277,1.946617579383341,0.9111826967326276,2.3607915324436264,2.029452369995398,1.0354348826507132,5.135757017947538,0.704095720202485,71.2,35.0,63.5,0.0,,,,,,,,,,,,,,0.0,1.0,0.0,0.0,0.0,1.0,0.0,0.0,0.0,0.0,0.0,0.0,0.0,0.0,ed5c0319,2022,1,48.55
22.0,2597.0,13.4,42.9,10.8,66.8,62.4,39.7,55.5,47.6,0.55,0.01732768579129765,0.013862148633038123,1.2129380053908356,3.084328070850982,4.123989218328841,0.45051983057373896,4.505198305737389,0.1732768579129765,0.41586445899114366,90.8,31.9,75.9,1.0,4.899999999999999,-30.9,11.7,-9.8,7.799999999999997,15.0,-0.059870312779109786,-0.005437351009563735,-0.2666903005419736,0.7144109481358463,0.897051444689438,35.00000000000001,1198.0,0.0,0.0,1.0,0.0,0.0,0.0,0.0,0.0,0.0,0.0,1.0,0.0,0.0,0.0,ed5c5fa3,2022,1,41.900000000000006
23.0,1181.0,79.2,59.5,68.5,31.6,39.3,46.3,55.5,50.9,1.31,0.06096528365791702,0.14479254868755292,1.371718882303133,1.9051651143099069,4.953429297205758,1.2955122777307366,4.49618966977138,2.972057578323455,0.838272650296359,78.4,46.2,34.5,1.0,-6.700000000000003,-1.0999999999999943,-8.200000000000003,-20.5,4.600000000000001,-6.400000000000006,-0.0028079670063876766,0.0013027346928673467,-0.8603448909475315,-1.1050295159031887,-1.1240642922445663,1.5,52.0,1.0,0.0,0.0,0.0,1.0,0.0,0.0,0.0,0.0,0.0,0.0,0.0,0.0,0.0,ed9f7cfe,2022,1,45.2
22.0,1865.0,68.5,65.3,80.5,32.3,35.0,57.7,60.7,59.2,0.68,0.17372654155495978,0.20750670241286864,3.474530831099196,3.233243967828418,7.624664879356569,2.557640750670241,3.329758713136729,3.4262734584450403,1.737265415549598,79.1,44.4,54.5,1.0,9.0,9.100000000000001,16.199999999999996,12.5,-5.400000000000006,1.5,0.06658368441210263,0.06911384527001149,0.2602451168134814,2.937164879356569,0.42074396782841816,-4.399999999999999,-151.0,0.0,0.0,1.0,0.0,0.0,0.0,0.0,0.0,1.0,0.0,0.0,0.0,0.0,0.0,ee251371,2022,1,55.75
20.0,1120.0,50.6,70.3,59.9,15.5,59.0,52.6,49.5,51.0,0.04,0.10446428571428572,0.11249999999999999,2.0892857142857144,4.098214285714286,4.660714285714286,1.7678571428571428,3.857142857142857,3.696428571428571,0.8035714285714286,72.1,33.3,32.7,0.0,,,,,,,,,,,,,,0.0,0.0,1.0,0.0,0.0,0.0,0.0,0.0,0.0,0.0,1.0,0.0,0.0,0.0,ee45fd85,2022,1,60.150000000000006
22.0,1381.0,53.6,31.6,20.5,61.7,55.5,48.7,53.9,51.3,0.35,0.08472121650977553,0.0065170166545981175,0.5865314989138305,1.8247646632874728,2.737146994931209,0.13034033309196233,4.301230992034757,0.9775524981897176,0.13034033309196233,85.7,60.0,40.4,0.0,,,,,,,,,,,,,,1.0,0.0,0.0,0.0,0.0,0.0,0.0,0.0,0.0,0.0,0.0,1.0,0.0,0.0,ee644761,2022,1,62.95
23.0,2844.0,49.2,46.5,37.8,22.3,46.7,43.4,43.8,43.6,0.73,0.33860759493670883,0.10759493670886075,2.0253164556962022,1.4240506329113924,4.30379746835443,1.1075949367088607,1.2658227848101264,4.018987341772152,0.8227848101265822,66.2,30.4,81.3,1.0,-3.1000000000000014,-1.0,2.200000000000003,-11.0,-4.300000000000001,-5.399999999999999,-0.007130700381418387,-0.0004482805780540028,-0.2435911073290078,0.684349689242786,-0.034532800461956725,32.59999999999999,1178.0,0.0,1.0,0.0,0.0,0.0,1.0,0.0,0.0,0.0,0.0,0.0,0.0,0.0,0.0,eeba07f8,2022,1,51.1
23.0,2353.0,69.5,55.1,54.7,23.9,25.6,36.2,45.9,41.0,0.81,0.08032299192520187,0.034424139396515084,1.2239694007649808,2.868678283042924,3.633659158521037,0.6119847003824904,3.136421589460263,1.7212069698257542,0.49723756906077343,78.49999999999999,49.2,68.8,0.0,,,,,,,,,,,,,,1.0,0.0,0.0,0.0,1.0,0.0,0.0,0.0,0.0,0.0,0.0,0.0,0.0,0.0,eef2d8ce,2022,0,
19.0,1658.0,46.1,63.8,79.4,38.8,37.7,47.8,57.0,52.4,1.03,0.021712907117008448,0.15741857659831124,2.1712907117008444,2.6598311218335344,5.156815440289506,1.0313630880579012,4.5054282267792525,1.411338962605549,0.9227985524728589,87.6,42.9,48.5,0.0,,,,,,,,,,,,,,1.0,0.0,0.0,0.0,1.0,0.0,0.0,0.0,0.0,0.0,0.0,0.0,0.0,0.0,f20e4cc9,2022,1,61.7
22.0,1701.0,57.0,53.4,43.2,23.4,57.5,46.5,48.6,47.6,0.35,0.16402116402116404,0.1322751322751323,1.957671957671958,3.544973544973545,4.656084656084657,0.7407407407407408,3.3862433862433865,3.597883597883598,0.7407407407407408,73.2,35.9,49.70000000000001,1.0,1.6000000000000014,-12.200000000000003,-11.399999999999999,-24.89999999999999,-0.3000000000000007,30.9,0.052738320126264504,0.10445442130140742,0.4275328541170893,-2.299093087346564,0.6237988927324323,30.80000000000001,1054.0,0.0,0.0,1.0,1.0,0.0,0.0,0.0,0.0,0.0,0.0,0.0,0.0,0.0,0.0,f230bc30,2022,0,
22.0,2054.0,79.1,67.2,86.5,21.7,10.7,55.3,69.2,62.2,0.8,0.2059396299902629,0.24537487828627066,4.294060370009737,3.9435248296007788,6.046738072054527,1.489776046738072,1.8841285296981498,4.469328140214216,2.4099318403115872,71.0,8.0,60.1,0.0,,,,,,,,,,,,,,0.0,0.0,1.0,1.0,0.0,0.0,0.0,0.0,0.0,0.0,0.0,0.0,0.0,0.0,f42d6c13,2022,1,54.8
21.0,2055.0,55.6,39.8,37.2,47.6,71.4,54.9,61.2,58.0,0.5,0.07007299270072993,0.021897810218978103,0.832116788321168,3.153284671532847,1.4890510948905111,0.17518248175182483,5.737226277372263,0.6569343065693432,0.26277372262773724,87.3,56.6,60.1,1.0,0.7999999999999972,-6.5,4.399999999999999,4.600000000000001,-9.299999999999997,4.900000000000006,-0.003661947058306206,0.017560460821387743,0.31163486061032464,0.27459326356520997,1.1147304546653771,-0.6000000000000014,-20.0,1.0,0.0,0.0,0.0,0.0,0.0,0.0,0.0,0.0,0.0,0.0,1.0,0.0,0.0,f4d296e4,2022,0,
20.0,1561.0,67.8,64.3,82.4,25.4,23.2,40.1,55.1,47.6,2.2,0.06342088404868675,0.1441383728379244,2.7098014093529788,2.4791800128122996,9.282511210762332,1.6143497757847534,4.324151185137732,2.5944907110826394,1.210762331838565,77.1,22.0,45.6,1.0,-4.399999999999999,-8.700000000000003,-1.2000000000000028,-8.199999999999989,-1.3000000000000007,-5.5,-0.007685210759439662,0.06287426448577994,0.27187815878864496,0.648199698346982,-0.2634836440725761,19.700000000000003,675.0,1.0,0.0,0.0,0.0,1.0,0.0,0.0,0.0,0.0,0.0,0.0,0.0,0.0,0.0,f4e433d4,2022,1,44.0
23.0,3084.0,68.7,50.2,55.5,43.7,63.9,59.4,61.9,60.6,0.26,0.49027237354085607,0.14299610894941636,2.3346303501945527,1.7801556420233464,2.4513618677042803,1.0797665369649805,1.4299610894941635,5.865758754863814,1.0214007782101167,72.0,45.3,90.2,1.0,10.5,0.4000000000000057,18.6,38.6,3.200000000000003,4.600000000000001,-0.020304549536067085,0.08241918587249328,0.776938042502245,1.3263618677042803,0.8282325651002694,59.800000000000004,2044.0,0.0,1.0,0.0,0.0,0.0,0.0,0.0,1.0,0.0,0.0,0.0,0.0,0.0,0.0,f586779e,2022,1,52.7
19.0,989.0,62.4,41.6,37.8,54.2,64.6,54.6,59.1,56.8,0.41,0.03640040444893832,0.06370070778564206,0.6370070778564206,3.0030333670374114,3.0030333670374114,0.1820020222446916,5.096056622851365,0.6370070778564206,0.3640040444893832,83.6,64.2,28.9,1.0,6.099999999999994,29.799999999999997,20.1,23.599999999999998,12.900000000000006,-5.400000000000006,0.01840040444893832,0.05470070778564206,0.45700707785642064,1.7430333670374114,0.7530333670374114,-0.3000000000000007,-11.0,1.0,0.0,0.0,0.0,0.0,0.0,0.0,0.0,0.0,0.0,0.0,1.0,0.0,0.0,f6b94e8d,2022,1,46.7
23.0,2282.0,80.6,51.6,66.3,53.1,56.9,66.8,70.4,68.6,1.69,0.670464504820333,0.14198071866783524,2.9973707274320773,1.5381244522348818,2.918492550394391,0.7887817703768625,1.8536371603856268,7.414548641542507,1.1437335670464506,74.8,39.3,66.7,1.0,-1.2000000000000028,-0.4000000000000057,-14.800000000000004,-3.6000000000000085,22.1,-3.8999999999999986,0.1925261994708602,-0.058331659309517364,0.1859689312587074,0.1422332766731884,-0.6407119397994796,-8.200000000000003,-279.0,0.0,1.0,0.0,0.0,0.0,0.0,0.0,1.0,0.0,0.0,0.0,0.0,0.0,0.0,f7036e1c,2022,1,63.2
21.0,2361.0,14.5,31.6,18.9,56.7,74.3,37.9,57.7,47.8,0.06,0.022871664548919948,0.01905972045743329,1.0292249047013977,3.4307496823379924,2.554002541296061,0.2668360864040661,3.697585768742058,0.4193138500635324,0.45743329097839897,82.4,53.8,69.0,1.0,3.5999999999999943,-22.299999999999997,-12.899999999999999,3.799999999999999,6.900000000000006,28.799999999999997,-0.008818476296150474,0.014532557479566088,0.8028667558080376,-1.0677278409977018,-0.05516581061975412,10.899999999999999,373.0,0.0,0.0,1.0,0.0,0.0,0.0,0.0,0.0,0.0,0.0,1.0,0.0,0.0,0.0,f7c12fbf,2022,1,33.2
21.0,1692.0,53.6,38.1,46.0,48.8,54.4,48.9,51.2,50.0,0.38,0.06382978723404255,0.03723404255319149,0.6914893617021276,1.702127659574468,2.3404255319148937,0.425531914893617,4.361702127659575,1.1170212765957446,0.3191489361702127,78.1,49.3,49.5,1.0,9.600000000000001,-3.6000000000000014,27.5,36.3,-10.400000000000006,12.0,-0.021190455680937206,0.03723404255319149,0.5700318718235851,1.4902231027650958,0.9733827203032129,27.8,951.0,1.0,0.0,0.0,0.0,0.0,0.0,0.0,0.0,0.0,0.0,0.0,1.0,0.0,0.0,f7c491f1,2022,1,61.0
20.0,2215.0,33.1,44.9,39.0,39.5,52.5,45.4,47.7,46.6,0.35,0.036568848758465014,0.004063205417607223,0.6094808126410836,3.291196388261851,3.5349887133182847,0.28442437923250563,4.144469525959368,0.5688487584650113,0.16252821670428894,75.4,56.7,64.8,1.0,-3.799999999999997,-14.600000000000001,-8.0,-3.0,-19.200000000000003,8.700000000000003,0.003389125256160863,-0.08718103421372919,0.028835651350760938,-1.0272232682485356,0.05617334678719654,33.099999999999994,1130.0,1.0,0.0,0.0,0.0,0.0,0.0,0.0,0.0,0.0,0.0,0.0,1.0,0.0,0.0,f7e2af2c,2022,1,48.3
21.0,2335.0,23.9,62.1,39.0,50.9,54.2,48.3,52.3,50.3,0.61,0.03854389721627409,0.0809421841541756,2.1970021413276233,5.28051391862955,4.625267665952891,1.3875802997858673,5.511777301927196,0.7323340471092078,0.9635974304068523,86.69999999999999,36.7,68.3,1.0,-6.100000000000001,-3.6000000000000014,-6.100000000000001,-15.899999999999999,2.5,-9.199999999999996,0.002768769447960631,-0.0008295364591123094,-0.20504215168770878,-0.17882092007777306,-2.2833702380995806,16.799999999999997,574.0,0.0,0.0,1.0,0.0,0.0,0.0,0.0,0.0,0.0,0.0,1.0,0.0,0.0,0.0,f81ef10d,2022,1,55.5
23.0,1288.0,35.9,54.2,62.3,25.7,48.7,44.8,49.0,46.9,1.59,0.020962732919254656,0.06288819875776397,1.3975155279503104,3.2841614906832297,4.192546583850931,0.9782608695652173,6.70807453416149,1.2577639751552794,0.8385093167701863,73.4,35.9,37.7,0.0,,,,,,,,,,,,,,1.0,0.0,0.0,0.0,1.0,0.0,0.0,0.0,0.0,0.0,0.0,0.0,0.0,0.0,f8342731,2022,0,
17.0,1837.0,40.3,38.6,33.5,23.2,24.6,35.3,35.6,35.4,1.35,0.32335329341317365,0.12738160043549265,1.9107240065323898,0.783886771910724,4.115405552531301,1.175830157866086,1.1268372346216657,3.91943385955362,0.6859009254218835,70.8,17.4,53.7,0.0,,,,,,,,,,,,,,0.0,1.0,0.0,0.0,0.0,1.0,0.0,0.0,0.0,0.0,0.0,0.0,0.0,0.0,f8405304,2022,1,52.95
18.0,1141.0,65.4,31.6,35.3,33.5,75.9,44.4,56.1,50.2,0.53,0.2287467134092901,0.10254163014899212,2.0508326029798423,2.1297107800175286,2.3663453111305874,1.26205083260298,4.41717791411043,1.8141980718667836,0.8676599474145487,78.9,50.0,37.3,0.0,,,,,,,,,,,,,,0.0,0.0,1.0,0.0,0.0,0.0,0.0,0.0,0.0,0.0,1.0,0.0,0.0,0.0,f86cd5df,2022,1,46.6
18.0,1414.0,74.9,63.6,68.2,19.7,18.2,35.5,50.2,42.8,2.93,0.07637906647807638,0.15912305516265912,1.5912305516265912,2.355021216407355,5.282885431400283,2.355021216407355,3.7553041018387554,3.691654879773692,0.8274398868458275,73.2,51.7,41.3,0.0,,,,,,,,,,,,,,1.0,0.0,0.0,0.0,1.0,0.0,0.0,0.0,0.0,0.0,0.0,0.0,0.0,0.0,f8ce97ca,2022,1,48.8
23.0,1704.0,67.4,37.8,46.4,10.0,41.0,38.9,46.6,42.8,0.51,0.2112676056338028,0.09507042253521127,2.27112676056338,2.0598591549295775,4.225352112676056,0.7922535211267605,3.3274647887323945,2.9049295774647885,1.0035211267605633,66.4,22.0,55.7,1.0,-8.300000000000004,-9.0,-13.800000000000004,-12.300000000000004,0.1999999999999993,5.200000000000003,-0.11288493673907851,-0.012980424922415856,-0.6526020529959422,-0.6687156839341135,-0.4189544043924567,9.400000000000006,288.0,0.0,0.0,1.0,1.0,0.0,0.0,0.0,0.0,0.0,0.0,0.0,0.0,0.0,0.0,f972644c,2022,0,
21.0,1621.0,48.9,39.7,44.7,27.3,54.2,41.8,41.2,41.5,0.65,0.08328192473781615,0.1665638494756323,1.7211597779148673,2.16533004318322,4.108574953732264,1.110425663170882,3.6088834053053667,2.2763726095003083,0.8328192473781616,76.1,51.6,47.4,1.0,-3.700000000000003,-11.0,-4.5,25.200000000000003,-10.099999999999998,-2.3999999999999986,-0.030773374801354378,0.06806154532816686,0.8916666903572635,-0.3499503918898563,-0.27130590151724077,-3.3999999999999915,-115.0,0.0,0.0,1.0,0.0,0.0,0.0,0.0,0.0,1.0,0.0,0.0,0.0,0.0,0.0,f9d5908e,2022,1,56.45
22.0,1129.0,57.9,31.2,45.2,24.5,31.8,36.8,42.8,39.8,0.75,0.15943312666076173,0.10363153232949514,1.6740478299379982,2.5509300265721877,3.108945969884854,0.5580159433126661,0.7971656333038087,3.108945969884854,0.9565987599645704,68.4,37.8,36.9,0.0,,,,,,,,,,,,,,0.0,0.0,1.0,1.0,0.0,0.0,0.0,0.0,0.0,0.0,0.0,0.0,0.0,0.0,f9f92b5f,2022,0,
23.0,1206.0,26.6,33.4,16.9,39.6,78.4,37.1,56.3,46.7,0.37,0.08955223880597014,0.03731343283582089,1.5671641791044775,3.3582089552238803,2.462686567164179,0.7462686567164178,3.955223880597015,1.1940298507462686,0.5223880597014925,75.1,53.1,35.3,1.0,-2.299999999999997,-6.299999999999997,-3.200000000000003,-1.9000000000000021,-13.199999999999996,7.1000000000000085,0.023708617406793184,0.024967753823475214,0.16798722437196734,-0.7883422394201833,-0.09858116823290963,-28.599999999999994,-981.0,0.0,0.0,1.0,0.0,0.0,0.0,0.0,0.0,0.0,0.0,1.0,0.0,0.0,0.0,faed84db,2022,0,
23.0,998.0,55.2,56.9,65.4,39.1,58.2,53.8,56.5,55.2,0.55,0.045090180360721446,0.09018036072144289,1.4428857715430863,3.6072144288577155,3.6072144288577155,0.36072144288577157,5.2304609218436875,1.4428857715430863,0.811623246492986,80.2,50.0,29.2,1.0,-1.1999999999999957,-16.700000000000003,-7.800000000000004,-21.099999999999994,7.100000000000001,14.0,-0.050561993552322035,0.0032238389823124602,-0.6440707501960441,-1.3058290494031537,-0.3927855711422845,-31.3,-1072.0,1.0,0.0,0.0,0.0,1.0,0.0,0.0,0.0,0.0,0.0,0.0,0.0,0.0,0.0,fb614c44,2022,1,47.0
20.0,1912.0,33.6,55.0,50.4,27.1,44.6,42.3,45.4,43.8,0.68,0.009414225941422594,0.07531380753138076,0.9414225941422595,3.436192468619247,2.8713389121338913,0.6589958158995817,4.142259414225942,0.9414225941422595,0.5177824267782427,80.3,43.5,55.9,1.0,-1.6000000000000014,-27.4,11.299999999999997,-18.000000000000007,3.900000000000002,0.10000000000000142,-0.018449551148360683,0.010298327655219777,-0.35888700338096025,-0.007918053810381132,0.8355732735728076,27.599999999999998,943.0,1.0,0.0,0.0,0.0,1.0,0.0,0.0,0.0,0.0,0.0,0.0,0.0,0.0,0.0,fc027d02,2022,1,38.6
21.0,3107.0,41.8,48.7,60.9,24.0,48.6,45.1,46.7,45.9,0.49,0.08400386224654006,0.15352429996781458,2.8097843579015125,2.056646282587705,5.76440296105568,2.172513678789829,3.9105246218216925,1.7669777920823944,1.3614419053749596,69.4,45.5,90.8,1.0,2.6000000000000014,1.8999999999999986,3.8000000000000043,-2.200000000000003,-0.6999999999999993,8.0,0.05174579773041103,-0.028293881850367242,0.4637433021830377,0.7204146912609586,-0.20141823354132704,1.0999999999999943,38.0,0.0,0.0,1.0,0.0,0.0,0.0,0.0,0.0,1.0,0.0,0.0,0.0,0.0,0.0,fc15fb84,2022,1,56.95
23.0,1832.0,90.6,74.5,91.0,27.4,34.4,64.8,77.6,71.2,0.09,0.25545851528384284,0.2898471615720524,4.274017467248909,3.5862445414847164,8.351528384279476,1.1790393013100438,3.733624454148472,3.537117903930131,2.0633187772925767,76.8,35.0,53.6,0.0,,,,,,,,,,,,,,0.0,0.0,1.0,1.0,0.0,0.0,0.0,0.0,0.0,0.0,0.0,0.0,0.0,0.0,fc46aab1,2022,1,61.4
22.0,1782.0,50.8,69.6,69.7,36.5,19.2,40.2,52.7,46.4,1.08,0.045454545454545456,0.0707070707070707,1.6161616161616161,3.8383838383838382,5.151515151515151,0.9090909090909091,2.8282828282828283,1.3636363636363635,0.7575757575757576,81.9,48.5,52.1,1.0,-2.700000000000003,10.5,2.1999999999999886,3.4000000000000057,4.399999999999999,-18.099999999999998,0.03273669335845502,0.015596378290678801,0.38676924687287384,-1.037839535248862,0.7013136546815302,-10.000000000000007,-341.0,1.0,0.0,0.0,0.0,1.0,0.0,0.0,0.0,0.0,0.0,0.0,0.0,0.0,0.0,fc4cf6a7,2022,1,45.3
21.0,2009.0,52.7,60.7,40.7,50.5,64.5,57.3,59.8,58.6,0.15,0.04479840716774514,0.035838725734196115,0.6719761075161772,2.9118964659034345,3.2254853160776507,0.6719761075161772,4.345445495271279,1.1647585863613739,0.22399203583872573,88.0,74.2,65.7,1.0,0.3999999999999986,-20.200000000000003,-5.099999999999994,-9.899999999999999,-1.5,7.799999999999997,-0.027647413265691402,-0.014316073027413799,-0.1082096509977547,-0.8426261390307093,-0.5432118932296928,18.5,394.0,1.0,0.0,0.0,0.0,0.0,0.0,0.0,0.0,0.0,0.0,0.0,1.0,0.0,0.0,fcb27134,2022,1,66.2
19.0,1192.0,66.9,38.8,83.1,9.8,63.1,49.7,48.5,49.1,0.03,0.0981543624161074,0.2038590604026846,3.171140939597316,2.4161073825503356,3.3976510067114094,1.2835570469798658,4.228187919463087,2.1140939597315436,1.661073825503356,60.3,32.7,39.0,1.0,13.800000000000004,42.50000000000001,-8.800000000000004,55.699999999999996,-14.899999999999999,0.20000000000000284,-0.024294617175729324,0.13388821492163502,1.5093333594223888,-0.3632819378950045,0.31698201811884896,5.399999999999999,163.0,0.0,0.0,1.0,0.0,0.0,0.0,0.0,0.0,1.0,0.0,0.0,0.0,0.0,0.0,fd53759d,2022,1,32.4
18.0,2129.0,42.9,48.7,46.8,39.3,63.4,47.8,53.3,50.6,0.05,0.11413809300140912,0.06341005166744951,2.3673085955847815,3.339596054485674,4.607797087834665,1.2682010333489901,4.396430248943166,0.7186472522310944,0.9300140911225928,83.2,57.6,62.29999999999999,1.0,-8.600000000000001,3.1000000000000014,-8.299999999999997,2.799999999999997,-12.0,-14.699999999999996,0.052030188359000085,0.03517918592089995,0.22176279884701477,-2.16761069133723,-0.6127251500312645,15.699999999999982,535.0,0.0,0.0,1.0,0.0,0.0,0.0,0.0,0.0,0.0,0.0,1.0,0.0,0.0,0.0,feb5d972,2022,1,59.0
22.0,1809.0,72.2,74.3,59.8,42.5,64.7,66.4,66.3,66.4,0.13,0.47263681592039797,0.1442786069651741,2.6368159203980097,2.288557213930348,5.621890547263681,1.044776119402985,1.3432835820895521,7.014925373134328,0.9950248756218905,81.6,39.6,52.9,1.0,7.800000000000004,-9.0,22.599999999999994,-7.799999999999997,8.899999999999999,23.1,0.14697892118355588,0.06730492275464779,-0.1460788164440956,0.6482063367373652,-0.1982848913328099,8.5,289.0,0.0,1.0,0.0,0.0,0.0,0.0,0.0,0.0,0.0,0.0,0.0,0.0,0.0,1.0,fed7cb61,2022,1,58.95
23.0,1770.0,71.5,76.4,88.6,33.1,14.9,41.9,60.2,51.0,1.04,0.07627118644067796,0.16271186440677965,2.389830508474576,3.1525423728813555,7.372881355932203,1.4745762711864405,2.7457627118644066,3.559322033898305,1.2203389830508473,81.1,59.29999999999999,51.8,1.0,-2.799999999999997,-8.0,6.0,8.5,7.800000000000001,-22.300000000000004,0.01483773934170185,0.035456866844614826,0.5029460618631669,0.7468452759712081,-0.13853515027807894,13.878498293515356,-281.0,1.0,0.0,0.0,0.0,1.0,0.0,0.0,0.0,0.0,0.0,0.0,0.0,0.0,0.0,ff800ed8,2022,1,41.8
20.0,2257.0,47.8,66.9,78.8,25.3,26.2,40.5,53.6,47.0,1.91,0.01993797075764289,0.07975188303057155,1.79441736818786,4.027470093043863,3.7483385024368627,1.1962782454585732,4.14709791758972,1.595037660611431,0.7576428887904297,75.1,26.100000000000005,66.0,1.0,-2.700000000000003,0.8999999999999986,0.5,-13.600000000000009,-2.8999999999999986,0.5,0.011157482952764839,-0.06073592184747724,-0.4885094610804326,-0.3784907658558203,-0.18716405329760022,38.79551219512195,1232.0,1.0,0.0,0.0,0.0,1.0,0.0,0.0,0.0,0.0,0.0,0.0,0.0,0.0,0.0,ffacd3d5,2022,0,
